po_number;line_item;material_id;supplier_id;plant;doc_type;is_intracompany_transfer;po_qty;po_uom;open_qty;received_qty_so_far;delivery_date;doc_date;created_on;created_by;company_code;purch_group;material_group
4500015431;10;6360044101;;1714;UB;true;2;EA;2;0;2026-01-09;2026-01-05;2026-01-05;PRANATP;1710;81;0001
4500015431;20;6360035302;;1714;UB;true;2;EA;2;0;2026-01-09;2026-01-05;2026-01-05;PRANATP;1710;81;0001
4500015463;30;9050096802;1000776;7101;NB;false;132912;EA;76536;56376;2026-06-01;2026-01-06;2026-01-06;CHENC;1710;198;5001
4500015463;40;9050096802;1000776;1712;NB;false;1200;EA;1200;0;2026-06-01;2026-01-06;2026-01-06;CHENC;1710;198;5001
4500015476;10;9050133701;1013876;1711;NB;false;8700;EA;9;8691;2026-04-17;2026-01-07;2026-01-07;WRENS;1710;71;5002
4500015486;10;6380000201;1012585;9999;NB;false;28080;EA;28080;0;2026-07-06;2026-01-08;2026-01-08;FITZSIC;1710;177;5002
4500015488;10;9050103104;1012603;1711;ZSC;false;22960;EA;2800;20160;2026-02-15;2026-01-08;2026-01-08;PRANATP;1710;81;1001
4500015489;10;9050130201;1012574;1711;NB;false;15000;EA;15000;0;2026-06-17;2026-01-08;2026-01-08;WRENS;1710;71;5003
4500015491;10;9050130301;1013563;1711;NB;false;50000;EA;50000;0;2026-05-29;2026-01-08;2026-01-08;WRENS;1710;71;7002
4500015492;10;6360044101;1000851;1711;NB;false;6000;EA;1000;5000;2026-01-09;2026-01-08;2026-01-08;GHULEM;1710;188;0001
4500015509;50;9050054310;1000776;1787;ZSC;false;5000;EA;5000;0;2026-05-08;2026-01-12;2026-01-12;ALLENC;1780;184;4001
4500015510;10;9050097002;1005413;7101;NB;false;25000;EA;25000;0;2026-05-04;2026-01-12;2026-01-12;ZOULM;1710;197;5002
4500015514;10;9050130901;1000776;1711;NB;false;19750;EA;3190;16560;2026-03-03;2026-01-12;2026-01-12;ANTONEC;1710;71;4001
4500015522;10;6350063301;1004443;9998;NB;false;8520;EA;8520;0;2026-02-27;2026-01-13;2026-01-13;CHENC;1110;198;0001
4500015524;10;9050092302;1000776;7101;NB;false;59920;EA;59920;0;2026-06-08;2026-01-13;2026-01-13;FITZSIC;1710;177;4001
4500015530;10;9050097702;1010516;7101;NB;false;350000;EA;350000;0;2026-07-11;2026-01-14;2026-01-14;CHENC;1710;198;1003
4500015538;20;6360043401;1000017;1711;NB;false;50000;EA;3000;47000;2026-03-02;2026-01-14;2026-01-14;PRANATP;1710;188;0001
4500015547;10;9050117603;;7814;UB;true;19104;EA;19104;0;2026-01-15;2026-01-15;2026-01-15;FARKASB;1780;194;6001
4500015555;10;9050098002;1010516;7101;NB;false;183000;EA;183000;0;2026-07-17;2026-01-15;2026-01-15;CHENC;1710;198;1003
4500015564;20;9050129710;1000776;7803;ZSC;false;20000;EA;20000;0;2026-07-20;2026-01-15;2026-01-16;ALLENC;1780;184;4001
4500015583;10;9050114301;;1711;UB;true;2;EA;2;0;2026-01-26;2026-01-20;2026-01-20;PRANATP;1710;81;1001
4500015588;10;9050110202;1003563;1722;ZSC;false;4320;EA;288;4032;2026-04-30;2026-01-20;2026-01-20;PRANATP;1710;81;1001
4500015601;10;9050089903;1003563;1722;ZSC;false;64800;EA;64800;0;2026-05-30;2026-01-21;2026-01-21;PRANATP;1710;81;1001
4500015602;10;9050089903;1003563;1722;ZSC;false;64800;EA;64800;0;2026-06-30;2026-01-21;2026-01-21;PRANATP;1710;81;1001
4500015603;10;9050089902;1003563;1722;ZSC;false;48600;EA;48600;0;2026-05-30;2026-01-21;2026-01-21;PRANATP;1710;81;1001
4500015604;10;9050089902;1003563;1722;ZSC;false;54000;EA;54000;0;2026-06-30;2026-01-21;2026-01-21;PRANATP;1710;81;1001
4500015606;10;9050089901;1003563;1722;ZSC;false;43200;EA;43200;0;2026-05-30;2026-01-21;2026-01-21;PRANATP;1710;81;1001
4500015607;10;9050089901;1003563;1722;ZSC;false;64800;EA;64800;0;2026-06-30;2026-01-21;2026-01-21;PRANATP;1710;81;1001
4500015634;10;9050089602;1010525;1711;NB;false;2640;EA;2640;0;2026-07-24;2026-01-23;2026-01-23;FITZSIC;1710;177;3001
4500015634;20;9050089602;1010525;1712;NB;false;1320;EA;1320;0;2026-07-24;2026-01-23;2026-01-23;FITZSIC;1710;177;3001
4500015634;30;9050089602;1010525;1714;NB;false;3960;EA;3960;0;2026-07-24;2026-01-23;2026-01-23;FITZSIC;1710;177;3001
4500015634;40;9050089602;1010525;7101;NB;false;33156;EA;33156;0;2026-07-24;2026-01-23;2026-01-23;FITZSIC;1710;177;3001
4500015635;10;9050091602;1010525;1711;NB;false;1920;EA;1920;0;2026-07-27;2026-01-23;2026-01-23;FITZSIC;1710;177;4001
4500015635;20;9050091602;1010525;1712;NB;false;960;EA;960;0;2026-07-27;2026-01-23;2026-01-23;FITZSIC;1710;177;4001
4500015635;30;9050091602;1010525;1714;NB;false;45220;EA;45220;0;2026-07-27;2026-01-23;2026-01-23;FITZSIC;1710;177;4001
4500015635;40;9050091602;1010525;7101;NB;false;84504;EA;84504;0;2026-07-27;2026-01-23;2026-01-23;FITZSIC;1710;177;4001
4500015636;10;9050091602;1010525;1711;NB;false;1920;EA;1920;0;2026-08-24;2026-01-23;2026-01-23;FITZSIC;1710;177;4001
4500015636;20;9050091602;1010525;1712;NB;false;960;EA;960;0;2026-08-24;2026-01-23;2026-01-23;FITZSIC;1710;177;4001
4500015636;30;9050091602;1010525;1714;NB;false;2880;EA;2880;0;2026-08-24;2026-01-23;2026-01-23;FITZSIC;1710;177;4001
4500015636;40;9050091602;1010525;7101;NB;false;126744;EA;126744;0;2026-08-24;2026-01-23;2026-01-23;FITZSIC;1710;177;4001
4500015637;10;9050111402;1010525;1114;NB;false;33126;EA;33126;0;2026-07-27;2026-01-23;2026-01-23;FITZSIC;1110;177;4001
4500015638;10;9050091702;1010525;1711;NB;false;1920;EA;1920;0;2026-05-18;2026-01-23;2026-01-23;FITZSIC;1710;177;4001
4500015638;20;9050091702;1010525;1712;NB;false;960;EA;960;0;2026-05-18;2026-01-23;2026-01-23;FITZSIC;1710;177;4001
4500015638;30;9050091702;1010525;1714;NB;false;2880;EA;2880;0;2026-05-18;2026-01-23;2026-01-23;FITZSIC;1710;177;4001
4500015638;40;9050091702;1010525;7101;NB;false;60492;EA;60492;0;2026-05-18;2026-01-23;2026-01-23;FITZSIC;1710;177;4001
4500015639;10;9050091702;1010525;1711;NB;false;1920;EA;1920;0;2026-08-17;2026-01-23;2026-01-23;FITZSIC;1710;177;4001
4500015639;20;9050091702;1010525;1712;NB;false;960;EA;960;0;2026-08-17;2026-01-23;2026-01-23;FITZSIC;1710;177;4001
4500015639;30;9050091702;1010525;1714;NB;false;2880;EA;2880;0;2026-08-17;2026-01-23;2026-01-23;FITZSIC;1710;177;4001
4500015639;40;9050091702;1010525;7101;NB;false;93618;EA;93618;0;2026-08-17;2026-01-23;2026-01-23;FITZSIC;1710;177;4001
4500015640;10;9050091702;1010525;1711;NB;false;1920;EA;1920;0;2026-09-21;2026-01-23;2026-01-23;FITZSIC;1710;177;4001
4500015640;20;9050091702;1010525;1712;NB;false;960;EA;960;0;2026-09-21;2026-01-23;2026-01-23;FITZSIC;1710;177;4001
4500015640;30;9050091702;1010525;1714;NB;false;2880;EA;2880;0;2026-09-21;2026-01-23;2026-01-23;FITZSIC;1710;177;4001
4500015640;40;9050091702;1010525;7101;NB;false;93618;EA;93618;0;2026-09-21;2026-01-23;2026-01-23;FITZSIC;1710;177;4001
4500015641;10;9050091802;1010525;1711;NB;false;1920;EA;1920;0;2026-08-24;2026-01-23;2026-01-23;FITZSIC;1710;177;4001
4500015641;20;9050091802;1010525;1712;NB;false;960;EA;960;0;2026-08-24;2026-01-23;2026-01-23;FITZSIC;1710;177;4001
4500015641;30;9050091802;1010525;1714;NB;false;2880;EA;2880;0;2026-08-24;2026-01-23;2026-01-23;FITZSIC;1710;177;4001
4500015641;40;9050091802;1010525;7101;NB;false;27366;EA;27366;0;2026-08-24;2026-01-23;2026-01-23;FITZSIC;1710;177;4001
4500015642;10;9050124901;1010525;1711;NB;false;1920;EA;1920;0;2026-07-08;2026-01-23;2026-01-23;FITZSIC;1710;177;4001
4500015642;20;9050124901;1010525;1712;NB;false;960;EA;960;0;2026-07-08;2026-01-23;2026-01-23;FITZSIC;1710;177;4001
4500015642;30;9050124901;1010525;1714;NB;false;2880;EA;2880;0;2026-07-08;2026-01-23;2026-01-23;FITZSIC;1710;177;4001
4500015642;40;9050124901;1010525;7101;NB;false;27366;EA;27366;0;2026-07-08;2026-01-23;2026-01-23;FITZSIC;1710;177;4001
4500015648;10;6350067301;1002282;7101;NB;false;45000;EA;2900;42100;2026-03-20;2026-01-23;2026-01-23;GHULEM;1710;188;0001
4500015650;10;6350067501;1002282;7101;NB;false;25200;EA;625;24575;2026-02-12;2026-01-23;2026-01-23;GHULEM;1710;188;0001
4500015650;20;6350067601;1002282;7101;NB;false;4200;EA;150;4050;2026-02-12;2026-01-23;2026-01-23;GHULEM;1710;188;0001
4500015651;10;6350067901;1003563;7101;NB;false;262000;EA;23600;238400;2026-03-25;2026-01-23;2026-01-23;GHULEM;1710;188;0001
4500015673;10;9200004601;1001040;9999;ZSC;false;18360;EA;18360;0;2026-05-20;2026-01-23;2026-01-23;PRANATP;1710;81;1001
4500015675;10;9200004604;1001040;9999;ZSC;false;12240;EA;12240;0;2026-05-20;2026-01-23;2026-01-23;PRANATP;1710;81;1001
4500015680;10;9200003201;1013720;1722;NB;false;48000;EA;48000;0;2026-05-10;2026-01-23;2026-01-23;PRANATP;1710;81;1001
4500015681;10;9200003202;1013720;1722;NB;false;64000;EA;64000;0;2026-05-10;2026-01-23;2026-01-23;PRANATP;1710;81;1001
4500015686;10;9050093102;1004863;7101;NB;false;145560;EA;110280;35280;2026-06-26;2026-01-24;2026-01-24;FITZSIC;1710;177;6001
4500015687;10;9050124801;1004863;7101;NB;false;72780;EA;72780;0;2026-06-26;2026-01-24;2026-01-24;FITZSIC;1710;177;6001
4500015695;10;9050013401;1000026;9999;NB;false;270000;EA;270000;0;2026-05-05;2026-01-26;2026-01-27;PRANATP;1710;188;1001
4500015696;10;9050013401;1000026;9998;NB;false;54000;EA;54000;0;2026-05-05;2026-01-26;2026-01-27;PRANATP;1110;188;1001
4500015697;10;9050013404;1000026;9999;NB;false;27000;EA;27000;0;2026-05-15;2026-01-26;2026-01-27;PRANATP;1710;188;1001
4500015707;10;9050013404;1000026;1113;NB;false;9000;EA;9000;0;2026-04-06;2026-01-26;2026-01-27;PRANATP;1110;188;1001
4500015712;10;9200002301;1000026;9999;NB;false;75000;EA;75000;0;2026-05-10;2026-01-26;2026-01-27;PRANATP;1710;188;1001
4500015741;40;9050059010;1010837;7803;ZSC;false;120000;EA;30768;89232;2026-05-01;2026-01-27;2026-01-27;FITZSIC;1780;177;6002
4500015741;50;9050059010;1010837;1787;ZSC;false;20000;EA;20000;0;2026-05-01;2026-01-27;2026-01-27;FITZSIC;1780;177;6002
4500015759;10;9050083203;1010837;1787;ZSC;false;15000;EA;15000;0;2026-04-24;2026-01-28;2026-01-29;ALLENC;1780;184;6001
4500015759;20;9050083202;1010837;1786;ZSC;false;15000;EA;15000;0;2026-04-24;2026-01-28;2026-01-29;ALLENC;1780;184;6001
4500015759;30;9050083210;1010837;1786;ZSC;false;15000;EA;15000;0;2026-04-24;2026-01-28;2026-01-29;ALLENC;1780;184;6001
4500015761;60;9050062405;1010837;1787;ZSC;false;15000;EA;15000;0;2026-07-06;2026-01-28;2026-01-29;ALLENC;1780;184;4001
4500015762;60;9050056210;1009986;1787;ZSC;false;10000;EA;10000;0;2026-04-24;2026-01-28;2026-01-29;ALLENC;1780;184;6002
4500015764;30;9050129710;1000776;7803;ZSC;false;15000;EA;15000;0;2026-07-20;2026-01-28;2026-01-29;ALLENC;1780;184;4001
4500015764;40;9050062405;1000776;1787;ZSC;false;20000;EA;20000;0;2026-07-03;2026-01-28;2026-01-29;ALLENC;1780;184;4001
4500015768;10;9050130201;1013991;1711;NB;false;35000;EA;35000;0;2026-08-15;2026-01-29;2026-01-29;ZOULM;1710;197;5003
4500015783;50;9050126201;1010091;1786;NB;false;20000;EA;20000;0;2026-05-08;2026-01-29;2026-01-29;TEST_PEOUM;1780;1;6002
4500015784;10;9050126502;1012603;1714;ZSC;false;2880;EA;2880;0;2026-03-30;2026-01-29;2026-01-29;PRANATP;1710;81;1001
4500015791;10;9150183301;1003563;1722;ZSC;false;56400;EA;56400;0;2026-07-01;2026-01-30;2026-01-30;PRANATP;1710;81;1001
4500015808;10;9050141501;1005413;7101;NB;false;9072;EA;9072;0;2026-06-30;2026-01-30;2026-01-30;ZOULM;1710;197;5002
4500015808;20;9050141501;1005413;1711;NB;false;11400;EA;11400;0;2026-06-30;2026-01-30;2026-01-30;ZOULM;1710;197;5002
4500015808;30;9050141501;1005413;1712;NB;false;4536;EA;4536;0;2026-06-30;2026-01-30;2026-01-30;ZOULM;1710;197;5002
4500015809;10;9050142802;1005413;1114;NB;false;12000;EA;12000;0;2026-06-10;2026-01-30;2026-01-30;ZOULM;1110;197;5002
4500015813;20;6350005801;1000019;9997;NB;false;45000;EA;45000;0;2026-03-31;2026-02-03;2026-02-03;ALLENC;1780;184;0001
4500015813;30;6350014304;1000019;9997;NB;false;25000;EA;25000;0;2026-03-31;2026-02-03;2026-02-03;ALLENC;1780;184;0001
4500015814;30;6350062710;1000019;9997;NB;false;35000;EA;35000;0;2026-03-31;2026-02-03;2026-02-03;ALLENC;1780;184;0001
4500015815;20;9050054304;1010837;7803;ZSC;false;8328;EA;8328;0;2026-05-04;2026-02-03;2026-02-03;ALLENC;1780;184;4001
4500015823;20;9050057001;1000776;1787;ZSC;false;15000;EA;15000;0;2026-06-05;2026-02-03;2026-02-03;ALLENC;1780;184;6002
4500015823;40;9050057003;1000776;1787;ZSC;false;20000;EA;20000;0;2026-06-05;2026-02-03;2026-02-03;ALLENC;1780;184;6002
4500015823;60;9050057005;1000776;1786;ZSC;false;5000;EA;5000;0;2026-06-05;2026-02-03;2026-02-03;ALLENC;1780;184;6002
4500015823;80;9050057010;1000776;1786;ZSC;false;10000;EA;10000;0;2026-06-05;2026-02-03;2026-02-03;ALLENC;1780;184;6002
4500015823;90;9050057010;1000776;1787;ZSC;false;15000;EA;15000;0;2026-06-05;2026-02-03;2026-02-03;ALLENC;1780;184;6002
4500015843;10;9050096402;1000776;7101;NB;false;150000;EA;150000;0;2026-06-24;2026-02-05;2026-02-05;CHENC;1710;198;1003
4500015843;20;9050096402;1000776;1714;NB;false;36000;EA;36000;0;2026-07-06;2026-02-05;2026-02-05;CHENC;1710;198;1003
4500015843;30;9050096402;1000776;1711;NB;false;9660;EA;9660;0;2026-07-06;2026-02-05;2026-02-05;CHENC;1710;198;1003
4500015843;40;9050096402;1000776;1712;NB;false;2364;EA;2364;0;2026-07-06;2026-02-05;2026-02-05;CHENC;1710;198;1003
4500015844;10;9050137401;1000776;7101;NB;false;120000;EA;120000;0;2026-07-13;2026-02-05;2026-02-05;CHENC;1710;198;1003
4500015844;20;9050137401;1000776;1714;NB;false;22000;EA;22000;0;2026-07-13;2026-02-05;2026-02-05;CHENC;1710;198;1003
4500015844;30;9050137401;1000776;1711;NB;false;7000;EA;7000;0;2026-07-13;2026-02-05;2026-02-05;CHENC;1710;198;1003
4500015844;40;9050137401;1000776;1712;NB;false;1000;EA;1000;0;2026-07-13;2026-02-05;2026-02-05;CHENC;1710;198;1003
4500015846;10;9050057002;1009986;1786;ZSC;false;15000;EA;15000;0;2026-04-24;2026-02-05;2026-02-05;ALLENC;1780;184;6002
4500015846;20;9050057003;1009986;1786;ZSC;false;10000;EA;10000;0;2026-04-24;2026-02-05;2026-02-05;ALLENC;1780;184;6002
4500015846;30;9050057003;1009986;1787;ZSC;false;5000;EA;5000;0;2026-04-24;2026-02-05;2026-02-05;ALLENC;1780;184;6002
4500015846;40;9050057004;1009986;1786;ZSC;false;5000;EA;5000;0;2026-04-24;2026-02-05;2026-02-05;ALLENC;1780;184;6002
4500015846;50;9050057004;1009986;1787;ZSC;false;10000;EA;10000;0;2026-04-24;2026-02-05;2026-02-05;ALLENC;1780;184;6002
4500015846;60;9050057009;1009986;1787;ZSC;false;15000;EA;15000;0;2026-04-24;2026-02-05;2026-02-05;ALLENC;1780;184;6002
4500015846;70;9050057010;1009986;1787;ZSC;false;15000;EA;15000;0;2026-04-24;2026-02-05;2026-02-05;ALLENC;1780;184;6002
4500015852;10;9050101701;1004830;7101;NB;false;10000;EA;10000;0;2026-07-01;2026-02-05;2026-02-05;CHENC;1710;198;3003
4500015853;10;9050137601;1000937;7101;ZSC;false;51372;EA;51372;0;2026-06-01;2026-02-05;2026-02-05;CHENC;1710;198;5002
4500015861;10;9050097802;1010516;1711;NB;false;25000;EA;25000;0;2026-07-17;2026-02-06;2026-02-06;CHENC;1710;198;1003
4500015862;10;9050097802;1010516;1712;NB;false;5000;EA;5000;0;2026-07-20;2026-02-06;2026-02-06;CHENC;1710;198;1003
4500015864;10;9050089301;1005413;7101;NB;false;60000;EA;60000;0;2026-10-12;2026-02-06;2026-02-06;ZOULM;1710;197;1003
4500015875;10;6360056801;1004968;1114;NB;false;100000;EA;89200;10800;2026-05-04;2026-02-10;2026-02-10;TAITB;1110;170;0001
4500015875;20;6360052101;1004968;1114;NB;false;100000;EA;100000;0;2026-05-04;2026-02-10;2026-02-10;TAITB;1110;170;0001
4500015885;10;9050113301;1003696;1114;NB;false;25000;EA;25000;0;2026-09-10;2026-02-10;2026-02-10;ZOULM;1110;197;1003
4500015900;10;9050096502;1000776;7101;NB;false;15456;EA;15456;0;2026-06-30;2026-02-11;2026-02-11;CHENC;1710;198;1003
4500015900;20;9050096502;1000776;1714;NB;false;9552;EA;9552;0;2026-06-30;2026-02-11;2026-02-11;CHENC;1710;198;1003
4500015901;10;9050141701;1010525;1114;NB;false;16560;EA;16560;0;2026-06-05;2026-02-12;2026-02-12;CHENC;1110;198;4001
4500015902;10;9050141801;1010525;1114;NB;false;16560;EA;16560;0;2026-07-08;2026-02-12;2026-02-12;CHENC;1110;198;4001
4500015903;10;9050089902;1003563;1722;ZSC;false;5328;EA;324;5004;2026-02-28;2026-02-12;2026-02-12;PRANATP;1710;81;1001
4500015915;20;9050059010;1010110;7816;ZSC;false;220000;EA;12712;207288;2026-05-04;2026-02-12;2026-02-12;FITZSIC;1780;177;6002
4500015926;10;9050099301;1003563;1722;ZSC;false;5400;EA;5400;0;2026-05-30;2026-02-12;2026-02-12;PRANATP;1710;81;1001
4500015927;10;9050099301;1003563;1722;ZSC;false;9720;EA;9720;0;2026-06-30;2026-02-12;2026-02-12;PRANATP;1710;81;1001
4500015928;10;9050099302;1003563;1722;ZSC;false;22680;EA;22680;0;2026-04-30;2026-02-12;2026-02-12;PRANATP;1710;81;1001
4500015929;10;9050099302;1003563;1722;ZSC;false;11880;EA;11880;0;2026-05-30;2026-02-12;2026-02-12;PRANATP;1710;81;1001
4500015930;10;9050099302;1003563;1722;ZSC;false;14040;EA;14040;0;2026-06-30;2026-02-12;2026-02-12;PRANATP;1710;81;1001
4500015932;10;9050099303;1003563;1722;ZSC;false;18360;EA;18360;0;2026-05-30;2026-02-12;2026-02-12;PRANATP;1710;81;1001
4500015933;10;9050099303;1003563;1722;ZSC;false;18360;EA;18360;0;2026-06-30;2026-02-12;2026-02-12;PRANATP;1710;81;1001
4500015939;10;9050099305;1003563;1722;ZSC;false;11880;EA;11880;0;2026-06-30;2026-02-12;2026-02-12;PRANATP;1710;81;1001
4500015940;10;9050099306;1003563;1722;ZSC;false;37440;EA;37440;0;2026-04-30;2026-02-12;2026-02-12;PRANATP;1710;81;1001
4500015941;10;9050099306;1003563;1722;ZSC;false;16848;EA;16848;0;2026-05-30;2026-02-12;2026-02-12;PRANATP;1710;81;1001
4500015942;10;9050099306;1003563;1722;ZSC;false;20592;EA;20592;0;2026-06-30;2026-02-12;2026-02-12;PRANATP;1710;81;1001
4500015950;10;9050093202;1004863;7101;NB;false;73344;EA;73344;0;2026-07-31;2026-02-13;2026-02-13;FITZSIC;1710;177;6002
4500015951;10;9050092902;1004863;7101;NB;false;218340;EA;218340;0;2026-07-31;2026-02-13;2026-02-13;FITZSIC;1710;177;6001
4500015952;10;9050093002;1004863;7101;NB;false;145560;EA;145560;0;2026-07-31;2026-02-13;2026-02-13;FITZSIC;1710;177;6001
4500015953;10;9050093102;1004863;7101;NB;false;72780;EA;72780;0;2026-07-31;2026-02-13;2026-02-13;FITZSIC;1710;177;6001
4500015954;10;9050024202;1000776;1714;NB;false;8000;EA;8000;0;2026-07-15;2026-02-13;2026-02-13;FITZSIC;1710;177;4001
4500015954;20;9050024202;1000776;1714;NB;false;2000;EA;2000;0;2026-07-15;2026-02-13;2026-02-13;FITZSIC;1710;177;4001
4500015955;10;9050051302;1000776;1714;NB;false;8000;EA;8000;0;2026-07-15;2026-02-13;2026-02-13;FITZSIC;1710;177;4001
4500015955;20;9050051302;1000776;1714;NB;false;2000;EA;2000;0;2026-07-15;2026-02-13;2026-02-13;FITZSIC;1710;177;4001
4500015956;10;9050024002;1000776;1714;NB;false;8000;EA;8000;0;2026-07-15;2026-02-13;2026-02-13;FITZSIC;1710;177;4001
4500015956;20;9050024002;1000776;1711;NB;false;2000;EA;2000;0;2026-07-15;2026-02-13;2026-02-13;FITZSIC;1710;177;4001
4500015968;50;9050059004;1010837;7803;ZSC;false;88768;EA;70000;18768;2026-05-30;2026-02-13;2026-02-13;FITZSIC;1780;177;6002
4500015968;70;9050109811;1010837;1786;ZSC;false;70000;EA;60160;9840;2026-05-30;2026-02-13;2026-02-13;FITZSIC;1780;177;6002
4500015968;80;9050109811;1010837;7803;ZSC;false;10000;EA;10000;0;2026-05-30;2026-02-13;2026-02-13;FITZSIC;1780;177;6002
4500015968;100;9050087811;1010837;7803;ZSC;false;10000;EA;888;9112;2026-05-30;2026-02-13;2026-02-13;FITZSIC;1780;177;6002
4500015968;110;9050134125;1010837;1786;ZSC;false;10000;EA;10000;0;2026-05-30;2026-02-13;2026-02-13;FITZSIC;1780;177;6001
4500015968;120;9050134227;1010837;7803;ZSC;false;24000;EA;24000;0;2026-05-30;2026-02-13;2026-02-13;FITZSIC;1780;177;6001
4500015969;40;9050064723;1002434;7803;ZSC;false;70800;EA;70800;0;2026-05-29;2026-02-13;2026-02-13;FITZSIC;1780;177;6002
4500015969;50;9050064725;1002434;7803;ZSC;false;9336;EA;9336;0;2026-05-29;2026-02-13;2026-02-13;FITZSIC;1780;177;6002
4500015969;60;9050064727;1002434;7803;ZSC;false;22320;EA;22320;0;2026-05-29;2026-02-13;2026-02-13;FITZSIC;1780;177;6002
4500015969;70;9050064723;1002434;1787;ZSC;false;11520;EA;11520;0;2026-05-29;2026-02-13;2026-02-13;FITZSIC;1780;177;6002
4500015969;80;9050064723;1002434;7817;ZSC;false;3840;EA;3840;0;2026-05-29;2026-02-13;2026-02-13;FITZSIC;1780;177;6002
4500015969;90;9050064723;1002434;7818;ZSC;false;3840;EA;3840;0;2026-05-29;2026-02-13;2026-02-13;FITZSIC;1780;177;6002
4500015969;110;9050064727;1002434;7817;ZSC;false;3840;EA;3840;0;2026-05-29;2026-02-13;2026-02-13;FITZSIC;1780;177;6002
4500015969;130;9050064727;1002434;1787;ZSC;false;3840;EA;3840;0;2026-05-29;2026-02-13;2026-02-13;FITZSIC;1780;177;6002
4500015969;140;9050064725;1002434;7817;ZSC;false;3840;EA;3840;0;2026-05-29;2026-02-13;2026-02-13;FITZSIC;1780;177;6002
4500015969;150;9050064725;1002434;7818;ZSC;false;3840;EA;3840;0;2026-05-29;2026-02-13;2026-02-13;FITZSIC;1780;177;6002
4500015969;170;9050064725;1002434;1787;ZSC;false;11520;EA;11520;0;2026-05-29;2026-02-13;2026-02-13;FITZSIC;1780;177;6002
4500015970;30;9050058308;1010091;1787;NB;false;25000;EA;25000;0;2026-06-29;2026-02-13;2026-02-13;TEST_PEOUM;1780;200;6002
4500015973;10;9050059006;1010837;1786;ZSC;false;10000;EA;10000;0;2026-05-30;2026-02-17;2026-02-17;FITZSIC;1780;177;6002
4500015988;10;9050088704;1003563;1722;ZSC;false;10752;EA;984;9768;2026-06-19;2026-02-17;2026-02-17;GHULEM;1710;188;1001
4500015992;10;9050111802;1003651;1114;NB;false;76500;EA;76500;0;2026-07-14;2026-02-17;2026-02-17;TEST_PEOUM;1110;200;1003
4500015993;10;9050112002;1003651;1114;NB;false;38250;EA;38250;0;2026-07-14;2026-02-17;2026-02-17;TEST_PEOUM;1110;200;1003
4500015994;10;9050111902;1003651;1114;NB;false;97386;EA;97386;0;2026-07-14;2026-02-17;2026-02-17;TEST_PEOUM;1110;200;1003
4500015996;10;9050087301;1000776;1714;NB;false;11000;EA;11000;0;2026-10-26;2026-02-17;2026-02-17;CHENC;1710;198;3003
4500015996;20;9050087301;1000776;7101;NB;false;37000;EA;37000;0;2026-10-26;2026-02-17;2026-02-17;CHENC;1710;198;3003
4500015996;30;9050087301;1000776;1711;NB;false;2000;EA;2000;0;2026-10-26;2026-02-17;2026-02-17;CHENC;1710;198;3003
4500015999;10;9050093401;1000776;1714;NB;false;49500;EA;49500;0;2026-07-20;2026-02-17;2026-02-17;CHENC;1710;198;3003
4500015999;20;9050093401;1000776;7101;NB;false;87300;EA;87300;0;2026-07-20;2026-02-17;2026-02-17;CHENC;1710;198;3003
4500015999;30;9050101401;1000776;7101;NB;false;5000;EA;5000;0;2026-07-20;2026-02-17;2026-02-17;CHENC;1710;198;3003
4500016004;10;9050124901;1010525;7101;NB;false;38412;EA;38412;0;2026-08-31;2026-02-17;2026-02-17;CHENC;1710;198;4001
4500016004;20;9050124901;1010525;1711;NB;false;9600;EA;9600;0;2026-08-31;2026-02-17;2026-02-17;CHENC;1710;198;4001
4500016004;30;9050124901;1010525;1712;NB;false;1920;EA;1920;0;2026-08-31;2026-02-17;2026-02-17;CHENC;1710;198;4001
4500016004;40;9050124901;1010525;1714;NB;false;16320;EA;16320;0;2026-08-31;2026-02-17;2026-02-17;CHENC;1710;198;4001
4500016007;10;9050059009;1010837;7803;ZSC;false;20000;EA;20000;0;2026-05-30;2026-02-17;2026-02-17;FITZSIC;1780;177;6002
4500016008;10;9050133911;1010837;7803;ZSC;false;43000;EA;43000;0;2026-05-29;2026-02-18;2026-02-18;FITZSIC;1780;177;6001
4500016008;20;9050133911;1010837;1786;ZSC;false;5000;EA;5000;0;2026-05-29;2026-02-18;2026-02-18;FITZSIC;1780;177;6001
4500016008;30;9050135031;1010837;7803;ZSC;false;43000;EA;43000;0;2026-05-29;2026-02-18;2026-02-18;FITZSIC;1780;177;6001
4500016008;40;9050135031;1010837;1786;ZSC;false;5000;EA;5000;0;2026-05-29;2026-02-18;2026-02-18;FITZSIC;1780;177;6001
4500016013;20;9050056202;1009986;1786;ZSC;false;9000;EA;9000;0;2026-05-15;2026-02-18;2026-02-18;ALLENC;1780;184;6002
4500016013;30;9050056202;1009986;7803;ZSC;false;1000;EA;1000;0;2026-05-15;2026-02-18;2026-02-18;ALLENC;1780;184;6002
4500016013;40;9050056202;1009986;1787;ZSC;false;5000;EA;5000;0;2026-05-15;2026-02-18;2026-02-18;ALLENC;1780;184;6002
4500016013;50;9050056203;1009986;1787;ZSC;false;10000;EA;10000;0;2026-05-15;2026-02-18;2026-02-18;ALLENC;1780;184;6002
4500016013;60;9050056204;1009986;1786;ZSC;false;10000;EA;10000;0;2026-05-15;2026-02-18;2026-02-18;ALLENC;1780;184;6002
4500016013;70;9050056210;1009986;1787;ZSC;false;15000;EA;15000;0;2026-05-15;2026-02-18;2026-02-18;ALLENC;1780;184;6002
4500016014;10;9050057002;1009986;1787;ZSC;false;10000;EA;10000;0;2026-05-15;2026-02-18;2026-02-18;ALLENC;1780;184;6002
4500016014;20;9050110011;1009986;1786;ZSC;false;10000;EA;10000;0;2026-05-15;2026-02-18;2026-02-18;ALLENC;1780;184;6002
4500016014;40;9050064825;1009986;1787;ZSC;false;10000;EA;10000;0;2026-05-15;2026-02-18;2026-02-18;ALLENC;1780;184;6002
4500016016;10;9050054201;1010837;7803;ZSC;false;56724;EA;56724;0;2026-07-27;2026-02-18;2026-02-18;ALLENC;1780;184;4001
4500016016;20;9050054202;1010837;7803;ZSC;false;63970;EA;63970;0;2026-07-27;2026-02-18;2026-02-18;ALLENC;1780;184;4001
4500016016;30;9050054203;1010837;7803;ZSC;false;30000;EA;30000;0;2026-07-20;2026-02-18;2026-02-18;ALLENC;1780;184;4001
4500016017;10;9050054102;1010837;1786;ZSC;false;15000;EA;15000;0;2026-07-27;2026-02-18;2026-02-18;ALLENC;1780;184;4001
4500016017;20;9050061603;1010837;1786;ZSC;false;15000;EA;15000;0;2026-07-20;2026-02-18;2026-02-18;ALLENC;1780;184;4001
4500016017;30;9050061704;1010837;1786;ZSC;false;15000;EA;15000;0;2026-07-27;2026-02-18;2026-02-18;ALLENC;1780;184;4001
4500016017;50;9050083201;1010837;1786;ZSC;false;10000;EA;10000;0;2026-05-29;2026-02-18;2026-02-18;ALLENC;1780;184;6001
4500016018;10;9050061501;1010837;1787;ZSC;false;50000;EA;50000;0;2026-07-27;2026-02-18;2026-02-18;ALLENC;1780;184;4001
4500016018;20;9050054102;1010837;1787;ZSC;false;30000;EA;30000;0;2026-07-27;2026-02-18;2026-02-18;ALLENC;1780;184;4001
4500016018;30;9050061603;1010837;1787;ZSC;false;60000;EA;60000;0;2026-07-27;2026-02-18;2026-02-18;ALLENC;1780;184;4001
4500016018;50;9050062405;1010837;1787;ZSC;false;15000;EA;15000;0;2026-07-27;2026-02-18;2026-02-18;ALLENC;1780;184;4001
4500016018;80;9050083201;1010837;1787;ZSC;false;5000;EA;5000;0;2026-05-15;2026-02-18;2026-02-18;ALLENC;1780;184;6001
4500016018;90;9050083210;1010837;1787;ZSC;false;15000;EA;15000;0;2026-05-15;2026-02-18;2026-02-18;ALLENC;1780;184;6001
4500016020;90;6350007724;1000019;9997;NB;false;25000;EA;6458;18542;2026-04-15;2026-02-18;2026-02-18;ALLENC;1780;184;0001
4500016025;10;9200001301;1000026;9999;NB;false;54000;EA;54000;0;2026-06-16;2026-02-18;2026-02-18;GHULEM;1710;188;1001
4500016026;10;9050097102;1004803;7101;NB;false;25000;EA;25000;0;2026-06-29;2026-02-18;2026-02-18;ZOULM;1710;197;5002
4500016034;10;9050088703;1009089;7101;ZSC;false;20160;EA;20160;0;2026-06-22;2026-02-19;2026-02-19;GHULEM;1710;188;1001
4500016039;10;9050013401;1000026;9999;NB;false;486000;EA;486000;0;2026-05-30;2026-02-19;2026-02-19;PRANATP;1710;188;1001
4500016041;10;9050013404;1000026;9999;NB;false;45000;EA;45000;0;2026-06-15;2026-02-19;2026-02-19;PRANATP;1710;188;1001
4500016042;10;9050013404;1000026;9998;NB;false;27000;EA;27000;0;2026-06-15;2026-02-19;2026-02-19;PRANATP;1110;188;1001
4500016049;10;9050013404;1000026;1721;NB;false;630000;EA;72000;558000;2026-06-20;2026-02-19;2026-02-19;PRANATP;1710;188;1001
4500016069;10;6350066101;1012585;9999;NB;false;26000;EA;26000;0;2026-09-04;2026-02-19;2026-02-19;FITZSIC;1710;177;0001
4500016074;10;9050067911;1001040;7101;ZSC;false;9360;EA;9360;0;2026-06-22;2026-02-20;2026-02-20;GHULEM;1710;188;1001
4500016075;10;9050115901;1012634;1711;ZSC;false;19000;EA;19000;0;2026-06-26;2026-02-20;2026-02-20;FITZSIC;1710;177;5003
4500016076;10;6350047701;1009321;9999;NB;false;25000;EA;25000;0;2026-05-29;2026-02-20;2026-02-20;FITZSIC;1710;177;0001
4500016080;10;9050033019;1001040;7101;ZSC;false;2808;EA;2808;0;2026-06-22;2026-02-20;2026-02-20;GHULEM;1710;188;1001
4500016100;10;9050099301;1001040;7101;ZSC;false;17280;EA;17280;0;2026-06-30;2026-02-23;2026-02-23;PRANATP;1710;81;1001
4500016101;10;9050099302;1001040;7101;ZSC;false;51840;EA;51840;0;2026-06-30;2026-02-23;2026-02-23;PRANATP;1710;81;1001
4500016102;10;9050099303;1001040;7101;ZSC;false;39960;EA;39960;0;2026-06-30;2026-02-23;2026-02-23;PRANATP;1710;81;1001
4500016103;10;9050099304;1001040;7101;ZSC;false;29160;EA;29160;0;2026-07-05;2026-02-23;2026-02-23;PRANATP;1710;81;1001
4500016104;10;9050099305;1001040;7101;ZSC;false;34560;EA;34560;0;2026-06-20;2026-02-23;2026-02-23;PRANATP;1710;81;1001
4500016105;10;9050099306;1001040;7101;ZSC;false;87048;EA;87048;0;2026-07-30;2026-02-23;2026-02-23;PRANATP;1710;81;1001
4500016106;10;9050099401;1001040;7101;ZSC;false;7560;EA;7560;0;2026-06-15;2026-02-23;2026-02-23;PRANATP;1710;81;1001
4500016107;10;9050099402;1001040;7101;ZSC;false;43992;EA;43992;0;2026-06-15;2026-02-23;2026-02-23;PRANATP;1710;81;1001
4500016108;10;9050109001;1001040;1714;ZSC;false;4320;EA;4320;0;2026-07-10;2026-02-23;2026-02-23;PRANATP;1710;81;1001
4500016109;10;9050109101;1001040;1714;ZSC;false;25920;EA;25920;0;2026-07-10;2026-02-23;2026-02-23;PRANATP;1710;81;1001
4500016114;10;9050116501;1001040;1714;NB;false;51000;EA;51000;0;2026-06-15;2026-02-23;2026-02-23;PRANATP;1710;81;1005
4500016117;10;9050109001;1001040;1114;ZSC;false;4320;EA;4320;0;2026-07-10;2026-02-23;2026-02-23;PRANATP;1110;81;1001
4500016118;10;9050114701;1001040;1114;ZSC;false;5400;EA;5400;0;2026-07-10;2026-02-23;2026-02-23;PRANATP;1110;81;1001
4500016119;10;9050115001;1001040;1114;ZSC;false;6750;EA;6750;0;2026-07-10;2026-02-23;2026-02-23;PRANATP;1110;81;1001
4500016120;10;9200004701;1001040;9999;ZSC;false;48960;EA;48960;0;2026-06-15;2026-02-23;2026-02-23;PRANATP;1710;81;1001
4500016121;10;9200004702;1001040;9999;ZSC;false;48960;EA;48960;0;2026-06-15;2026-02-23;2026-02-23;PRANATP;1710;81;1001
4500016122;10;9200004704;1001040;9999;ZSC;false;30600;EA;30600;0;2026-06-25;2026-02-23;2026-02-23;PRANATP;1710;81;1001
4500016123;10;9200004701;1001040;1722;ZSC;false;79560;EA;79560;0;2026-06-15;2026-02-23;2026-02-23;PRANATP;1710;81;1001
4500016124;10;9200004702;1001040;1722;ZSC;false;153000;EA;153000;0;2026-07-05;2026-02-23;2026-02-23;PRANATP;1710;81;1001
4500016130;10;9200003201;1013720;1734;NB;false;64000;EA;64000;0;2026-06-30;2026-02-23;2026-02-23;PRANATP;1710;81;1001
4500016138;10;9200003903;1009089;1722;ZSC;false;12000;EA;12000;0;2026-06-15;2026-02-23;2026-02-23;GHULEM;1710;188;1001
4500016158;10;9200002701;1009011;1722;NB;false;187200;EA;187200;0;2026-06-01;2026-02-24;2026-02-24;GHULEM;1710;188;1001
4500016159;10;9050099801;1012603;1711;ZSC;false;14400;EA;9720;4680;2026-04-30;2026-02-24;2026-02-24;PRANATP;1710;81;1001
4500016160;10;9050099801;1012603;1712;ZSC;false;2880;EA;2880;0;2026-04-30;2026-02-24;2026-02-24;PRANATP;1710;81;1001
4500016161;10;9050099801;1012603;1714;ZSC;false;8640;EA;8640;0;2026-04-30;2026-02-24;2026-02-24;PRANATP;1710;81;1001
4500016162;10;9050099802;1012603;1711;ZSC;false;5760;EA;5760;0;2026-04-30;2026-02-24;2026-02-24;PRANATP;1710;81;1001
4500016169;10;9200000201;1005551;9999;NB;false;140000;EA;140000;0;2026-06-22;2026-02-25;2026-02-25;GHULEM;1710;188;1001
4500016170;10;9200000201;1005551;9999;NB;false;84000;EA;84000;0;2026-05-26;2026-02-25;2026-02-25;GHULEM;1710;188;1001
4500016174;10;9050091902;1010525;1711;NB;false;5760;EA;5760;0;2026-07-30;2026-02-25;2026-02-25;CHENC;1710;198;4001
4500016174;20;9050091902;1010525;1712;NB;false;960;EA;960;0;2026-07-30;2026-02-25;2026-02-25;CHENC;1710;198;4001
4500016174;30;9050091902;1010525;1714;NB;false;16320;EA;16320;0;2026-07-30;2026-02-25;2026-02-25;CHENC;1710;198;4001
4500016174;40;9050091902;1010525;7101;NB;false;10086;EA;10086;0;2026-07-30;2026-02-25;2026-02-25;CHENC;1710;198;4001
4500016175;10;9050059001;1010837;7803;ZSC;false;20000;EA;20000;0;2026-05-29;2026-02-25;2026-02-25;FITZSIC;1780;177;6002
4500016175;20;9050059001;1010837;1786;ZSC;false;20000;EA;10856;9144;2026-05-29;2026-02-25;2026-02-25;FITZSIC;1780;177;6002
4500016175;30;9050059001;1010837;1787;ZSC;false;20000;EA;13520;6480;2026-05-29;2026-02-25;2026-02-25;FITZSIC;1780;177;6002
4500016175;90;9050059006;1010837;1787;ZSC;false;15000;EA;15000;0;2026-05-29;2026-02-25;2026-02-25;FITZSIC;1780;177;6002
4500016175;100;9050059009;1010837;1787;ZSC;false;10000;EA;10000;0;2026-05-29;2026-02-25;2026-02-25;FITZSIC;1780;177;6002
4500016175;110;9050059010;1010837;1787;ZSC;false;30000;EA;30000;0;2026-05-29;2026-02-25;2026-02-25;FITZSIC;1780;177;6002
4500016175;120;9050109811;1010837;7803;ZSC;false;30000;EA;30000;0;2026-05-29;2026-02-25;2026-02-25;FITZSIC;1780;177;6002
4500016175;150;9050064724;1010837;1787;ZSC;false;17304;EA;17304;0;2026-05-29;2026-02-25;2026-02-25;FITZSIC;1780;177;6002
4500016189;10;9050132501;1000776;1711;NB;false;8244;EA;72;8172;2026-04-07;2026-03-02;2026-03-02;ZOULM;1710;197;4001
4500016199;10;9050141901;1013991;1711;NB;false;30000;EA;30000;0;2026-06-19;2026-03-02;2026-03-02;ZOULM;1710;197;4001
4500016199;20;9050141901;1013991;1711;NB;false;20000;EA;20000;0;2026-07-30;2026-03-02;2026-03-02;ZOULM;1710;197;4001
4500016213;10;9150197601;1003563;1721;ZSC;false;374400;EA;299520;74880;2026-04-27;2026-03-04;2026-03-04;PRANATP;1710;81;1001
4500016214;10;9150197601;1003563;1722;ZSC;false;345600;EA;235440;110160;2026-04-27;2026-03-04;2026-03-04;PRANATP;1710;81;1001
4500016223;90;6350064523;1011162;9997;NB;false;33120;EA;33120;0;2026-04-27;2026-03-05;2026-03-05;FITZSIC;1780;177;0001
4500016246;10;9050140101;1009986;7101;NB;false;19600;EA;19600;0;2026-07-30;2026-03-10;2026-03-10;CHENC;1710;198;5001
4500016246;20;9050140101;1009986;1711;NB;false;2240;EA;2240;0;2026-07-30;2026-03-10;2026-03-10;CHENC;1710;198;5001
4500016246;30;9050140101;1009986;1712;NB;false;560;EA;560;0;2026-07-30;2026-03-10;2026-03-10;CHENC;1710;198;5001
4500016246;40;9050140101;1009986;1714;NB;false;2240;EA;2240;0;2026-07-30;2026-03-10;2026-03-10;CHENC;1710;198;5001
4500016247;10;9050140101;1009986;1114;NB;false;6160;EA;6160;0;2026-09-01;2026-03-10;2026-03-10;CHENC;1110;198;5001
4500016248;20;9050140201;1009986;1712;NB;false;600;EA;600;0;2026-07-28;2026-03-10;2026-03-10;CHENC;1710;198;5001
4500016248;30;9050140201;1009986;1711;NB;false;3000;EA;3000;0;2026-07-28;2026-03-10;2026-03-10;CHENC;1710;198;5001
4500016248;40;9050140201;1009986;7101;NB;false;26400;EA;26400;0;2026-07-28;2026-03-10;2026-03-10;CHENC;1710;198;5001
4500016249;10;9050109701;1012574;1711;NB;false;150000;EA;150000;0;2026-07-27;2026-03-10;2026-03-10;ZOULM;1710;197;5003
4500016259;10;9050136601;1012574;1722;NB;false;40000;EA;40000;0;2026-06-10;2026-03-10;2026-03-10;ZOULM;1710;197;4001
4500016260;50;6350002299;1011162;9997;NB;false;140760;EA;140760;0;2026-05-01;2026-03-10;2026-03-10;FITZSIC;1780;177;0001
4500016261;10;6350074401;1011162;9997;NB;false;86940;EA;4140;82800;2026-05-29;2026-03-10;2026-03-10;FITZSIC;1780;177;0001
4500016266;10;9050143001;1013991;1722;NB;false;20000;EA;20000;0;2026-05-27;2026-03-11;2026-03-11;ZOULM;1710;197;4001
4500016267;10;9050143101;1013991;1722;NB;false;20000;EA;20000;0;2026-05-27;2026-03-11;2026-03-11;ZOULM;1710;197;4001
4500016268;10;9050143201;1013991;1722;NB;false;20000;EA;20000;0;2026-05-27;2026-03-11;2026-03-11;ZOULM;1710;197;4001
4500016271;20;6350074701;1013036;9997;NB;false;64800;EA;64800;0;2026-05-29;2026-03-11;2026-03-11;TEST_PEOUM;1780;200;0001
4500016271;30;6350074601;1013036;9997;NB;false;64800;EA;64800;0;2026-05-29;2026-03-11;2026-03-11;TEST_PEOUM;1780;200;0001
4500016271;40;6350074501;1013036;9997;NB;false;30600;EA;30600;0;2026-05-29;2026-03-11;2026-03-11;TEST_PEOUM;1780;200;0001
4500016272;10;9050089002;1003651;1113;NB;false;25000;EA;25000;0;2026-06-30;2026-03-11;2026-03-11;TEST_PEOUM;1110;200;1003
4500016278;10;9050135101;1000776;1714;NB;false;10000;EA;10000;0;2026-07-07;2026-03-12;2026-03-12;CHENC;1710;198;3001
4500016301;10;9050046902;1009066;7101;NB;false;100000;EA;100000;0;2026-08-10;2026-03-13;2026-03-13;ZOULM;1710;197;2002
4500016313;10;9050136427;1002434;7803;NB;false;50000;EA;50000;0;2026-05-25;2026-03-16;2026-03-16;FITZSIC;1780;177;6002
4500016315;10;9050111101;1000776;7101;NB;false;25000;EA;25000;0;2026-07-16;2026-03-16;2026-03-16;CHENC;1710;198;1003
4500016320;60;9050108001;;1711;UB;true;180;EA;180;0;2026-03-16;2026-03-16;2026-03-16;FITZSIC;1710;177;1001
4500016323;10;9050092903;1004863;1714;NB;false;60648;EA;60648;0;2026-06-28;2026-03-17;2026-03-17;FITZSIC;1710;177;6001
4500016324;10;9050093102;1004863;7101;NB;false;36384;EA;36384;0;2026-07-31;2026-03-17;2026-03-17;FITZSIC;1710;177;6001
4500016325;20;9050093103;1004863;1714;NB;false;24260;EA;24260;0;2026-07-31;2026-03-17;2026-03-17;FITZSIC;1710;177;6001
4500016326;10;9050092903;1004863;1714;NB;false;36390;EA;36390;0;2026-09-04;2026-03-17;2026-03-17;FITZSIC;1710;177;6001
4500016327;10;9050092902;1004863;7101;NB;false;242598;EA;242598;0;2026-09-04;2026-03-17;2026-03-17;FITZSIC;1710;177;6001
4500016328;10;9050093103;1004863;1714;NB;false;48520;EA;48520;0;2026-09-04;2026-03-17;2026-03-17;FITZSIC;1710;177;6001
4500016329;10;9050093102;1004863;7101;NB;false;230468;EA;230468;0;2026-09-04;2026-03-17;2026-03-17;FITZSIC;1710;177;6001
4500016330;10;9050093002;1004863;7101;NB;false;145560;EA;145560;0;2026-09-04;2026-03-17;2026-03-17;FITZSIC;1710;177;6001
4500016331;10;9050093302;1004863;7101;NB;false;73344;EA;73344;0;2026-08-31;2026-03-17;2026-03-17;FITZSIC;1710;177;6002
4500016335;10;9050054201;1010837;7803;ZSC;false;30000;EA;30000;0;2026-08-10;2026-03-17;2026-03-17;ALLENC;1780;184;4001
4500016335;20;9050054202;1010837;7803;ZSC;false;25000;EA;25000;0;2026-08-10;2026-03-17;2026-03-17;ALLENC;1780;184;4001
4500016335;30;9050054203;1010837;7803;ZSC;false;70000;EA;70000;0;2026-08-10;2026-03-17;2026-03-17;ALLENC;1780;184;4001
4500016336;10;9050056201;1009986;7803;ZSC;false;1000;EA;1000;0;2026-06-30;2026-03-17;2026-03-17;ALLENC;1780;184;6002
4500016336;20;9050056201;1009986;1787;ZSC;false;9000;EA;9000;0;2026-06-30;2026-03-17;2026-03-17;ALLENC;1780;184;6002
4500016336;30;9050056203;1009986;1787;ZSC;false;15000;EA;15000;0;2026-06-30;2026-03-17;2026-03-17;ALLENC;1780;184;6002
4500016336;40;9050056204;1009986;7803;ZSC;false;10000;EA;10000;0;2026-06-30;2026-03-17;2026-03-17;ALLENC;1780;184;6002
4500016336;50;9050056209;1009986;1787;ZSC;false;10000;EA;10000;0;2026-06-30;2026-03-17;2026-03-17;ALLENC;1780;184;6002
4500016336;60;9050056210;1009986;1786;ZSC;false;5000;EA;5000;0;2026-06-30;2026-03-17;2026-03-17;ALLENC;1780;184;6002
4500016336;70;9050056210;1009986;7803;ZSC;false;20000;EA;20000;0;2026-06-30;2026-03-17;2026-03-17;ALLENC;1780;184;6002
4500016336;80;9050110011;1009986;1787;ZSC;false;10000;EA;10000;0;2026-06-30;2026-03-17;2026-03-17;ALLENC;1780;184;6002
4500016336;90;9050056010;1009986;7803;ZSC;false;20000;EA;20000;0;2026-06-30;2026-03-17;2026-03-17;ALLENC;1780;184;6002
4500016337;10;9050054102;1010837;1787;ZSC;false;15000;EA;15000;0;2026-08-10;2026-03-17;2026-03-17;ALLENC;1780;184;4001
4500016338;10;9050083210;1010837;1787;ZSC;false;15000;EA;15000;0;2026-06-26;2026-03-17;2026-03-17;ALLENC;1780;184;6001
4500016339;10;9050057001;1000776;1787;ZSC;false;20000;EA;20000;0;2026-08-07;2026-03-17;2026-03-17;ALLENC;1780;184;6002
4500016339;20;9050057004;1000776;7803;ZSC;false;1000;EA;1000;0;2026-08-07;2026-03-17;2026-03-17;ALLENC;1780;184;6002
4500016339;30;9050057004;1000776;1787;ZSC;false;14000;EA;14000;0;2026-08-07;2026-03-17;2026-03-17;ALLENC;1780;184;6002
4500016339;40;9050057005;1000776;1786;ZSC;false;5000;EA;5000;0;2026-08-07;2026-03-17;2026-03-17;ALLENC;1780;184;6002
4500016339;50;9050057005;1000776;1787;ZSC;false;10000;EA;10000;0;2026-08-07;2026-03-17;2026-03-17;ALLENC;1780;184;6002
4500016339;60;9050057010;1000776;1787;ZSC;false;15000;EA;15000;0;2026-08-07;2026-03-17;2026-03-17;ALLENC;1780;184;6002
4500016340;10;9050073903;1002434;1787;NB;false;25000;EA;25000;0;2026-06-26;2026-03-17;2026-03-17;ALLENC;1780;184;4001
4500016347;10;9050068701;1005970;7101;ZSC;false;181440;EA;7776;173664;2026-06-05;2026-03-17;2026-03-17;GHULEM;1710;188;1001
4500016349;10;9050096802;1000776;1711;NB;false;15000;EA;15000;0;2026-08-24;2026-03-17;2026-03-17;CHENC;1710;198;5001
4500016349;20;9050096802;1000776;1714;NB;false;25000;EA;25000;0;2026-08-24;2026-03-17;2026-03-17;CHENC;1710;198;5001
4500016349;30;9050096802;1000776;7101;NB;false;110000;EA;110000;0;2026-08-24;2026-03-17;2026-03-17;CHENC;1710;198;5001
4500016350;10;9050137401;1000776;1711;NB;false;7000;EA;7000;0;2026-09-07;2026-03-17;2026-03-17;CHENC;1710;198;1003
4500016350;20;9050137401;1000776;1712;NB;false;1000;EA;1000;0;2026-09-07;2026-03-17;2026-03-17;CHENC;1710;198;1003
4500016350;30;9050137401;1000776;1714;NB;false;32000;EA;32000;0;2026-09-07;2026-03-17;2026-03-17;CHENC;1710;198;1003
4500016350;40;9050137401;1000776;7101;NB;false;110000;EA;110000;0;2026-09-07;2026-03-17;2026-03-17;CHENC;1710;198;1003
4500016351;10;9050093401;1000776;1711;NB;false;1200;EA;1200;0;2026-09-07;2026-03-17;2026-03-17;CHENC;1710;198;3003
4500016351;20;9050093401;1000776;1712;NB;false;600;EA;600;0;2026-09-07;2026-03-17;2026-03-17;CHENC;1710;198;3003
4500016351;30;9050093401;1000776;1714;NB;false;30000;EA;30000;0;2026-09-07;2026-03-17;2026-03-17;CHENC;1710;198;3003
4500016351;40;9050093401;1000776;7101;NB;false;55000;EA;55000;0;2026-09-07;2026-03-17;2026-03-17;CHENC;1710;198;3003
4500016352;10;9050089502;1010525;1711;NB;false;2640;EA;2640;0;2026-08-24;2026-03-17;2026-03-17;CHENC;1710;198;3001
4500016352;20;9050089502;1010525;1714;NB;false;13200;EA;13200;0;2026-08-24;2026-03-17;2026-03-17;CHENC;1710;198;3001
4500016352;30;9050089502;1010525;7101;NB;false;25236;EA;25236;0;2026-08-24;2026-03-17;2026-03-17;CHENC;1710;198;3001
4500016353;10;9050092702;1010525;1711;NB;false;1320;EA;1320;0;2026-08-17;2026-03-17;2026-03-17;CHENC;1710;198;3004
4500016353;20;9050092702;1010525;1714;NB;false;26400;EA;26400;0;2026-08-17;2026-03-17;2026-03-17;CHENC;1710;198;3004
4500016353;30;9050092702;1010525;7101;NB;false;13356;EA;13356;0;2026-08-17;2026-03-17;2026-03-17;CHENC;1710;198;3004
4500016354;10;9050091802;1010525;1711;NB;false;3840;EA;3840;0;2026-08-17;2026-03-17;2026-03-17;CHENC;1710;198;4001
4500016354;20;9050091802;1010525;1712;NB;false;960;EA;960;0;2026-08-17;2026-03-17;2026-03-17;CHENC;1710;198;4001
4500016354;30;9050091802;1010525;1714;NB;false;18240;EA;18240;0;2026-08-17;2026-03-17;2026-03-17;CHENC;1710;198;4001
4500016354;40;9050091802;1010525;7101;NB;false;10086;EA;10086;0;2026-08-17;2026-03-17;2026-03-17;CHENC;1710;198;4001
4500016363;10;6350034501;1000019;9997;NB;false;35000;EA;35000;0;2026-05-25;2026-03-17;2026-03-17;ALLENC;1780;184;0001
4500016363;20;6350034602;1000019;9997;NB;false;30000;EA;30000;0;2026-05-25;2026-03-17;2026-03-17;ALLENC;1780;184;0001
4500016363;30;6350034703;1000019;9997;NB;false;75000;EA;75000;0;2026-05-25;2026-03-17;2026-03-17;ALLENC;1780;184;0001
4500016363;40;6350014102;1000019;9997;NB;false;25000;EA;25000;0;2026-05-25;2026-03-17;2026-03-17;ALLENC;1780;184;0001
4500016364;10;9050133911;1010837;7803;ZSC;false;36000;EA;36000;0;2026-07-03;2026-03-17;2026-03-17;FITZSIC;1780;177;6001
4500016365;10;9050134125;1010837;1786;ZSC;false;6000;EA;6000;0;2026-07-03;2026-03-17;2026-03-17;FITZSIC;1780;177;6001
4500016365;20;9050134125;1010837;1787;ZSC;false;6000;EA;6000;0;2026-07-03;2026-03-17;2026-03-17;FITZSIC;1780;177;6001
4500016366;10;9050134930;1010837;1786;ZSC;false;6000;EA;6000;0;2026-06-29;2026-03-17;2026-03-17;FITZSIC;1780;177;6001
4500016366;20;9050134930;1010837;1787;ZSC;false;6000;EA;6000;0;2026-06-29;2026-03-17;2026-03-17;FITZSIC;1780;177;6001
4500016367;10;9050064724;1010837;7803;ZSC;false;13480;EA;13480;0;2026-07-03;2026-03-17;2026-03-17;FITZSIC;1780;177;6002
4500016367;20;9050064724;1010837;1786;ZSC;false;7680;EA;7680;0;2026-07-03;2026-03-17;2026-03-17;FITZSIC;1780;177;6002
4500016367;30;9050064724;1010837;1787;ZSC;false;3840;EA;3840;0;2026-07-03;2026-03-17;2026-03-17;FITZSIC;1780;177;6002
4500016368;10;9050064725;1010837;1786;ZSC;false;5000;EA;5000;0;2026-07-03;2026-03-17;2026-03-17;FITZSIC;1780;177;6002
4500016368;20;9050064725;1010837;1787;ZSC;false;10000;EA;10000;0;2026-07-03;2026-03-17;2026-03-17;FITZSIC;1780;177;6002
4500016369;10;9050135031;1010837;7803;ZSC;false;36000;EA;36000;0;2026-07-03;2026-03-17;2026-03-17;FITZSIC;1780;177;6001
4500016370;10;9050059001;1002434;1786;ZSC;false;11520;EA;11520;0;2026-07-03;2026-03-17;2026-03-17;FITZSIC;1780;177;6002
4500016370;30;9050059001;1002434;7803;ZSC;false;18480;EA;18480;0;2026-07-03;2026-03-17;2026-03-17;FITZSIC;1780;177;6002
4500016371;10;9050059002;1002434;7803;ZSC;false;63120;EA;63120;0;2026-07-03;2026-03-17;2026-03-17;FITZSIC;1780;177;6002
4500016371;30;9050059002;1002434;1787;ZSC;false;26880;EA;26880;0;2026-07-03;2026-03-17;2026-03-17;FITZSIC;1780;177;6002
4500016372;10;9050059003;1002434;7803;ZSC;false;70000;EA;70000;0;2026-07-03;2026-03-17;2026-03-17;FITZSIC;1780;177;6002
4500016372;20;9050059003;1002434;1786;ZSC;false;10000;EA;10000;0;2026-07-03;2026-03-17;2026-03-17;FITZSIC;1780;177;6002
4500016373;10;9050059004;1010837;1786;ZSC;false;15000;EA;15000;0;2026-07-03;2026-03-17;2026-03-17;FITZSIC;1780;177;6002
4500016373;20;9050059004;1010837;1787;ZSC;false;15000;EA;15000;0;2026-07-03;2026-03-17;2026-03-17;FITZSIC;1780;177;6002
4500016374;10;9050059009;1010837;7803;ZSC;false;10000;EA;10000;0;2026-07-03;2026-03-17;2026-03-17;FITZSIC;1780;177;6002
4500016374;20;9050059009;1010837;1787;ZSC;false;10000;EA;10000;0;2026-07-03;2026-03-17;2026-03-17;FITZSIC;1780;177;6002
4500016375;10;9050059010;1010837;7803;ZSC;false;150000;EA;150000;0;2026-07-03;2026-03-17;2026-03-17;FITZSIC;1780;177;6002
4500016375;20;9050059010;1010837;1787;ZSC;false;20000;EA;20000;0;2026-07-03;2026-03-17;2026-03-17;FITZSIC;1780;177;6002
4500016376;10;9050109811;1010837;7803;ZSC;false;80000;EA;80000;0;2026-07-03;2026-03-17;2026-03-17;FITZSIC;1780;177;6002
4500016377;10;9050013404;1000026;1711;NB;false;225000;EA;225000;0;2026-07-10;2026-03-17;2026-03-17;PRANATP;1710;81;1001
4500016378;10;9050013404;1000026;1722;NB;false;477000;EA;477000;0;2026-06-30;2026-03-17;2026-03-17;PRANATP;1710;81;1001
4500016379;10;9050013402;1000026;1722;NB;false;24000;EA;24000;0;2026-06-30;2026-03-17;2026-03-17;PRANATP;1710;81;1001
4500016380;10;9050013404;1000026;1721;NB;false;360000;EA;360000;0;2026-07-15;2026-03-17;2026-03-17;PRANATP;1710;81;1001
4500016381;10;9050013404;1000026;9999;NB;false;630000;EA;630000;0;2026-07-15;2026-03-17;2026-03-17;PRANATP;1710;81;1001
4500016383;10;9050013404;1000026;1113;NB;false;9000;EA;9000;0;2026-06-01;2026-03-17;2026-03-17;PRANATP;1110;81;1001
4500016388;10;9050013404;1000026;1714;NB;false;270000;EA;270000;0;2026-07-10;2026-03-17;2026-03-17;PRANATP;1710;81;1001
4500016389;10;9200002301;1000026;9999;NB;false;225000;EA;225000;0;2026-06-30;2026-03-17;2026-03-17;PRANATP;1710;81;1001
4500016390;10;9200002301;1000026;1722;NB;false;75000;EA;75000;0;2026-06-30;2026-03-17;2026-03-17;PRANATP;1710;81;1001
4500016391;10;9200002301;1000026;1714;NB;false;75000;EA;75000;0;2026-06-30;2026-03-17;2026-03-17;PRANATP;1710;81;1001
4500016392;10;9050116404;1000026;1722;NB;false;37800;EA;37800;0;2026-06-30;2026-03-17;2026-03-17;PRANATP;1710;81;1001
4500016393;10;9050116404;1000026;1714;NB;false;37800;EA;37800;0;2026-06-30;2026-03-17;2026-03-17;PRANATP;1710;81;1001
4500016394;10;9050116404;1000026;1711;NB;false;88200;EA;88200;0;2026-06-30;2026-03-17;2026-03-17;PRANATP;1710;81;1001
4500016395;10;9050116404;1000026;9999;NB;false;252000;EA;252000;0;2026-06-30;2026-03-17;2026-03-17;PRANATP;1710;81;1001
4500016399;10;9050013402;1000026;1714;NB;false;96000;EA;96000;0;2026-07-10;2026-03-17;2026-03-17;PRANATP;1710;81;1001
4500016403;10;9200001801;1000026;9999;NB;false;240000;EA;240000;0;2026-06-13;2026-03-17;2026-03-17;PRANATP;1710;81;1001
4500016408;10;9200000503;1000026;9999;NB;false;1440000;EA;1440000;0;2026-07-20;2026-03-17;2026-03-17;PRANATP;1710;81;1001
4500016409;10;9200000504;1000026;9999;NB;false;1500000;EA;1500000;0;2026-07-20;2026-03-17;2026-03-17;PRANATP;1710;81;1001
4500016410;10;9050013404;1000026;1734;NB;false;90000;EA;90000;0;2026-07-10;2026-03-17;2026-03-17;PRANATP;1710;81;1001
4500016411;10;9050013404;1000026;7101;NB;false;270000;EA;270000;0;2026-07-10;2026-03-17;2026-03-17;PRANATP;1710;81;1001
4500016412;10;9050013401;1000026;9999;NB;false;540000;EA;540000;0;2026-07-10;2026-03-17;2026-03-17;PRANATP;1710;81;1001
4500016413;10;9050013401;1000026;9998;NB;false;54000;EA;54000;0;2026-07-10;2026-03-17;2026-03-17;PRANATP;1110;81;1001
4500016415;10;9050013404;1000026;9998;NB;false;27000;EA;27000;0;2026-07-10;2026-03-17;2026-03-17;PRANATP;1110;81;1001
4500016418;10;9050068801;1012389;7101;ZSC;false;5760;EA;5760;0;2026-04-02;2026-03-18;2026-03-18;GHULEM;1710;188;1001
4500016419;10;9050143431;1010837;7803;ZSC;false;70660;EA;70660;0;2026-06-26;2026-03-18;2026-03-18;FITZSIC;1780;177;6002
4500016419;20;9050143431;1010837;7804;ZSC;false;11340;EA;11340;0;2026-06-26;2026-03-18;2026-03-18;FITZSIC;1780;177;6002
4500016420;10;9050143532;1010837;7803;ZSC;false;70660;EA;70660;0;2026-06-26;2026-03-18;2026-03-18;FITZSIC;1780;177;6002
4500016420;20;9050143532;1010837;7804;ZSC;false;11340;EA;11340;0;2026-06-26;2026-03-18;2026-03-18;FITZSIC;1780;177;6002
4500016421;10;9050143330;1010837;7803;ZSC;false;18660;EA;18660;0;2026-06-26;2026-03-18;2026-03-18;FITZSIC;1780;177;6002
4500016421;20;9050143330;1010837;7804;ZSC;false;11340;EA;11340;0;2026-06-26;2026-03-18;2026-03-18;FITZSIC;1780;177;6002
4500016425;30;9050125612;;7101;UB;true;20736;EA;432;20304;2026-03-23;2026-03-18;2026-03-18;PRANATP;1710;81;1001
4500016426;10;9050092202;1005413;7101;NB;false;300000;EA;297396;2604;2026-07-17;2026-03-18;2026-03-18;CHENC;1710;198;4001
4500016427;10;9050067301;1001040;1721;ZSC;false;73440;EA;73440;0;2026-07-10;2026-03-18;2026-03-18;PRANATP;1710;81;1001
4500016428;10;9050109501;1001040;1711;NB;false;21504;EA;21504;0;2026-07-10;2026-03-18;2026-03-18;PRANATP;1710;81;1005
4500016429;10;9050109501;1001040;1734;NB;false;64512;EA;64512;0;2026-07-10;2026-03-18;2026-03-18;PRANATP;1710;81;1005
4500016430;10;9050109501;1001040;1722;NB;false;64512;EA;64512;0;2026-07-10;2026-03-18;2026-03-18;PRANATP;1710;81;1005
4500016431;10;9050116501;1001040;1722;NB;false;102000;EA;102000;0;2026-07-10;2026-03-18;2026-03-18;PRANATP;1710;81;1005
4500016432;10;9050109001;1001040;1114;ZSC;false;4320;EA;4320;0;2026-07-30;2026-03-18;2026-03-18;PRANATP;1110;81;1001
4500016433;10;9050109101;1001040;1114;ZSC;false;4320;EA;4320;0;2026-07-30;2026-03-18;2026-03-18;PRANATP;1110;81;1001
4500016434;10;9050117001;1001040;1114;ZSC;false;10368;EA;10368;0;2026-07-10;2026-03-18;2026-03-18;PRANATP;1110;81;1001
4500016435;10;9050114701;1001040;1114;ZSC;false;16200;EA;16200;0;2026-07-10;2026-03-18;2026-03-18;PRANATP;1110;81;1001
4500016436;10;9050115001;1001040;1114;ZSC;false;2700;EA;2700;0;2026-07-30;2026-03-18;2026-03-18;PRANATP;1110;81;1001
4500016437;10;9200004701;1001040;9999;ZSC;false;36720;EA;36720;0;2026-07-10;2026-03-18;2026-03-18;PRANATP;1710;81;1001
4500016438;10;9050067301;1001040;1722;ZSC;false;48960;EA;48960;0;2026-07-10;2026-03-18;2026-03-18;PRANATP;1710;81;1001
4500016439;10;9200004702;1001040;9999;ZSC;false;48960;EA;48960;0;2026-07-10;2026-03-18;2026-03-18;PRANATP;1710;81;1001
4500016440;10;9200004704;1001040;9999;ZSC;false;24480;EA;24480;0;2026-07-10;2026-03-18;2026-03-18;PRANATP;1710;81;1001
4500016441;10;9200004701;1001040;1722;ZSC;false;30600;EA;30600;0;2026-07-20;2026-03-18;2026-03-18;PRANATP;1710;81;1001
4500016442;10;9200004702;1001040;1722;ZSC;false;134640;EA;134640;0;2026-07-15;2026-03-18;2026-03-18;PRANATP;1710;81;1001
4500016443;10;9200004703;1001040;1722;ZSC;false;12240;EA;12240;0;2026-07-30;2026-03-18;2026-03-18;PRANATP;1710;81;1001
4500016444;10;9200004704;1001040;1722;ZSC;false;36720;EA;36720;0;2026-07-25;2026-03-18;2026-03-18;PRANATP;1710;81;1001
4500016445;10;9200003201;1013720;1722;NB;false;64000;EA;64000;0;2026-07-10;2026-03-18;2026-03-18;PRANATP;1710;81;1001
4500016446;10;9200003201;1013720;1734;NB;false;32000;EA;32000;0;2026-07-10;2026-03-18;2026-03-18;PRANATP;1710;81;1001
4500016447;10;9200003205;1013720;1722;NB;false;16000;EA;16000;0;2026-07-10;2026-03-18;2026-03-18;PRANATP;1710;81;1001
4500016448;10;9050099301;1001040;7101;ZSC;false;6480;EA;6480;0;2026-07-30;2026-03-18;2026-03-18;PRANATP;1710;81;1001
4500016449;10;9050099302;1001040;7101;ZSC;false;15120;EA;15120;0;2026-07-10;2026-03-18;2026-03-18;PRANATP;1710;81;1001
4500016450;10;9050099303;1001040;7101;ZSC;false;15120;EA;15120;0;2026-07-10;2026-03-18;2026-03-18;PRANATP;1710;81;1001
4500016451;10;9050099304;1001040;7101;ZSC;false;5400;EA;5400;0;2026-07-10;2026-03-18;2026-03-18;PRANATP;1710;81;1001
4500016452;10;9050099305;1001040;7101;ZSC;false;38880;EA;38880;0;2026-07-30;2026-03-18;2026-03-18;PRANATP;1710;81;1001
4500016453;10;9050099306;1001040;7101;ZSC;false;28080;EA;28080;0;2026-07-30;2026-03-18;2026-03-18;PRANATP;1710;81;1001
4500016454;10;9050099401;1001040;7101;ZSC;false;7560;EA;7560;0;2026-07-10;2026-03-18;2026-03-18;PRANATP;1710;81;1001
4500016459;10;9050067905;1001040;7101;ZSC;false;6552;EA;6552;0;2026-07-20;2026-03-19;2026-03-19;GHULEM;1710;188;1001
4500016460;10;9050067909;1001040;7101;ZSC;false;56160;EA;56160;0;2026-07-20;2026-03-19;2026-03-19;GHULEM;1710;188;1001
4500016461;10;9050077909;1001040;7101;ZSC;false;37440;EA;37440;0;2026-07-20;2026-03-19;2026-03-19;GHULEM;1710;188;1001
4500016462;10;9050067910;1001040;7101;ZSC;false;9360;EA;9360;0;2026-07-20;2026-03-19;2026-03-19;GHULEM;1710;188;1001
4500016463;10;9050033016;1001040;7101;ZSC;false;1872;EA;1872;0;2026-07-20;2026-03-19;2026-03-19;GHULEM;1710;188;1001
4500016464;10;9050033018;1001040;7101;ZSC;false;936;EA;936;0;2026-07-20;2026-03-19;2026-03-19;GHULEM;1710;188;1001
4500016466;10;9050033201;1009089;7101;ZSC;false;52416;EA;52416;0;2026-07-20;2026-03-19;2026-03-19;GHULEM;1710;188;1002
4500016469;10;9050068002;1003563;1722;ZSC;false;15516;EA;15516;0;2026-07-06;2026-03-19;2026-03-19;GHULEM;1710;188;1001
4500016470;10;9050068002;1003563;1722;ZSC;false;7884;EA;7884;0;2026-07-14;2026-03-19;2026-03-19;GHULEM;1710;188;1001
4500016471;20;9050143933;1010110;1786;ZSC;false;29820;EA;8436;21384;2026-06-26;2026-03-19;2026-03-19;FITZSIC;1780;177;6002
4500016472;10;9200001301;1000026;9999;NB;false;54000;EA;54000;0;2026-07-13;2026-03-19;2026-03-19;GHULEM;1710;188;1001
4500016473;10;9200000201;1005551;9999;NB;false;56000;EA;56000;0;2026-07-27;2026-03-19;2026-03-19;GHULEM;1710;188;1001
4500016474;10;9200000103;1009011;9999;NB;false;304000;EA;204000;100000;2026-06-05;2026-03-19;2026-03-19;GHULEM;1710;188;1002
4500016475;10;9200000104;1009011;9999;NB;false;304000;EA;204000;100000;2026-06-05;2026-03-19;2026-03-19;GHULEM;1710;188;1002
4500016476;10;9200000105;1009011;9999;NB;false;304000;EA;204000;100000;2026-06-05;2026-03-19;2026-03-19;GHULEM;1710;188;1002
4500016479;10;9200001401;1000026;9999;NB;false;18000;EA;18000;0;2026-07-13;2026-03-19;2026-03-19;GHULEM;1710;188;1001
4500016481;10;9200041102;1013720;1722;NB;false;9720;EA;9720;0;2026-07-20;2026-03-19;2026-03-19;GHULEM;1710;188;1001
4500016482;10;6350067901;1003563;7101;NB;false;200000;EA;200000;0;2026-08-03;2026-03-19;2026-03-19;GHULEM;1710;188;0001
4500016485;10;9200000201;1005551;9999;NB;false;980000;EA;980000;0;2026-07-20;2026-03-19;2026-03-19;GHULEM;1710;188;1001
4500016486;10;9200000201;1005551;1722;NB;false;140000;EA;140000;0;2026-07-20;2026-03-19;2026-03-19;GHULEM;1710;188;1001
4500016490;10;9050058208;1010091;1786;NB;false;10000;EA;10000;0;2026-07-09;2026-03-19;2026-03-19;TEST_PEOUM;1780;200;6002
4500016490;20;9050058208;1010091;1787;NB;false;150000;EA;150000;0;2026-07-09;2026-03-19;2026-03-19;TEST_PEOUM;1780;200;6002
4500016490;30;9050058308;1010091;7803;NB;false;30000;EA;30000;0;2026-07-09;2026-03-19;2026-03-19;TEST_PEOUM;1780;200;6002
4500016490;40;9050058308;1010091;1787;NB;false;70000;EA;70000;0;2026-07-09;2026-03-19;2026-03-19;TEST_PEOUM;1780;200;6002
4500016490;50;9050126201;1010091;1787;NB;false;25000;EA;25000;0;2026-07-09;2026-03-19;2026-03-19;TEST_PEOUM;1780;200;6002
4500016494;10;9050097702;1010516;1714;NB;false;100000;EA;100000;0;2026-08-07;2026-03-19;2026-03-20;TEST_PEOUM;1710;200;1003
4500016495;10;9050097702;1010516;7101;NB;false;250000;EA;250000;0;2026-08-06;2026-03-19;2026-03-20;TEST_PEOUM;1710;200;1003
4500016495;20;9050098102;1010516;7101;NB;false;100000;EA;100000;0;2026-08-06;2026-03-19;2026-03-20;TEST_PEOUM;1710;200;1003
4500016495;30;9050103201;1010516;7101;NB;false;20000;EA;20000;0;2026-08-06;2026-03-19;2026-03-20;TEST_PEOUM;1710;200;1003
4500016496;10;9050103201;1010516;1711;NB;false;10000;EA;10000;0;2026-08-06;2026-03-19;2026-03-20;TEST_PEOUM;1710;200;1003
4500016497;10;9050098701;1010516;1714;NB;false;40000;EA;40000;0;2026-07-24;2026-03-19;2026-03-20;TEST_PEOUM;1710;200;1003
4500016498;10;9050098701;1010516;7101;NB;false;100000;EA;100000;0;2026-07-24;2026-03-19;2026-03-20;TEST_PEOUM;1710;200;1003
4500016501;10;6350003501;1011162;9997;NB;false;35000;EA;35000;0;2026-07-06;2026-03-20;2026-03-20;ALLENC;1780;184;0001
4500016501;20;6350003104;1011162;9997;NB;false;35000;EA;35000;0;2026-07-06;2026-03-20;2026-03-20;ALLENC;1780;184;0001
4500016501;30;6350003205;1011162;9997;NB;false;30000;EA;30000;0;2026-07-06;2026-03-20;2026-03-20;ALLENC;1780;184;0001
4500016501;40;6350003410;1011162;9997;NB;false;30000;EA;30000;0;2026-07-06;2026-03-20;2026-03-20;ALLENC;1780;184;0001
4500016502;10;6350025110;1011162;9997;NB;false;30000;EA;30000;0;2026-05-25;2026-03-20;2026-03-20;ALLENC;1780;184;0001
4500016504;40;6350016010;1011162;9997;NB;false;30000;EA;30000;0;2026-06-01;2026-03-20;2026-03-20;ALLENC;1780;184;0001
4500016504;70;6350000910;1011162;9997;NB;false;18000;EA;18000;0;2026-05-22;2026-03-20;2026-03-20;ALLENC;1780;184;0001
4500016507;10;9050093601;1009968;1714;NB;false;10000;EA;10000;0;2026-08-15;2026-03-20;2026-03-20;CHENC;1710;198;3003
4500016507;20;9050093601;1009968;7101;NB;false;44720;EA;44720;0;2026-08-15;2026-03-20;2026-03-20;CHENC;1710;198;3003
4500016507;30;9050101601;1009968;7101;NB;false;10000;EA;10000;0;2026-08-15;2026-03-20;2026-03-20;CHENC;1710;198;3003
4500016517;10;9050085901;1010267;7101;NB;false;69120;EA;69120;0;2026-07-20;2026-03-23;2026-03-24;GHULEM;1710;188;1007
4500016518;10;9050076702;1010267;7101;NB;false;12096;EA;12096;0;2026-07-20;2026-03-23;2026-03-24;GHULEM;1710;188;1007
4500016527;10;9050139910;1004863;7803;NB;false;56262;EA;56262;0;2026-07-24;2026-03-25;2026-03-25;FITZSIC;1780;177;6001
4500016528;10;9050139710;1004863;7803;NB;false;56292;EA;56292;0;2026-07-24;2026-03-25;2026-03-25;FITZSIC;1780;177;6001
4500016529;10;9050139831;1004863;7803;NB;false;56292;EA;56292;0;2026-07-24;2026-03-25;2026-03-25;FITZSIC;1780;177;6001
4500016530;10;9050139910;1004863;7803;NB;false;56292;EA;56292;0;2026-08-31;2026-03-25;2026-03-25;FITZSIC;1780;177;6001
4500016531;10;9050129601;1001040;1113;ZSC;false;2100;EA;2100;0;2026-07-10;2026-03-25;2026-03-25;PRANATP;1110;81;1001
4500016532;30;9050144930;1002434;7818;ZSC;false;3840;EA;3840;0;2026-06-08;2026-03-25;2026-03-25;FITZSIC;1780;177;6002
4500016532;40;9050144930;1002434;7817;ZSC;false;13944;EA;13944;0;2026-06-08;2026-03-25;2026-03-25;FITZSIC;1780;177;6002
4500016539;10;9050099801;1012603;1711;ZSC;false;8640;EA;8640;0;2026-05-30;2026-03-25;2026-03-25;PRANATP;1710;81;1001
4500016540;10;9050099802;1012603;1711;ZSC;false;11520;EA;11520;0;2026-05-30;2026-03-25;2026-03-25;PRANATP;1710;81;1001
4500016547;40;9200002301;1012603;1714;ZSC;false;136400;EA;136400;0;2026-06-10;2026-03-25;2026-03-25;PRANATP;1710;81;1001
4500016548;10;9050122101;1010525;1711;NB;false;24480;EA;24480;0;2026-07-15;2026-03-25;2026-03-25;CHENC;1710;198;4001
4500016548;20;9050122101;1010525;1712;NB;false;1920;EA;1920;0;2026-07-15;2026-03-25;2026-03-25;CHENC;1710;198;4001
4500016548;30;9050122101;1010525;7101;NB;false;38904;EA;38904;0;2026-07-15;2026-03-25;2026-03-25;CHENC;1710;198;4001
4500016548;50;9050122101;1010525;1722;NB;false;57600;EA;57600;0;2026-07-15;2026-03-25;2026-03-25;CHENC;1710;198;4001
4500016551;10;9050104601;1010516;1714;NB;false;50000;EA;50000;0;2026-08-07;2026-03-25;2026-03-25;TEST_PEOUM;1710;200;1003
4500016552;10;9050053301;1010516;7101;NB;false;5000;EA;5000;0;2026-08-07;2026-03-25;2026-03-25;TEST_PEOUM;1710;200;1003
4500016553;10;9050145601;1012634;1722;ZSC;false;107712;EA;107712;0;2026-08-01;2026-03-26;2026-03-26;FITZSIC;1710;177;5003
4500016554;10;9050145501;1012634;1722;ZSC;false;39456;EA;39456;0;2026-08-01;2026-03-26;2026-03-26;FITZSIC;1710;177;5003
4500016555;10;9050145401;1012634;1722;ZSC;false;39456;EA;39456;0;2026-08-01;2026-03-26;2026-03-26;FITZSIC;1710;177;5003
4500016556;10;9050145301;1012634;1722;ZSC;false;110736;EA;110736;0;2026-08-01;2026-03-26;2026-03-26;FITZSIC;1710;177;5003
4500016561;10;9050122301;1000776;1711;NB;false;11040;EA;11040;0;2026-07-15;2026-03-27;2026-03-27;CHENC;1710;198;4001
4500016561;20;9050122301;1000776;1712;NB;false;960;EA;960;0;2026-07-15;2026-03-27;2026-03-27;CHENC;1710;198;4001
4500016561;30;9050122301;1000776;1722;NB;false;14400;EA;14400;0;2026-07-15;2026-03-27;2026-03-27;CHENC;1710;198;4001
4500016562;20;9050122302;1000776;1114;NB;false;6240;EA;6240;0;2026-08-17;2026-03-27;2026-03-27;CHENC;1110;198;4001
4500016563;10;9050122201;1000776;1711;NB;false;11040;EA;11040;0;2026-07-15;2026-03-27;2026-03-27;CHENC;1710;198;4001
4500016563;20;9050122201;1000776;1712;NB;false;960;EA;960;0;2026-07-15;2026-03-27;2026-03-27;CHENC;1710;198;4001
4500016563;30;9050122201;1000776;1722;NB;false;14400;EA;14400;0;2026-07-15;2026-03-27;2026-03-27;CHENC;1710;198;4001
4500016564;20;9050122203;1000776;1114;NB;false;6240;EA;6240;0;2026-08-17;2026-03-27;2026-03-27;CHENC;1110;198;4001
4500016581;10;6350072601;1012585;9999;NB;false;26250;EA;26250;0;2026-09-04;2026-03-27;2026-03-27;FITZSIC;1710;177;0001
4500016581;20;6350047301;1012585;9999;NB;false;16400;EA;16400;0;2026-09-04;2026-03-27;2026-03-27;FITZSIC;1710;177;0001
4500016581;30;6350074001;1012585;9999;NB;false;10000;EA;10000;0;2026-09-04;2026-03-27;2026-03-27;FITZSIC;1710;177;0001
4500016581;40;6350066101;1012585;9999;NB;false;26650;EA;26650;0;2026-09-04;2026-03-27;2026-03-27;FITZSIC;1710;177;0001
4500016586;10;9050145001;1000776;1711;NB;false;1440;EA;1440;0;2026-07-15;2026-03-27;2026-03-27;CHENC;1710;198;4001
4500016586;20;9050145001;1000776;1712;NB;false;480;EA;480;0;2026-07-15;2026-03-27;2026-03-27;CHENC;1710;198;4001
4500016586;30;9050145001;1000776;7101;NB;false;25440;EA;25440;0;2026-07-15;2026-03-27;2026-03-27;CHENC;1710;198;4001
4500016586;40;9050145001;1000776;1722;NB;false;56240;EA;56240;0;2026-07-15;2026-03-27;2026-03-27;CHENC;1710;198;4001
4500016587;10;9050145101;1000776;1711;NB;false;1440;EA;1440;0;2026-07-15;2026-03-27;2026-03-27;CHENC;1710;198;4001
4500016587;20;9050145101;1000776;1712;NB;false;480;EA;480;0;2026-07-15;2026-03-27;2026-03-27;CHENC;1710;198;4001
4500016587;30;9050145101;1000776;7101;NB;false;15440;EA;15440;0;2026-07-15;2026-03-27;2026-03-27;CHENC;1710;198;4001
4500016591;20;9050122102;1010525;1114;NB;false;9600;EA;9600;0;2026-08-24;2026-03-30;2026-03-30;CHENC;1110;198;4001
4500016594;10;9200000307;;1711;UB;true;400;EA;400;0;2026-04-08;2026-03-30;2026-03-30;CHENC;1780;198;1005
4500016609;20;9050139710;1004863;7803;NB;false;56262;EA;56262;0;2026-08-31;2026-03-31;2026-03-31;FITZSIC;1780;177;6001
4500016611;20;9050139831;1004863;7803;NB;false;56262;EA;56262;0;2026-08-31;2026-03-31;2026-03-31;FITZSIC;1780;177;6001
4500016623;10;9200002701;1009011;1722;NB;false;129600;EA;129600;0;2026-07-27;2026-03-31;2026-03-31;GHULEM;1710;188;1001
4500016625;10;9050046902;1009066;1711;NB;false;150000;EA;150000;0;2026-08-15;2026-04-01;2026-04-01;ZOULM;1710;197;2002
4500016625;20;9050046902;1009066;7101;NB;false;150000;EA;150000;0;2026-08-15;2026-04-01;2026-04-01;ZOULM;1710;197;2002
4500016633;10;9050093501;1004830;7101;NB;false;45000;EA;45000;0;2026-08-17;2026-04-02;2026-04-02;CHENC;1710;198;3003
4500016633;20;9050093501;1004830;1714;NB;false;5000;EA;5000;0;2026-08-17;2026-04-02;2026-04-02;CHENC;1710;198;3003
4500016634;10;9050073801;1003696;1711;NB;false;25000;EA;25000;0;2026-09-14;2026-04-02;2026-04-02;ZOULM;1710;197;1003
4500016642;10;6350072601;1012585;9999;NB;false;10500;EA;10500;0;2026-09-04;2026-04-03;2026-04-03;FITZSIC;1710;177;0001
4500016642;20;6350047301;1012585;9999;NB;false;21000;EA;21000;0;2026-09-04;2026-04-03;2026-04-03;FITZSIC;1710;177;0001
4500016642;30;6350047401;1012585;9999;NB;false;26250;EA;26250;0;2026-09-04;2026-04-03;2026-04-03;FITZSIC;1710;177;0001
4500016642;40;6350047501;1012585;9999;NB;false;26250;EA;26250;0;2026-09-04;2026-04-03;2026-04-03;FITZSIC;1710;177;0001
4500016642;50;6350066101;1012585;9999;NB;false;84000;EA;84000;0;2026-09-04;2026-04-03;2026-04-03;FITZSIC;1710;177;0001
4500016646;10;9050098002;1010516;7101;NB;false;100000;EA;100000;0;2026-08-14;2026-04-03;2026-04-03;TEST_PEOUM;1710;200;1003
4500016647;10;9050142201;1004863;1711;NB;false;32760;EA;32760;0;2027-07-27;2026-04-03;2026-04-03;FITZSIC;1710;177;6001
4500016647;20;9050142201;1004863;1722;NB;false;112800;EA;112800;0;2027-07-27;2026-04-03;2026-04-03;FITZSIC;1710;177;6001
4500016652;40;6350002710;1011162;9997;NB;false;215280;EA;215280;0;2026-05-25;2026-04-06;2026-04-06;FITZSIC;1780;177;0001
4500016659;10;9050143832;1013046;7803;ZSC;false;64050;EA;64050;0;2026-07-07;2026-04-06;2026-04-06;TEST_PEOUM;1780;200;6002
4500016659;20;9050143731;1013046;7803;ZSC;false;64050;EA;64050;0;2026-07-07;2026-04-06;2026-04-06;TEST_PEOUM;1780;200;6002
4500016659;30;9050143630;1013046;7803;ZSC;false;34300;EA;34300;0;2026-07-07;2026-04-06;2026-04-06;TEST_PEOUM;1780;200;6002
4500016664;10;6360050901;1011262;1714;NB;false;24960;EA;24960;0;2026-06-29;2026-04-07;2026-04-07;PRANATP;1710;81;0001
4500016668;10;9050059010;1010837;7815;ZSC;false;40000;EA;40000;0;2026-06-29;2026-04-08;2026-04-08;FITZSIC;1780;177;6002
4500016669;10;6350002710;1011162;9997;NB;false;41400;EA;41400;0;2026-05-25;2026-04-08;2026-04-08;FITZSIC;1780;177;0001
4500016669;20;6350002299;1011162;9997;NB;false;41400;EA;41400;0;2026-05-25;2026-04-08;2026-04-08;FITZSIC;1780;177;0001
4500016678;10;9050068801;1003563;1722;ZSC;false;48000;EA;48000;0;2026-06-22;2026-04-09;2026-04-09;GHULEM;1710;188;1001
4500016679;10;9050068801;1003563;1722;ZSC;false;28800;EA;28800;0;2026-07-20;2026-04-09;2026-04-09;GHULEM;1710;188;1001
4500016680;10;9050059310;1010110;7803;ZSC;false;80000;EA;80000;0;2026-06-15;2026-04-09;2026-04-09;FITZSIC;1780;177;6002
4500016686;10;9050136703;1001040;7101;ZSC;false;33696;EA;33696;0;2026-07-20;2026-04-09;2026-04-09;GHULEM;1710;188;1001
4500016687;10;9050136704;1001040;7101;ZSC;false;16848;EA;16848;0;2026-07-20;2026-04-09;2026-04-09;GHULEM;1710;188;1001
4500016695;10;9050109701;1012574;1711;NB;false;50000;EA;50000;0;2026-07-20;2026-04-13;2026-04-13;ZOULM;1710;197;5003
4500016695;20;9050109701;1012574;1714;NB;false;50000;EA;50000;0;2026-07-20;2026-04-13;2026-04-13;ZOULM;1710;197;5003
4500016701;20;9050093001;;1714;UB;true;59676;EA;3012;56664;2026-04-20;2026-04-13;2026-04-13;PRANATP;1710;81;6001
4500016708;20;9150240301;1003563;7816;ZSC;false;258440;EA;2520;255920;2026-04-23;2026-04-14;2026-04-14;FITZSIC;1780;177;6002
4500016710;10;9150239701;1001912;1734;ZSC;false;48000;EA;48000;0;2026-07-01;2026-04-14;2026-04-14;PRANATP;1710;81;1001
4500016711;10;9150212801;1001912;1734;ZSC;false;154920;EA;154920;0;2026-06-29;2026-04-14;2026-04-14;PRANATP;1710;81;1001
4500016712;10;9050097102;1004803;7101;NB;false;25000;EA;25000;0;2026-09-28;2026-04-14;2026-04-14;ZOULM;1710;197;5002
4500016713;10;6350024803;1011162;9997;NB;false;30000;EA;30000;0;2026-06-08;2026-04-14;2026-04-14;ZOULM;1780;197;0001
4500016714;10;9050058109;1009986;1786;ZSC;false;10000;EA;10000;0;2026-05-18;2026-04-14;2026-04-14;ZOULM;1780;197;6002
4500016715;10;9050109911;1009986;1786;ZSC;false;15000;EA;15000;0;2026-06-29;2026-04-14;2026-04-14;ZOULM;1780;197;6002
4500016715;20;9050109911;1009986;1787;ZSC;false;15000;EA;15000;0;2026-06-29;2026-04-14;2026-04-14;ZOULM;1780;197;6002
4500016717;30;6110100301;1013881;7815;NB;false;2300;EA;2300;0;2026-04-20;2026-04-14;2026-04-15;FITZSIC;1780;177;0001
4500016717;40;6110100401;1013881;7815;NB;false;2300;EA;2300;0;2026-04-20;2026-04-14;2026-04-15;FITZSIC;1780;177;0001
4500016722;10;6360043301;1000017;1711;NB;false;45000;EA;45000;0;2026-06-16;2026-04-15;2026-04-15;GHULEM;1710;188;0001
4500016727;10;6360054401;1013881;1722;NB;false;2800;EA;2800;0;2026-05-01;2026-04-15;2026-04-15;PRANATP;1710;81;0001
4500016728;10;9200004901;1001040;1722;ZSC;false;15300;EA;15300;0;2026-08-01;2026-04-15;2026-04-16;PRANATP;1710;81;1001
4500016729;10;9050122801;1001040;1722;NB;false;17000;EA;17000;0;2026-08-01;2026-04-15;2026-04-16;PRANATP;1710;81;1005
4500016732;10;9050125301;1005970;7101;ZSC;false;343980;EA;212940;131040;2026-06-30;2026-04-16;2026-04-16;PRANATP;1710;81;1001
4500016733;10;9050129401;1005970;7101;ZSC;false;26136;EA;26136;0;2026-06-30;2026-04-16;2026-04-16;PRANATP;1710;81;1001
4500016734;10;9050089808;1005970;7101;ZSC;false;25272;EA;25272;0;2026-06-30;2026-04-16;2026-04-16;PRANATP;1710;81;1001
4500016735;10;9050110304;1005970;7101;ZSC;false;7020;EA;7020;0;2026-06-30;2026-04-16;2026-04-16;PRANATP;1710;81;1001
4500016736;10;9050110308;1005970;7101;ZSC;false;8424;EA;8424;0;2026-06-30;2026-04-16;2026-04-16;PRANATP;1710;81;1001
4500016742;10;9050089602;1010525;1711;NB;false;5280;EA;5280;0;2026-09-07;2026-04-16;2026-04-16;CHENC;1710;198;3001
4500016742;20;9050089602;1010525;1714;NB;false;10560;EA;10560;0;2026-09-07;2026-04-16;2026-04-16;CHENC;1710;198;3001
4500016742;30;9050089602;1010525;7101;NB;false;66312;EA;66312;0;2026-09-07;2026-04-16;2026-04-16;CHENC;1710;198;3001
4500016747;10;9150240301;1003563;7815;ZSC;false;211680;EA;33880;177800;2026-04-23;2026-04-17;2026-04-17;FITZSIC;1780;177;6002
4500016749;40;9200005702;1005025;9999;NB;false;199000;G;199000;0;2026-05-29;2026-04-17;2026-04-17;FITZSIC;1710;177;5003
4500016750;10;9050054304;1010837;1786;ZSC;false;15000;EA;15000;0;2026-07-27;2026-04-17;2026-04-17;CHENC;1780;198;4001
4500016750;20;9050054304;1010837;1787;ZSC;false;10000;EA;10000;0;2026-07-27;2026-04-17;2026-04-17;CHENC;1780;198;4001
4500016751;10;9050054305;1010837;1786;ZSC;false;17500;EA;17500;0;2026-07-27;2026-04-17;2026-04-17;CHENC;1780;198;4001
4500016751;20;9050054305;1010837;1787;ZSC;false;7500;EA;7500;0;2026-07-27;2026-04-17;2026-04-17;CHENC;1780;198;4001
4500016752;10;9050054302;1010837;1786;ZSC;false;10000;EA;10000;0;2026-07-27;2026-04-17;2026-04-17;CHENC;1780;198;4001
4500016752;20;9050054302;1010837;1787;ZSC;false;10000;EA;10000;0;2026-07-27;2026-04-17;2026-04-17;CHENC;1780;198;4001
4500016759;10;6360041001;1002282;1711;NB;false;25000;EA;3400;21600;2026-05-29;2026-04-17;2026-04-17;PRANATP;1710;81;0001
4500016761;10;;1003933;1710;NB;false;1;EA;1;0;2026-07-03;2026-04-17;2026-04-17;PRANATP;1710;81;YBFA06
4500016761;20;;1003933;1710;NB;false;1;EA;1;0;2026-07-03;2026-04-17;2026-04-17;PRANATP;1710;81;YBFA06
4500016762;20;6360044401;1010023;1711;NB;false;160000;EA;160000;0;2026-06-02;2026-04-17;2026-04-17;GHULEM;1710;188;0001
4500016762;30;6360044401;1010023;1712;NB;false;60000;EA;60000;0;2026-06-02;2026-04-17;2026-04-17;GHULEM;1710;188;0001
4500016763;10;9050056201;1009986;1786;ZSC;false;7200;EA;7200;0;2026-07-20;2026-04-19;2026-04-19;ZOULM;1780;197;6002
4500016763;20;9050056201;1009986;1787;ZSC;false;36000;EA;36000;0;2026-07-20;2026-04-19;2026-04-19;ZOULM;1780;197;6002
4500016763;30;9050056201;1009986;7803;ZSC;false;1800;EA;1800;0;2026-07-20;2026-04-19;2026-04-19;ZOULM;1780;197;6002
4500016764;10;9050056202;1009986;1786;ZSC;false;9000;EA;9000;0;2026-07-20;2026-04-19;2026-04-20;ZOULM;1780;197;6002
4500016764;20;9050056202;1009986;1787;ZSC;false;21000;EA;21000;0;2026-07-20;2026-04-19;2026-04-20;ZOULM;1780;197;6002
4500016765;10;9050068701;1005970;7101;ZSC;false;101088;EA;93312;7776;2026-07-02;2026-04-20;2026-04-20;GHULEM;1710;188;1001
4500016766;10;9050067905;1001040;7101;ZSC;false;6552;EA;6552;0;2026-08-24;2026-04-20;2026-04-20;GHULEM;1710;188;1001
4500016767;10;9050067909;1001040;7101;ZSC;false;56160;EA;56160;0;2026-08-24;2026-04-20;2026-04-20;GHULEM;1710;188;1001
4500016768;10;9050077909;1001040;7101;ZSC;false;56160;EA;56160;0;2026-08-24;2026-04-20;2026-04-20;GHULEM;1710;188;1001
4500016769;10;9050067910;1001040;7101;ZSC;false;37440;EA;37440;0;2026-08-24;2026-04-20;2026-04-20;GHULEM;1710;188;1001
4500016770;10;9050067911;1001040;7101;ZSC;false;4680;EA;4680;0;2026-08-24;2026-04-20;2026-04-20;GHULEM;1710;188;1001
4500016771;10;9050033019;1001040;7101;ZSC;false;3744;EA;3744;0;2026-08-24;2026-04-20;2026-04-20;GHULEM;1710;188;1001
4500016772;10;9050033018;1001040;7101;ZSC;false;1872;EA;1872;0;2026-08-31;2026-04-20;2026-04-20;GHULEM;1710;188;1001
4500016773;10;9050076102;1001040;7101;ZSC;false;3744;EA;3744;0;2026-08-24;2026-04-20;2026-04-20;GHULEM;1710;188;1001
4500016774;10;9050038405;1001040;1714;ZSC;false;16128;EA;16128;0;2026-07-27;2026-04-20;2026-04-20;GHULEM;1710;188;1001
4500016775;10;9050038407;1001040;1714;ZSC;false;2688;EA;2688;0;2026-08-24;2026-04-20;2026-04-20;GHULEM;1710;188;1001
4500016776;10;9050038408;1001040;1714;ZSC;false;2688;EA;2688;0;2026-08-24;2026-04-20;2026-04-20;GHULEM;1710;188;1001
4500016777;10;9050041101;1001040;1722;ZSC;false;11880;EA;11880;0;2026-08-07;2026-04-20;2026-04-20;GHULEM;1710;188;1001
4500016778;10;9050216701;1001040;1722;ZSC;false;31680;EA;31680;0;2026-07-20;2026-04-20;2026-04-20;GHULEM;1710;188;1001
4500016779;10;9200005801;1001040;1722;NB;false;36000;EA;36000;0;2026-07-20;2026-04-20;2026-04-20;GHULEM;1710;188;1005
4500016780;10;9200000301;1001040;1722;NB;false;18000;EA;18000;0;2026-08-24;2026-04-20;2026-04-20;GHULEM;1710;188;1005
4500016781;10;9200003702;1001040;1714;NB;false;18000;EA;18000;0;2026-08-24;2026-04-20;2026-04-20;GHULEM;1710;188;1005
4500016782;10;9200000305;1001040;1714;NB;false;18000;EA;18000;0;2026-08-24;2026-04-20;2026-04-20;GHULEM;1710;188;1005
4500016783;10;9200000307;1001040;1714;NB;false;18000;EA;18000;0;2026-08-24;2026-04-20;2026-04-20;GHULEM;1710;188;1005
4500016784;10;9200000309;1001040;1714;NB;false;18000;EA;18000;0;2026-08-24;2026-04-20;2026-04-20;GHULEM;1710;188;1005
4500016786;10;9050013404;1003988;1722;ZSC;false;252000;EA;252000;0;2026-06-30;2026-04-20;2026-04-20;PRANATP;1710;81;1001
4500016787;10;9050085901;1010267;7101;NB;false;69120;EA;69120;0;2026-08-17;2026-04-20;2026-04-20;GHULEM;1710;188;1007
4500016788;10;9050076702;1010267;7101;NB;false;17280;EA;17280;0;2026-08-17;2026-04-20;2026-04-20;GHULEM;1710;188;1007
4500016789;10;9050088703;1009089;7101;ZSC;false;20160;EA;20160;0;2026-08-17;2026-04-20;2026-04-20;GHULEM;1710;188;1001
4500016790;10;9050033201;1009089;7101;ZSC;false;78624;EA;78624;0;2026-08-10;2026-04-20;2026-04-20;GHULEM;1710;188;1002
4500016806;10;9050038405;;1711;UB;true;360;EA;360;0;2026-04-24;2026-04-21;2026-04-21;GHULEM;1710;188;1001
4500016807;10;9050059005;1010837;7803;ZSC;false;30000;EA;30000;0;2026-06-29;2026-04-21;2026-04-21;FITZSIC;1780;177;6002
4500016808;10;9050059006;1010837;7803;ZSC;false;30000;EA;30000;0;2026-06-29;2026-04-21;2026-04-21;FITZSIC;1780;177;6002
4500016809;10;6350002706;1011162;9997;NB;false;33120;EA;33120;0;2026-06-01;2026-04-21;2026-04-21;FITZSIC;1780;177;0001
4500016809;20;6350002705;1011162;9997;NB;false;33120;EA;33120;0;2026-06-01;2026-04-21;2026-04-21;FITZSIC;1780;177;0001
4500016811;10;9050059001;1010837;1786;ZSC;false;7000;EA;7000;0;2026-07-27;2026-04-21;2026-04-21;FITZSIC;1780;177;6002
4500016811;20;9050059001;1010837;1787;ZSC;false;23000;EA;23000;0;2026-07-27;2026-04-21;2026-04-21;FITZSIC;1780;177;6002
4500016811;30;9050059001;1010837;7803;ZSC;false;60000;EA;60000;0;2026-07-27;2026-04-21;2026-04-21;FITZSIC;1780;177;6002
4500016812;10;9050059002;1010837;1786;ZSC;false;2000;EA;2000;0;2026-07-27;2026-04-21;2026-04-21;FITZSIC;1780;177;6002
4500016812;20;9050059002;1010837;1787;ZSC;false;6000;EA;6000;0;2026-07-27;2026-04-21;2026-04-21;FITZSIC;1780;177;6002
4500016812;30;9050059002;1010837;7803;ZSC;false;22000;EA;22000;0;2026-07-27;2026-04-21;2026-04-21;FITZSIC;1780;177;6002
4500016813;10;9050059003;1010837;1786;ZSC;false;8000;EA;8000;0;2026-07-27;2026-04-21;2026-04-21;FITZSIC;1780;177;6002
4500016813;20;9050059003;1010837;1787;ZSC;false;18000;EA;18000;0;2026-07-27;2026-04-21;2026-04-21;FITZSIC;1780;177;6002
4500016813;30;9050059003;1010837;7803;ZSC;false;84000;EA;84000;0;2026-07-27;2026-04-21;2026-04-21;FITZSIC;1780;177;6002
4500016814;10;9050059004;1010837;1786;ZSC;false;5000;EA;5000;0;2026-07-27;2026-04-21;2026-04-21;FITZSIC;1780;177;6002
4500016814;20;9050059004;1010837;1787;ZSC;false;11000;EA;11000;0;2026-07-27;2026-04-21;2026-04-21;FITZSIC;1780;177;6002
4500016814;30;9050059004;1010837;7803;ZSC;false;54000;EA;54000;0;2026-07-27;2026-04-21;2026-04-21;FITZSIC;1780;177;6002
4500016815;10;9050059005;1010837;1786;ZSC;false;4000;EA;4000;0;2026-07-27;2026-04-21;2026-04-21;FITZSIC;1780;177;6002
4500016815;20;9050059005;1010837;1787;ZSC;false;10000;EA;10000;0;2026-07-27;2026-04-21;2026-04-21;FITZSIC;1780;177;6002
4500016815;30;9050059005;1010837;7803;ZSC;false;16000;EA;16000;0;2026-07-27;2026-04-21;2026-04-21;FITZSIC;1780;177;6002
4500016816;10;9050059009;1010837;1786;ZSC;false;7000;EA;7000;0;2026-07-27;2026-04-21;2026-04-21;FITZSIC;1780;177;6002
4500016816;20;9050059009;1010837;1787;ZSC;false;7000;EA;7000;0;2026-07-27;2026-04-21;2026-04-21;FITZSIC;1780;177;6002
4500016816;30;9050059009;1010837;7803;ZSC;false;16000;EA;16000;0;2026-07-27;2026-04-21;2026-04-21;FITZSIC;1780;177;6002
4500016819;10;9050143330;1010837;1786;NB;false;4000;EA;4000;0;2026-07-27;2026-04-21;2026-04-21;FITZSIC;1780;177;6002
4500016819;20;9050143330;1010837;7803;NB;false;26000;EA;26000;0;2026-07-27;2026-04-21;2026-04-21;FITZSIC;1780;177;6002
4500016820;10;9050063912;1002434;1786;NB;false;10000;EA;10000;0;2026-07-27;2026-04-21;2026-04-21;FITZSIC;1780;177;4001
4500016820;20;9050063912;1002434;1787;NB;false;15000;EA;15000;0;2026-07-27;2026-04-21;2026-04-21;FITZSIC;1780;177;4001
4500016821;10;9050073901;1002434;1786;NB;false;8000;EA;8000;0;2026-07-27;2026-04-21;2026-04-21;FITZSIC;1780;177;4001
4500016821;20;9050073901;1002434;1787;NB;false;17000;EA;17000;0;2026-07-27;2026-04-21;2026-04-21;FITZSIC;1780;177;4001
4500016822;10;9050073902;1002434;1786;NB;false;11000;EA;11000;0;2026-07-27;2026-04-21;2026-04-21;FITZSIC;1780;177;4001
4500016822;20;9050073902;1002434;1787;NB;false;14000;EA;14000;0;2026-07-27;2026-04-21;2026-04-21;FITZSIC;1780;177;4001
4500016823;10;9050107202;1002434;1711;NB;false;50000;EA;50000;0;2026-07-27;2026-04-21;2026-04-21;FITZSIC;1710;177;4001
4500016824;10;9050107402;1002434;1711;NB;false;25000;EA;25000;0;2026-07-27;2026-04-21;2026-04-21;FITZSIC;1710;177;4001
4500016825;20;9050092903;1004863;1714;NB;false;60648;EA;60648;0;2026-09-28;2026-04-21;2026-04-21;FITZSIC;1710;177;6001
4500016826;10;9050092902;1004863;7101;NB;false;145560;EA;145560;0;2026-09-28;2026-04-21;2026-04-21;FITZSIC;1710;177;6001
4500016827;10;9050093002;1004863;7101;NB;false;218340;EA;218340;0;2026-09-28;2026-04-21;2026-04-21;FITZSIC;1710;177;6001
4500016828;10;9050135523;1004863;7803;NB;false;56448;EA;56448;0;2026-09-28;2026-04-21;2026-04-21;FITZSIC;1780;177;6001
4500016829;10;9050083203;1010837;1786;ZSC;false;13000;EA;13000;0;2026-06-15;2026-04-21;2026-04-21;ZOULM;1780;197;6001
4500016829;20;9050083203;1010837;1787;ZSC;false;22000;EA;22000;0;2026-06-15;2026-04-21;2026-04-21;ZOULM;1780;197;6001
4500016831;10;9200001301;1000026;9999;NB;false;100000;EA;100000;0;2026-08-25;2026-04-21;2026-04-21;PRANATP;1710;81;1001
4500016832;10;9050013404;1000026;1714;NB;false;288000;EA;288000;0;2026-08-05;2026-04-21;2026-04-21;PRANATP;1710;81;1001
4500016833;10;9050013402;1000026;1714;NB;false;120000;EA;120000;0;2026-08-05;2026-04-21;2026-04-21;PRANATP;1710;81;1001
4500016834;10;9050013404;1000026;1734;NB;false;162000;EA;162000;0;2026-07-26;2026-04-21;2026-04-21;PRANATP;1710;81;1001
4500016835;10;9050013404;1000026;7101;NB;false;234000;EA;234000;0;2026-07-29;2026-04-21;2026-04-21;PRANATP;1710;81;1001
4500016836;10;9050013401;1000026;1722;NB;false;162000;EA;162000;0;2026-07-20;2026-04-21;2026-04-21;PRANATP;1710;81;1001
4500016837;10;9050013404;1000026;1722;NB;false;405000;EA;405000;0;2026-07-20;2026-04-21;2026-04-21;PRANATP;1710;81;1001
4500016838;10;9050013404;1000026;1721;NB;false;180000;EA;180000;0;2026-08-03;2026-04-21;2026-04-21;PRANATP;1710;81;1001
4500016839;10;9050013404;1000026;9999;NB;false;630000;EA;630000;0;2026-07-25;2026-04-21;2026-04-21;PRANATP;1710;81;1001
4500016840;10;9050013404;1000026;1114;NB;false;108000;EA;108000;0;2026-07-01;2026-04-21;2026-04-21;PRANATP;1110;81;1001
4500016841;10;9050013404;1000026;1113;NB;false;9000;EA;9000;0;2026-07-01;2026-04-21;2026-04-21;PRANATP;1110;81;1001
4500016842;10;9200001401;1000026;1714;NB;false;9000;EA;9000;0;2026-08-05;2026-04-21;2026-04-21;PRANATP;1710;81;1001
4500016843;10;9050115101;1000026;1114;NB;false;18144;EA;18144;0;2026-07-01;2026-04-21;2026-04-21;PRANATP;1110;81;1001
4500016844;10;9050115101;1000026;1114;NB;false;29520;EA;29520;0;2026-07-01;2026-04-21;2026-04-21;PRANATP;1110;81;1001
4500016845;10;9050115201;1000026;1114;NB;false;33696;EA;33696;0;2026-07-01;2026-04-21;2026-04-21;PRANATP;1110;81;1001
4500016846;10;9050115301;1000026;1114;NB;false;3600;EA;3600;0;2026-07-01;2026-04-21;2026-04-21;PRANATP;1110;81;1001
4500016847;10;9200002301;1000026;9999;NB;false;150000;EA;150000;0;2026-06-10;2026-04-21;2026-04-21;PRANATP;1710;81;1001
4500016848;10;9200002301;1000026;9999;NB;false;450000;EA;450000;0;2026-08-05;2026-04-21;2026-04-21;PRANATP;1710;81;1001
4500016849;10;9200002301;1000026;1722;NB;false;225000;EA;225000;0;2026-07-20;2026-04-21;2026-04-21;PRANATP;1710;81;1001
4500016850;10;9200002301;1000026;1714;NB;false;75000;EA;75000;0;2026-08-05;2026-04-21;2026-04-21;PRANATP;1710;81;1001
4500016851;10;9050116404;1000026;1722;NB;false;88200;EA;88200;0;2026-07-20;2026-04-21;2026-04-21;PRANATP;1710;81;1001
4500016852;10;9050116404;1000026;1714;NB;false;176400;EA;176400;0;2026-08-05;2026-04-21;2026-04-21;PRANATP;1710;81;1001
4500016853;10;9200001401;1000026;9999;NB;false;9000;EA;9000;0;2026-07-25;2026-04-21;2026-04-21;PRANATP;1710;81;1001
4500016854;10;9050116404;1000026;1711;NB;false;63000;EA;63000;0;2026-07-25;2026-04-21;2026-04-21;PRANATP;1710;81;1001
4500016855;10;9050116404;1000026;1711;NB;false;37800;EA;37800;0;2026-08-01;2026-04-21;2026-04-21;PRANATP;1710;81;1001
4500016856;10;9050116404;1000026;9999;NB;false;113400;EA;113400;0;2026-07-25;2026-04-21;2026-04-21;PRANATP;1710;81;1001
4500016857;10;9050129801;1000026;1114;NB;false;2700;EA;2700;0;2026-06-15;2026-04-21;2026-04-21;PRANATP;1110;81;1001
4500016858;10;9050129802;1000026;1114;NB;false;2700;EA;2700;0;2026-06-29;2026-04-21;2026-04-21;PRANATP;1110;81;1001
4500016859;10;9050129804;1000026;1114;NB;false;2700;EA;2700;0;2026-06-29;2026-04-21;2026-04-21;PRANATP;1110;81;1001
4500016860;10;9050099902;1000026;1114;NB;false;1296;EA;1296;0;2026-06-15;2026-04-21;2026-04-21;PRANATP;1110;81;1001
4500016861;10;9050100104;1000026;1114;NB;false;20952;EA;20952;0;2026-06-15;2026-04-21;2026-04-21;PRANATP;1110;81;1001
4500016862;10;9200001801;1000026;9999;NB;false;240000;EA;240000;0;2026-07-10;2026-04-21;2026-04-21;PRANATP;1710;81;1001
4500016863;10;9200001802;1000026;9999;NB;false;230000;EA;230000;0;2026-07-10;2026-04-21;2026-04-21;PRANATP;1710;81;1001
4500016864;10;9050108101;1000026;7101;NB;false;3780;EA;3780;0;2026-07-29;2026-04-21;2026-04-21;PRANATP;1710;81;1001
4500016866;10;9200000502;1000026;9999;NB;false;291840;EA;291840;0;2026-07-10;2026-04-21;2026-04-21;PRANATP;1710;81;1001
4500016867;10;9200000501;1000026;9999;NB;false;3192000;EA;3192000;0;2026-07-09;2026-04-21;2026-04-21;PRANATP;1710;81;1001
4500016868;10;9200000502;1000026;9999;NB;false;1167360;EA;1167360;0;2026-07-09;2026-04-21;2026-04-21;PRANATP;1710;81;1001
4500016869;10;9200000505;1000026;9999;NB;false;36000;M;36000;0;2026-07-09;2026-04-21;2026-04-21;PRANATP;1710;81;1001
4500016870;10;9200000503;1000026;9999;NB;false;1160000;EA;1160000;0;2026-08-20;2026-04-21;2026-04-21;PRANATP;1710;81;1001
4500016871;10;9200000504;1000026;9999;NB;false;1035000;EA;1035000;0;2026-08-20;2026-04-21;2026-04-21;PRANATP;1710;81;1001
4500016872;10;9050013401;1000026;9999;NB;false;486000;EA;486000;0;2026-06-12;2026-04-21;2026-04-21;PRANATP;1710;81;1001
4500016873;10;9050013401;1000026;9998;NB;false;54000;EA;54000;0;2026-06-12;2026-04-21;2026-04-21;PRANATP;1110;81;1001
4500016874;10;9050013404;1000026;9999;NB;false;63000;EA;63000;0;2026-08-05;2026-04-21;2026-04-21;PRANATP;1710;81;1001
4500016875;10;9050013404;1000026;9998;NB;false;27000;EA;27000;0;2026-08-05;2026-04-21;2026-04-21;PRANATP;1110;81;1001
4500016876;10;9050013404;1000026;1711;NB;false;270000;EA;270000;0;2026-08-01;2026-04-21;2026-04-21;PRANATP;1710;81;1001
4500016887;10;9050088301;1009986;1786;NB;false;8000;EA;8000;0;2026-07-20;2026-04-21;2026-04-21;ZOULM;1780;197;8001
4500016887;20;9050088301;1009986;1787;NB;false;22000;EA;22000;0;2026-07-20;2026-04-21;2026-04-21;ZOULM;1780;197;8001
4500016893;10;9050059010;1010837;1786;ZSC;false;5000;EA;5000;0;2026-07-27;2026-04-22;2026-04-22;FITZSIC;1780;177;6002
4500016893;20;9050059010;1010837;1787;ZSC;false;11000;EA;11000;0;2026-07-27;2026-04-22;2026-04-22;FITZSIC;1780;177;6002
4500016893;30;9050059010;1010837;7803;ZSC;false;34000;EA;34000;0;2026-07-27;2026-04-22;2026-04-22;FITZSIC;1780;177;6002
4500016893;40;9050059010;1010837;7815;ZSC;false;50000;EA;50000;0;2026-07-27;2026-04-22;2026-04-22;FITZSIC;1780;177;6002
4500016894;10;9050064724;1010837;1786;ZSC;false;4000;EA;4000;0;2026-07-27;2026-04-22;2026-04-22;FITZSIC;1780;177;6002
4500016894;20;9050064724;1010837;1787;ZSC;false;16000;EA;16000;0;2026-07-27;2026-04-22;2026-04-22;FITZSIC;1780;177;6002
4500016894;30;9050064724;1010837;7803;ZSC;false;10000;EA;10000;0;2026-07-27;2026-04-22;2026-04-22;FITZSIC;1780;177;6002
4500016895;10;9050064725;1010837;1786;ZSC;false;3000;EA;3000;0;2026-07-27;2026-04-22;2026-04-22;FITZSIC;1780;177;6002
4500016895;20;9050064725;1010837;1787;ZSC;false;13000;EA;13000;0;2026-07-27;2026-04-22;2026-04-22;FITZSIC;1780;177;6002
4500016895;30;9050064725;1010837;7803;ZSC;false;14000;EA;14000;0;2026-07-27;2026-04-22;2026-04-22;FITZSIC;1780;177;6002
4500016899;10;6270001001;1000017;1712;NB;false;10000;EA;10000;0;2026-06-15;2026-04-22;2026-04-22;PRANATP;1710;81;0001
4500016902;10;9050056201;;7813;UB;true;408;EA;408;0;2026-04-22;2026-04-22;2026-04-22;FINERB;1780;182;6002
4500016902;20;9050056202;;7813;UB;true;96;EA;96;0;2026-04-22;2026-04-22;2026-04-22;FINERB;1780;182;6002
4500016902;30;9050056204;;7813;UB;true;600;EA;600;0;2026-04-22;2026-04-22;2026-04-22;FINERB;1780;182;6002
4500016902;40;9050056205;;7813;UB;true;312;EA;312;0;2026-04-22;2026-04-22;2026-04-22;FINERB;1780;182;6002
4500016902;50;9050059006;;7813;UB;true;120;EA;120;0;2026-04-22;2026-04-22;2026-04-22;FINERB;1780;182;6002
4500016914;10;9050067301;1001040;1722;ZSC;false;79560;EA;79560;0;2026-08-09;2026-04-22;2026-04-22;PRANATP;1710;81;1001
4500016915;10;9050099402;1001040;7101;ZSC;false;28080;EA;28080;0;2026-08-30;2026-04-22;2026-04-22;PRANATP;1710;81;1001
4500016916;10;9050108801;1001040;1714;ZSC;false;45360;EA;45360;0;2026-08-09;2026-04-22;2026-04-22;PRANATP;1710;81;1001
4500016917;10;9050109101;1001040;1714;ZSC;false;10800;EA;10800;0;2026-08-09;2026-04-22;2026-04-22;PRANATP;1710;81;1001
4500016918;10;9050108801;1001040;1114;ZSC;false;4320;EA;4320;0;2026-08-09;2026-04-22;2026-04-22;PRANATP;1110;81;1001
4500016919;10;9050109101;1001040;1114;ZSC;false;8640;EA;8640;0;2026-08-09;2026-04-22;2026-04-22;PRANATP;1110;81;1001
4500016920;10;9050117001;1001040;1114;ZSC;false;10368;EA;10368;0;2026-08-09;2026-04-22;2026-04-22;PRANATP;1110;81;1001
4500016921;10;9050114701;1001040;1114;ZSC;false;12600;EA;12600;0;2026-08-09;2026-04-22;2026-04-22;PRANATP;1110;81;1001
4500016922;10;9050115001;1001040;1114;ZSC;false;9450;EA;9450;0;2026-08-09;2026-04-22;2026-04-22;PRANATP;1110;81;1001
4500016923;10;9050130701;1001040;1113;ZSC;false;1470;EA;1470;0;2026-08-09;2026-04-22;2026-04-22;PRANATP;1110;81;1001
4500016924;10;9050129601;1001040;1113;ZSC;false;2100;EA;2100;0;2026-08-09;2026-04-22;2026-04-22;PRANATP;1110;81;1001
4500016925;10;9050067301;1001040;1721;ZSC;false;79560;EA;79560;0;2026-08-09;2026-04-22;2026-04-22;PRANATP;1710;81;1001
4500016926;10;9200004702;1001040;1722;ZSC;false;61200;EA;61200;0;2026-08-09;2026-04-22;2026-04-22;PRANATP;1710;81;1001
4500016927;10;9200004703;1001040;1722;ZSC;false;85680;EA;85680;0;2026-08-09;2026-04-22;2026-04-22;PRANATP;1710;81;1001
4500016928;10;9050099301;1001040;7101;ZSC;false;23760;EA;23760;0;2026-08-09;2026-04-22;2026-04-22;PRANATP;1710;81;1001
4500016929;10;9050099302;1001040;7101;ZSC;false;34560;EA;34560;0;2026-08-09;2026-04-22;2026-04-22;PRANATP;1710;81;1001
4500016930;10;9050099303;1001040;7101;ZSC;false;37800;EA;37800;0;2026-08-09;2026-04-22;2026-04-22;PRANATP;1710;81;1001
4500016931;10;9050099304;1001040;7101;ZSC;false;6480;EA;6480;0;2026-08-09;2026-04-22;2026-04-22;PRANATP;1710;81;1001
4500016932;10;9050099305;1001040;7101;ZSC;false;57240;EA;57240;0;2026-08-20;2026-04-22;2026-04-22;PRANATP;1710;81;1001
4500016933;10;9050099306;1001040;7101;ZSC;false;70200;EA;70200;0;2026-08-30;2026-04-22;2026-04-22;PRANATP;1710;81;1001
4500016934;10;9050099401;1001040;7101;ZSC;false;14040;EA;14040;0;2026-08-09;2026-04-22;2026-04-22;PRANATP;1710;81;1001
4500016935;10;9050109501;1001040;1734;NB;false;107520;EA;107520;0;2026-08-09;2026-04-22;2026-04-22;PRANATP;1710;81;1005
4500016936;10;9050109501;1001040;1722;NB;false;64512;EA;64512;0;2026-08-09;2026-04-22;2026-04-22;PRANATP;1710;81;1005
4500016937;10;9050109501;1001040;1114;NB;false;21504;EA;21504;0;2026-08-09;2026-04-22;2026-04-22;PRANATP;1110;81;1005
4500016938;10;9050116501;1001040;1714;NB;false;51000;EA;51000;0;2026-08-09;2026-04-22;2026-04-22;PRANATP;1710;81;1005
4500016939;10;9050116501;1001040;1711;NB;false;51000;EA;51000;0;2026-08-09;2026-04-22;2026-04-22;PRANATP;1710;81;1005
4500016940;10;9200003201;1013720;1722;NB;false;48000;EA;48000;0;2026-08-09;2026-04-22;2026-04-22;PRANATP;1710;81;1001
4500016941;10;9200003201;1013720;1734;NB;false;64000;EA;64000;0;2026-08-09;2026-04-22;2026-04-22;PRANATP;1710;81;1001
4500016942;10;9200003203;1013720;1722;NB;false;16000;EA;16000;0;2026-08-09;2026-04-22;2026-04-22;PRANATP;1710;81;1001
4500016943;10;9200003205;1013720;1722;NB;false;16000;EA;16000;0;2026-08-09;2026-04-22;2026-04-22;PRANATP;1710;81;1001
4500016944;10;9050103601;1001040;7101;ZSC;false;7488;EA;7488;0;2026-08-06;2026-04-22;2026-04-22;PRANATP;1710;81;1001
4500016945;10;9050119401;1001040;1722;ZSC;false;6120;EA;6120;0;2026-08-15;2026-04-22;2026-04-22;PRANATP;1710;81;1001
4500016950;10;9050142501;1012634;1711;ZSC;false;35000;EA;35000;0;2026-09-28;2026-04-23;2026-04-23;FITZSIC;1710;177;5003
4500016951;10;9050115801;1012634;1711;ZSC;false;35500;EA;35500;0;2026-09-28;2026-04-23;2026-04-23;FITZSIC;1710;177;5003
4500016952;10;9050142101;1012634;1711;ZSC;false;9500;EA;9500;0;2026-09-28;2026-04-23;2026-04-23;FITZSIC;1710;177;5003
4500016953;10;9050115701;1012634;1711;ZSC;false;25000;EA;25000;0;2026-09-28;2026-04-23;2026-04-23;FITZSIC;1710;177;5003
4500016954;10;9050115901;1012634;1711;ZSC;false;25000;EA;25000;0;2026-09-28;2026-04-23;2026-04-23;FITZSIC;1710;177;5003
4500016956;10;9050054201;1010837;7803;ZSC;false;20000;EA;20000;0;2026-08-31;2026-04-23;2026-04-23;CHENC;1780;198;4001
4500016957;10;9050061704;1010837;1786;ZSC;false;8000;EA;8000;0;2026-08-15;2026-04-23;2026-04-23;CHENC;1780;198;4001
4500016957;20;9050061704;1010837;1787;ZSC;false;17000;EA;17000;0;2026-08-15;2026-04-23;2026-04-23;CHENC;1780;198;4001
4500016958;10;9050062405;1010837;1786;ZSC;false;5000;EA;5000;0;2026-08-25;2026-04-23;2026-04-23;CHENC;1780;198;4001
4500016958;20;9050062405;1010837;1787;ZSC;false;20000;EA;20000;0;2026-08-25;2026-04-23;2026-04-23;CHENC;1780;198;4001
4500016960;10;6350014102;1000019;9997;NB;false;25000;EA;25000;0;2026-06-30;2026-04-23;2026-04-23;CHENC;1780;198;0001
4500016960;20;6350014405;1000019;9997;NB;false;25000;EA;25000;0;2026-06-30;2026-04-23;2026-04-23;CHENC;1780;198;0001
4500016960;30;6350014203;1000019;9997;NB;false;35000;EA;35000;0;2026-06-30;2026-04-23;2026-04-23;CHENC;1780;198;0001
4500016960;40;6350034501;1000019;9997;NB;false;25000;EA;25000;0;2026-06-30;2026-04-23;2026-04-23;CHENC;1780;198;0001
4500016960;50;6350014304;1000019;9997;NB;false;25000;EA;25000;0;2026-06-30;2026-04-23;2026-04-23;CHENC;1780;198;0001
4500016960;60;6350034602;1000019;9997;NB;false;50000;EA;50000;0;2026-06-30;2026-04-23;2026-04-23;CHENC;1780;198;0001
4500016960;70;6350005801;1000019;9997;NB;false;40000;EA;40000;0;2026-06-30;2026-04-23;2026-04-23;CHENC;1780;198;0001
4500016960;90;6350034703;1000019;9997;NB;false;80000;EA;80000;0;2026-06-30;2026-04-23;2026-04-23;CHENC;1780;198;0001
4500016964;10;9050054202;1010837;7803;ZSC;false;50000;EA;50000;0;2026-08-31;2026-04-23;2026-04-23;CHENC;1780;198;4001
4500016965;10;9050054203;1010837;7803;ZSC;false;80000;EA;80000;0;2026-08-31;2026-04-23;2026-04-23;CHENC;1780;198;4001
4500016969;10;9050061501;1010837;1787;ZSC;false;40000;EA;40000;0;2026-08-20;2026-04-23;2026-04-23;CHENC;1780;198;4001
4500016970;10;9050054102;1010837;1786;ZSC;false;8000;EA;8000;0;2026-08-25;2026-04-23;2026-04-23;CHENC;1780;198;4001
4500016970;20;9050054102;1010837;1787;ZSC;false;17000;EA;17000;0;2026-08-25;2026-04-23;2026-04-23;CHENC;1780;198;4001
4500016971;10;9050061603;1010837;1786;ZSC;false;8000;EA;8000;0;2026-09-01;2026-04-23;2026-04-23;CHENC;1780;198;4001
4500016971;20;9050061603;1010837;1787;ZSC;false;27000;EA;27000;0;2026-09-01;2026-04-23;2026-04-23;CHENC;1780;198;4001
4500016972;10;9050092702;1010525;1711;NB;false;1980;EA;1980;0;2026-09-28;2026-04-23;2026-04-23;CHENC;1710;198;3004
4500016972;20;9050092702;1010525;1714;NB;false;14520;EA;14520;0;2026-09-28;2026-04-23;2026-04-23;CHENC;1710;198;3004
4500016972;30;9050092702;1010525;7101;NB;false;24576;EA;24576;0;2026-09-28;2026-04-23;2026-04-23;CHENC;1710;198;3004
4500016973;10;9050091802;1010525;1711;NB;false;3840;EA;3840;0;2026-09-30;2026-04-23;2026-04-23;CHENC;1710;198;4001
4500016973;20;9050091802;1010525;1714;NB;false;18240;EA;18240;0;2026-09-30;2026-04-23;2026-04-23;CHENC;1710;198;4001
4500016973;30;9050091802;1010525;7101;NB;false;11046;EA;11046;0;2026-09-30;2026-04-23;2026-04-23;CHENC;1710;198;4001
4500016974;10;9050089502;1010525;1711;NB;false;4116;EA;4116;0;2026-10-09;2026-04-23;2026-04-23;CHENC;1710;198;3001
4500016974;20;9050089502;1010525;1714;NB;false;15840;EA;15840;0;2026-10-09;2026-04-23;2026-04-23;CHENC;1710;198;3001
4500016974;30;9050089502;1010525;7101;NB;false;21120;EA;21120;0;2026-10-09;2026-04-23;2026-04-23;CHENC;1710;198;3001
4500016975;10;9200003702;1001040;1734;NB;false;54000;EA;54000;0;2026-07-27;2026-04-23;2026-04-23;GHULEM;1710;188;1005
4500016976;10;9200003803;1009089;1734;ZSC;false;36000;EA;36000;0;2026-07-27;2026-04-23;2026-04-23;GHULEM;1710;188;1001
4500016978;10;6360007701;1000017;1714;NB;false;111000;EA;111000;0;2026-06-23;2026-04-23;2026-04-23;GHULEM;1710;188;0001
4500016979;10;9050125612;1003563;1722;ZSC;false;33264;EA;33264;0;2026-07-30;2026-04-23;2026-04-23;PRANATP;1710;81;1001
4500016980;10;9050089901;1003563;1722;ZSC;false;39960;EA;39960;0;2026-07-30;2026-04-23;2026-04-23;PRANATP;1710;81;1001
4500016981;10;9050110201;1003563;1722;ZSC;false;4320;EA;4320;0;2026-07-30;2026-04-23;2026-04-23;PRANATP;1710;81;1001
4500016982;10;9050110202;1003563;1722;ZSC;false;11880;EA;11880;0;2026-07-30;2026-04-23;2026-04-23;PRANATP;1710;81;1001
4500016983;10;9050125612;1003563;1722;ZSC;false;37584;EA;37584;0;2026-08-30;2026-04-23;2026-04-23;PRANATP;1710;81;1001
4500016984;10;9050099301;1003563;1722;ZSC;false;9720;EA;9720;0;2026-08-30;2026-04-23;2026-04-23;PRANATP;1710;81;1001
4500016985;10;9050099302;1003563;1722;ZSC;false;11880;EA;11880;0;2026-08-30;2026-04-23;2026-04-23;PRANATP;1710;81;1001
4500016986;10;9050099303;1003563;1722;ZSC;false;20520;EA;20520;0;2026-08-30;2026-04-23;2026-04-23;PRANATP;1710;81;1001
4500016987;10;9050099305;1003563;1722;ZSC;false;14040;EA;14040;0;2026-08-30;2026-04-23;2026-04-23;PRANATP;1710;81;1001
4500016988;10;9050099306;1003563;1722;ZSC;false;20592;EA;20592;0;2026-08-30;2026-04-23;2026-04-23;PRANATP;1710;81;1001
4500016989;10;9050099401;1003563;1722;ZSC;false;7560;EA;7560;0;2026-08-30;2026-04-23;2026-04-23;PRANATP;1710;81;1001
4500016990;10;9050099301;1003563;1722;ZSC;false;4320;EA;4320;0;2026-07-30;2026-04-23;2026-04-23;PRANATP;1710;81;1001
4500016991;10;9050099402;1003563;1722;ZSC;false;14976;EA;14976;0;2026-08-30;2026-04-23;2026-04-23;PRANATP;1710;81;1001
4500016992;10;9050121901;1003563;1722;ZSC;false;11232;EA;11232;0;2026-08-30;2026-04-23;2026-04-23;PRANATP;1710;81;1001
4500016993;10;9050089901;1003563;1722;ZSC;false;48600;EA;48600;0;2026-08-30;2026-04-23;2026-04-23;PRANATP;1710;81;1001
4500016994;10;9050089902;1003563;1722;ZSC;false;20520;EA;20520;0;2026-08-30;2026-04-23;2026-04-23;PRANATP;1710;81;1001
4500016995;10;9050089903;1003563;1722;ZSC;false;20520;EA;20520;0;2026-08-30;2026-04-23;2026-04-23;PRANATP;1710;81;1001
4500016996;10;9050089904;1003563;1722;ZSC;false;7560;EA;7560;0;2026-08-30;2026-04-23;2026-04-23;PRANATP;1710;81;1001
4500016997;10;9050110201;1003563;1722;ZSC;false;4320;EA;4320;0;2026-08-30;2026-04-23;2026-04-23;PRANATP;1710;81;1001
4500016998;10;9050110202;1003563;1722;ZSC;false;4320;EA;4320;0;2026-08-30;2026-04-23;2026-04-23;PRANATP;1710;81;1001
4500016999;10;9050114212;1003563;1722;ZSC;false;6480;EA;6480;0;2026-08-30;2026-04-23;2026-04-23;PRANATP;1710;81;1001
4500017001;10;9050099302;1003563;1722;ZSC;false;11880;EA;11880;0;2026-07-30;2026-04-23;2026-04-23;PRANATP;1710;81;1001
4500017002;10;9050125612;1003563;1722;ZSC;false;35856;EA;35856;0;2026-09-30;2026-04-23;2026-04-23;PRANATP;1710;81;1001
4500017003;10;9050099301;1003563;1722;ZSC;false;9720;EA;9720;0;2026-09-30;2026-04-23;2026-04-23;PRANATP;1710;81;1001
4500017004;10;9050099302;1003563;1722;ZSC;false;10800;EA;10800;0;2026-09-30;2026-04-23;2026-04-23;PRANATP;1710;81;1001
4500017005;10;9050099303;1003563;1722;ZSC;false;18360;EA;18360;0;2026-09-30;2026-04-23;2026-04-23;PRANATP;1710;81;1001
4500017006;10;9050099304;1003563;1722;ZSC;false;7560;EA;7560;0;2026-09-30;2026-04-23;2026-04-23;PRANATP;1710;81;1001
4500017007;10;9050099305;1003563;1722;ZSC;false;15120;EA;15120;0;2026-09-30;2026-04-23;2026-04-23;PRANATP;1710;81;1001
4500017008;10;9050099306;1003563;1722;ZSC;false;22464;EA;22464;0;2026-09-30;2026-04-23;2026-04-23;PRANATP;1710;81;1001
4500017009;10;9050099401;1003563;1722;ZSC;false;6480;EA;6480;0;2026-09-30;2026-04-23;2026-04-23;PRANATP;1710;81;1001
4500017010;10;9050099402;1003563;1722;ZSC;false;12168;EA;12168;0;2026-09-30;2026-04-23;2026-04-23;PRANATP;1710;81;1001
4500017011;10;9050121901;1003563;1722;ZSC;false;9360;EA;9360;0;2026-09-30;2026-04-23;2026-04-23;PRANATP;1710;81;1001
4500017012;10;9050099303;1003563;1722;ZSC;false;27000;EA;27000;0;2026-07-30;2026-04-23;2026-04-23;PRANATP;1710;81;1001
4500017013;10;9050089901;1003563;1722;ZSC;false;88560;EA;88560;0;2026-09-30;2026-04-23;2026-04-23;PRANATP;1710;81;1001
4500017014;10;9050089902;1003563;1722;ZSC;false;20520;EA;20520;0;2026-09-30;2026-04-23;2026-04-23;PRANATP;1710;81;1001
4500017015;10;9050089903;1003563;1722;ZSC;false;33480;EA;33480;0;2026-09-30;2026-04-23;2026-04-23;PRANATP;1710;81;1001
4500017016;10;9050089904;1003563;1722;ZSC;false;7560;EA;7560;0;2026-09-30;2026-04-23;2026-04-23;PRANATP;1710;81;1001
4500017017;10;9050110201;1003563;1722;ZSC;false;4320;EA;4320;0;2026-09-30;2026-04-23;2026-04-23;PRANATP;1710;81;1001
4500017018;10;9050110202;1003563;1722;ZSC;false;4320;EA;4320;0;2026-09-30;2026-04-23;2026-04-23;PRANATP;1710;81;1001
4500017019;10;9050114212;1003563;1722;ZSC;false;7344;EA;7344;0;2026-09-30;2026-04-23;2026-04-23;PRANATP;1710;81;1001
4500017020;10;9050099304;1003563;1722;ZSC;false;7560;EA;7560;0;2026-07-30;2026-04-23;2026-04-23;PRANATP;1710;81;1001
4500017021;10;9050099305;1003563;1722;ZSC;false;24840;EA;24840;0;2026-07-30;2026-04-23;2026-04-23;PRANATP;1710;81;1001
4500017022;10;9050099306;1003563;1722;ZSC;false;21528;EA;21528;0;2026-07-30;2026-04-23;2026-04-23;PRANATP;1710;81;1001
4500017023;10;9050099401;1003563;1722;ZSC;false;6480;EA;6480;0;2026-07-30;2026-04-23;2026-04-23;PRANATP;1710;81;1001
4500017024;10;9050099402;1003563;1722;ZSC;false;13104;EA;13104;0;2026-07-30;2026-04-23;2026-04-23;PRANATP;1710;81;1001
4500017026;10;9050058208;1010091;1786;NB;false;175000;EA;175000;0;2026-07-17;2026-04-23;2026-04-23;TEST_PEOUM;1780;200;6002
4500017026;20;9050126201;1010091;1786;NB;false;50000;EA;50000;0;2026-07-17;2026-04-23;2026-04-23;TEST_PEOUM;1780;200;6002
4500017027;10;9050058208;1010091;1786;NB;false;150000;EA;150000;0;2026-08-13;2026-04-23;2026-04-23;TEST_PEOUM;1780;200;6002
4500017027;20;9050058208;1010091;1787;NB;false;200000;EA;200000;0;2026-08-13;2026-04-23;2026-04-23;TEST_PEOUM;1780;200;6002
4500017028;10;9050058308;1010091;1786;NB;false;25000;EA;25000;0;2026-08-13;2026-04-23;2026-04-23;TEST_PEOUM;1780;200;6002
4500017028;20;9050058308;1010091;7803;NB;false;45000;EA;45000;0;2026-08-13;2026-04-23;2026-04-23;TEST_PEOUM;1780;200;6002
4500017028;30;9050058308;1010091;1787;NB;false;45000;EA;45000;0;2026-08-13;2026-04-23;2026-04-23;TEST_PEOUM;1780;200;6002
4500017029;10;9050126201;1010091;1786;NB;false;70000;EA;70000;0;2026-08-13;2026-04-23;2026-04-23;TEST_PEOUM;1780;200;6002
4500017029;20;9050126201;1010091;1787;NB;false;70000;EA;70000;0;2026-08-13;2026-04-23;2026-04-23;TEST_PEOUM;1780;200;6002
4500017031;10;9050124801;1004863;7101;NB;false;72780;EA;72780;0;2026-09-28;2026-04-24;2026-04-24;FITZSIC;1710;177;6001
4500017033;10;9200002701;1009011;1722;NB;false;72000;EA;72000;0;2026-08-24;2026-04-27;2026-04-27;GHULEM;1710;188;1001
4500017035;10;9050076501;;1711;UB;true;144;EA;144;0;2026-05-04;2026-04-27;2026-04-27;PRANATP;1710;81;1001
4500017037;10;9050091702;1010525;1722;NB;false;364386;EA;364386;0;2026-08-14;2026-04-27;2026-04-27;CHENC;1710;198;4001
4500017038;10;9050131201;1012585;1711;NB;false;50000;EA;50000;0;2026-08-01;2026-04-27;2026-04-27;ZOULM;1710;197;7002
4500017039;10;9050083202;1010837;1786;ZSC;false;25800;EA;25800;0;2026-05-10;2026-04-27;2026-04-27;ZOULM;1780;197;6001
4500017048;20;9050143731;1013046;7803;NB;false;100000;EA;100000;0;2026-08-31;2026-04-28;2026-04-28;TEST_PEOUM;1780;200;6002
4500017048;30;9050143832;1013046;7803;NB;false;100000;EA;100000;0;2026-08-31;2026-04-28;2026-04-28;TEST_PEOUM;1780;200;6002
4500017049;10;9050091702;1005413;1722;NB;false;236160;EA;236160;0;2026-08-14;2026-04-28;2026-04-28;CHENC;1710;198;4001
4500017049;20;9050091702;1005413;1721;NB;false;716160;EA;716160;0;2026-08-14;2026-04-28;2026-04-28;CHENC;1710;198;4001
4500017050;10;9150206110;1003563;7815;ZSC;false;42000;EA;42000;0;2026-06-29;2026-04-28;2026-04-28;FITZSIC;1780;177;6002
4500017053;10;9050099802;1012603;1714;ZSC;false;14400;EA;14400;0;2026-06-30;2026-04-28;2026-04-28;PRANATP;1710;81;1001
4500017054;10;9050099802;1012603;1712;ZSC;false;2880;EA;2880;0;2026-06-30;2026-04-28;2026-04-28;PRANATP;1710;81;1001
4500017055;10;9050099804;1012603;1711;ZSC;false;5760;EA;5760;0;2026-06-30;2026-04-28;2026-04-28;PRANATP;1710;81;1001
4500017056;10;9050144701;1012603;1711;ZSC;false;14400;EA;14400;0;2026-06-30;2026-04-28;2026-04-28;PRANATP;1710;81;1001
4500017057;10;9050144702;1012603;1714;ZSC;false;5760;EA;5760;0;2026-06-30;2026-04-28;2026-04-28;PRANATP;1710;81;1001
4500017058;10;9050144704;1012603;1714;ZSC;false;20160;EA;20160;0;2026-06-30;2026-04-28;2026-04-28;PRANATP;1710;81;1001
4500017059;10;9200002301;1012603;1722;ZSC;false;336960;EA;336960;0;2026-06-30;2026-04-28;2026-04-28;PRANATP;1710;81;1001
4500017060;10;9050110701;1009986;7101;NB;false;4536;EA;4536;0;2026-06-02;2026-04-28;2026-04-29;CHENC;1710;198;5001
4500017061;10;9050074101;1009066;1711;NB;false;15000;EA;15000;0;2026-08-31;2026-04-29;2026-04-29;ZOULM;1710;197;2002
4500017061;20;9050074101;1009066;7101;NB;false;70000;EA;70000;0;2026-08-31;2026-04-29;2026-04-29;ZOULM;1710;197;2002
4500017061;30;9050074101;1009066;1714;NB;false;15000;EA;15000;0;2026-08-31;2026-04-29;2026-04-29;ZOULM;1710;197;2002
4500017066;10;9050124508;1010516;7803;NB;false;30000;EA;30000;0;2026-09-30;2026-04-29;2026-04-29;TEST_PEOUM;1780;200;6002
4500017066;20;9050131610;1010516;7803;NB;false;90000;EA;90000;0;2026-09-30;2026-04-29;2026-04-29;TEST_PEOUM;1780;200;6002
4500017067;10;9050131610;1010516;1787;NB;false;10000;EA;10000;0;2026-09-30;2026-04-29;2026-04-29;TEST_PEOUM;1780;200;6002
4500017069;10;9050138023;1010516;7803;NB;false;30000;EA;30000;0;2026-09-30;2026-04-29;2026-04-29;TEST_PEOUM;1780;200;6001
4500017076;10;9050138023;1010516;7803;NB;false;40000;EA;40000;0;2026-07-03;2026-04-29;2026-04-29;TEST_PEOUM;1780;200;6001
4500017078;10;9050137910;1010516;7803;NB;false;50000;EA;50000;0;2026-08-14;2026-04-29;2026-04-29;TEST_PEOUM;1780;200;6001
4500017079;10;9050098002;1010516;7101;NB;false;125000;EA;125000;0;2026-09-30;2026-04-30;2026-04-30;TEST_PEOUM;1710;200;1003
4500017080;10;9050098002;1010516;1714;NB;false;75000;EA;75000;0;2026-09-30;2026-04-30;2026-04-30;TEST_PEOUM;1710;200;1003
4500017081;10;9050097702;1010516;1711;NB;false;50000;EA;50000;0;2026-09-30;2026-04-30;2026-04-30;TEST_PEOUM;1710;200;1003
4500017082;10;9050097702;1010516;1714;NB;false;75000;EA;75000;0;2026-09-30;2026-04-30;2026-04-30;TEST_PEOUM;1710;200;1003
4500017083;10;9050097702;1010516;7101;NB;false;225000;EA;225000;0;2026-09-30;2026-04-30;2026-04-30;TEST_PEOUM;1710;200;1003
4500017084;10;9050104601;1010516;1711;NB;false;5000;EA;5000;0;2026-09-30;2026-04-30;2026-04-30;TEST_PEOUM;1710;200;1003
4500017085;10;9050104601;1010516;1714;NB;false;80000;EA;80000;0;2026-09-30;2026-04-30;2026-04-30;TEST_PEOUM;1710;200;1003
4500017086;10;9050098701;1010516;1714;NB;false;35000;EA;35000;0;2026-09-30;2026-04-30;2026-04-30;TEST_PEOUM;1710;200;1003
4500017087;10;9050098701;1010516;7101;NB;false;59384;EA;59384;0;2026-09-30;2026-04-30;2026-04-30;TEST_PEOUM;1710;200;1003
4500017088;10;9050130101;1012574;1711;NB;false;50000;EA;50000;0;2026-07-27;2026-04-30;2026-04-30;ZOULM;1710;197;5001
4500017095;10;6350076001;1013881;7816;NB;false;7000;EA;7000;0;2026-05-26;2026-04-30;2026-04-30;CHENC;1780;198;0001
4500017098;10;9050146508;1005970;7101;ZSC;false;36504;EA;36504;0;2026-06-30;2026-04-30;2026-04-30;PRANATP;1710;81;1001
4500017099;10;9050146404;1005970;7101;ZSC;false;63180;EA;63180;0;2026-06-30;2026-04-30;2026-04-30;PRANATP;1710;81;1001
4500017100;10;9200004101;1009806;1714;ZSC;false;17280;EA;17280;0;2026-08-24;2026-04-30;2026-04-30;GHULEM;1710;188;1005
4500017101;10;9200004101;1009806;7101;ZSC;false;10368;EA;10368;0;2026-08-24;2026-04-30;2026-04-30;GHULEM;1710;188;1005
4500017102;10;9200000201;1005551;9999;NB;false;560000;EA;560000;0;2026-08-24;2026-04-30;2026-04-30;GHULEM;1710;188;1001
4500017103;10;9200000201;1005551;1722;NB;false;560000;EA;560000;0;2026-08-24;2026-04-30;2026-04-30;GHULEM;1710;188;1001
4500017104;10;9200000201;1005551;9999;NB;false;196000;EA;196000;0;2026-08-24;2026-04-30;2026-04-30;GHULEM;1710;188;1001
4500017105;10;9050111902;1003651;1114;NB;false;97386;EA;97386;0;2026-09-30;2026-04-30;2026-04-30;TEST_PEOUM;1110;200;1003
4500017106;10;9200000201;1005551;9999;NB;false;84000;EA;84000;0;2026-08-24;2026-04-30;2026-04-30;GHULEM;1710;188;1001
4500017110;10;9050083201;1010837;1786;ZSC;false;12000;EA;12000;0;2026-07-10;2026-05-01;2026-05-01;ZOULM;1780;197;6001
4500017110;20;9050083201;1010837;1787;ZSC;false;12000;EA;12000;0;2026-07-10;2026-05-01;2026-05-01;ZOULM;1780;197;6001
4500017111;10;9050082501;;7101;UB;true;10512;EA;2592;7920;2026-05-06;2026-05-01;2026-05-01;GHULEM;1710;188;1001
4500017112;10;9050057006;1000776;1786;ZSC;false;7000;EA;7000;0;2026-07-13;2026-05-01;2026-05-01;ZOULM;1780;197;6002
4500017112;20;9050057006;1000776;1787;ZSC;false;23000;EA;23000;0;2026-07-13;2026-05-01;2026-05-01;ZOULM;1780;197;6002
4500017125;10;9050093202;1004863;7101;NB;false;73344;EA;73344;0;2026-10-26;2026-05-05;2026-05-05;FITZSIC;1710;177;6002
4500017126;10;9050139910;1004863;7803;NB;false;56262;EA;56262;0;2026-10-26;2026-05-05;2026-05-05;FITZSIC;1780;177;6001
4500017127;20;9050092902;1004863;7101;NB;false;72780;EA;72780;0;2026-10-26;2026-05-05;2026-05-05;FITZSIC;1710;177;6001
4500017128;10;9050092902;1004863;7101;NB;false;145560;EA;145560;0;2026-10-26;2026-05-05;2026-05-05;FITZSIC;1710;177;6001
4500017129;10;9050093103;1004863;1714;NB;false;60648;EA;60648;0;2026-10-26;2026-05-05;2026-05-05;FITZSIC;1710;177;6001
4500017130;10;9050093102;1004863;7101;NB;false;145560;EA;145560;0;2026-10-26;2026-05-05;2026-05-05;FITZSIC;1710;177;6001
4500017131;10;9050093003;1004863;1714;NB;false;60648;EA;60648;0;2026-10-26;2026-05-05;2026-05-05;FITZSIC;1710;177;6001
4500017132;20;9050093003;1004863;1714;NB;false;60648;EA;60648;0;2026-10-26;2026-05-05;2026-05-05;FITZSIC;1710;177;6001
4500017133;10;9050139710;1004863;7803;NB;false;56262;EA;56262;0;2026-10-26;2026-05-05;2026-05-05;FITZSIC;1780;177;6001
4500017134;10;9050139831;1004863;7803;NB;false;56262;EA;56262;0;2026-10-26;2026-05-05;2026-05-05;FITZSIC;1780;177;6001
4500017142;10;9050136702;1001040;7101;ZSC;false;8424;EA;8424;0;2026-08-24;2026-05-05;2026-05-05;GHULEM;1710;188;1001
4500017143;10;9050136702;1001040;1714;ZSC;false;2808;EA;2808;0;2026-08-24;2026-05-05;2026-05-05;GHULEM;1710;188;1001
4500017144;10;9050136701;1001040;7101;ZSC;false;8424;EA;8424;0;2026-08-24;2026-05-05;2026-05-05;GHULEM;1710;188;1001
4500017145;10;9050136702;1001040;1711;ZSC;false;936;EA;936;0;2026-09-08;2026-05-05;2026-05-05;GHULEM;1710;188;1001
4500017146;10;9050074101;1009066;1711;NB;false;25000;EA;25000;0;2026-11-02;2026-05-05;2026-05-05;ZOULM;1710;197;2002
4500017146;20;9050074101;1009066;1714;NB;false;20000;EA;20000;0;2026-11-02;2026-05-05;2026-05-05;ZOULM;1710;197;2002
4500017146;30;9050074101;1009066;7101;NB;false;55000;EA;55000;0;2026-11-02;2026-05-05;2026-05-05;ZOULM;1710;197;2002
4500017147;10;9150227101;1003563;7815;ZSC;false;38360;EA;38360;0;2026-07-06;2026-05-05;2026-05-05;FITZSIC;1780;177;6002
4500017148;10;9050113502;1000776;1114;NB;false;50000;EA;50000;0;2026-11-03;2026-05-05;2026-05-05;CHENC;1110;198;1003
4500017149;10;9050096502;1000776;7101;NB;false;18000;EA;18000;0;2026-10-02;2026-05-05;2026-05-05;CHENC;1710;198;1003
4500017149;20;9050096502;1000776;1714;NB;false;7000;EA;7000;0;2026-10-02;2026-05-05;2026-05-05;CHENC;1710;198;1003
4500017150;10;9050093501;1004830;1714;NB;false;10000;EA;10000;0;2026-09-22;2026-05-05;2026-05-05;CHENC;1710;198;3003
4500017150;20;9050093501;1004830;7101;NB;false;40000;EA;40000;0;2026-09-22;2026-05-05;2026-05-05;CHENC;1710;198;3003
4500017151;10;9050092502;1010525;1711;NB;false;13200;EA;13200;0;2026-10-01;2026-05-05;2026-05-05;CHENC;1710;198;3001
4500017151;20;9050092502;1010525;1714;NB;false;5280;EA;5280;0;2026-10-01;2026-05-05;2026-05-05;CHENC;1710;198;3001
4500017151;30;9050092502;1010525;7101;NB;false;22596;EA;22596;0;2026-10-01;2026-05-05;2026-05-05;CHENC;1710;198;3001
4500017152;10;9050098401;1005413;1714;NB;false;24500;EA;24500;0;2026-09-18;2026-05-05;2026-05-05;CHENC;1710;198;4001
4500017152;20;9050098401;1005413;7101;NB;false;5000;EA;5000;0;2026-09-18;2026-05-05;2026-05-05;CHENC;1710;198;4001
4500017152;30;9050098401;1005413;1711;NB;false;1500;EA;1500;0;2026-09-18;2026-05-05;2026-05-05;CHENC;1710;198;4001
4500017153;10;9050091602;1010525;1711;NB;false;6720;EA;6720;0;2026-10-09;2026-05-05;2026-05-05;CHENC;1710;198;4001
4500017153;20;9050091602;1010525;1712;NB;false;1920;EA;1920;0;2026-10-09;2026-05-05;2026-05-05;CHENC;1710;198;4001
4500017153;30;9050091602;1010525;1714;NB;false;32000;EA;32000;0;2026-10-09;2026-05-05;2026-05-05;CHENC;1710;198;4001
4500017153;40;9050091602;1010525;7101;NB;false;81864;EA;81864;0;2026-10-09;2026-05-05;2026-05-05;CHENC;1710;198;4001
4500017153;50;9050100201;1010525;1711;NB;false;1500;EA;1500;0;2026-10-09;2026-05-05;2026-05-05;CHENC;1710;198;4001
4500017153;60;9050100201;1010525;7101;NB;false;8500;EA;8500;0;2026-10-09;2026-05-05;2026-05-05;CHENC;1710;198;4001
4500017154;10;9050092202;1000776;1711;NB;false;1920;EA;1920;0;2026-10-01;2026-05-05;2026-05-05;CHENC;1710;198;4001
4500017154;20;9050092202;1000776;1714;NB;false;18400;EA;18400;0;2026-10-01;2026-05-05;2026-05-05;CHENC;1710;198;4001
4500017154;30;9050092202;1000776;7101;NB;false;79680;EA;79680;0;2026-10-01;2026-05-05;2026-05-05;CHENC;1710;198;4001
4500017155;10;9050092302;1000776;1711;NB;false;1920;EA;1920;0;2026-10-01;2026-05-05;2026-05-05;CHENC;1710;198;4001
4500017155;20;9050092302;1000776;1714;NB;false;35840;EA;35840;0;2026-10-01;2026-05-05;2026-05-05;CHENC;1710;198;4001
4500017155;30;9050092302;1000776;7101;NB;false;42240;EA;42240;0;2026-10-01;2026-05-05;2026-05-05;CHENC;1710;198;4001
4500017155;40;9050102701;1000776;1711;NB;false;250;EA;250;0;2026-10-01;2026-05-05;2026-05-05;CHENC;1710;198;4001
4500017155;50;9050102701;1000776;7101;NB;false;2250;EA;2250;0;2026-10-01;2026-05-05;2026-05-05;CHENC;1710;198;4001
4500017158;10;6350056701;1013036;9997;NB;false;205000;EA;205000;0;2026-08-17;2026-05-06;2026-05-06;TEST_PEOUM;1780;200;0001
4500017158;30;6350074601;1013036;9997;NB;false;108000;EA;108000;0;2026-08-17;2026-05-06;2026-05-06;TEST_PEOUM;1780;200;0001
4500017158;40;6350074701;1013036;9997;NB;false;108000;EA;108000;0;2026-08-17;2026-05-06;2026-05-06;TEST_PEOUM;1780;200;0001
4500017159;10;9050139426;;7803;UB;true;804;EA;804;0;2026-04-30;2026-04-30;2026-05-06;HUGHESJ;1780;182;6001
4500017160;10;9050119627;;7803;UB;true;6660;EA;6660;0;2026-04-30;2026-04-30;2026-05-06;HUGHESJ;1780;182;6002
4500017161;10;9200001805;1000026;9999;NB;false;20000;M;20000;0;2026-06-10;2026-05-06;2026-05-06;PRANATP;1710;81;1001
4500017161;20;9200001801;1000026;9999;NB;false;240000;EA;240000;0;2026-06-10;2026-05-06;2026-05-06;PRANATP;1710;81;1001
4500017161;30;9200001802;1000026;9999;NB;false;230000;EA;230000;0;2026-06-10;2026-05-06;2026-05-06;PRANATP;1710;81;1001
4500017161;40;9200001804;1000026;9999;NB;false;980000;EA;980000;0;2026-06-10;2026-05-06;2026-05-06;PRANATP;1710;81;1001
4500017161;50;9200000502;1000026;9999;NB;false;291840;EA;291840;0;2026-06-10;2026-05-06;2026-05-06;PRANATP;1710;81;1001
4500017163;10;6360057301;1000337;9999;NB;false;250000;EA;250000;0;2026-05-25;2026-05-07;2026-05-07;ZOULM;1710;197;5003
4500017167;10;9050124104;;7803;UB;true;6660;EA;6660;0;2026-05-07;2026-05-07;2026-05-07;HUGHESJ;1780;182;6002
4500017169;10;9050056206;1009986;1786;ZSC;false;8500;EA;8500;0;2026-06-15;2026-05-07;2026-05-07;ZOULM;1780;197;6002
4500017169;20;9050056206;1009986;1787;ZSC;false;9000;EA;9000;0;2026-06-15;2026-05-07;2026-05-07;ZOULM;1780;197;6002
4500017171;10;9050133810;1010837;7803;ZSC;false;24000;EA;24000;0;2026-07-06;2026-05-07;2026-05-07;FITZSIC;1780;177;6001
4500017172;10;9050145901;1012634;1711;ZSC;false;15000;EA;15000;0;2026-10-01;2026-05-08;2026-05-08;FITZSIC;1710;177;4004
4500017173;10;6350002701;1011162;9997;NB;false;53820;EA;53820;0;2026-06-22;2026-05-08;2026-05-08;FITZSIC;1780;177;0001
4500017173;20;6350002703;1011162;9997;NB;false;45540;EA;45540;0;2026-06-22;2026-05-08;2026-05-08;FITZSIC;1780;177;0001
4500017173;30;6350002705;1011162;9997;NB;false;33120;EA;33120;0;2026-06-22;2026-05-08;2026-05-08;FITZSIC;1780;177;0001
4500017173;40;6350002710;1011162;9997;NB;false;66240;EA;66240;0;2026-06-22;2026-05-08;2026-05-08;FITZSIC;1780;177;0001
4500017173;50;6350002299;1011162;9997;NB;false;158720;EA;158720;0;2026-06-22;2026-05-08;2026-05-08;FITZSIC;1780;177;0001
4500017173;60;6350002299;1011162;9997;NB;false;40000;EA;40000;0;2026-06-22;2026-05-08;2026-05-08;FITZSIC;1780;177;0001
4500017174;10;6350037324;1013082;9997;NB;false;50000;EA;50000;0;2026-06-22;2026-05-08;2026-05-08;FITZSIC;1780;177;0001
4500017174;20;6350039599;1013082;9997;NB;false;50000;EA;50000;0;2026-06-22;2026-05-08;2026-05-08;FITZSIC;1780;177;0001
4500017178;10;6350075601;1009966;9999;NB;false;15750;EA;15750;0;2026-09-07;2026-05-11;2026-05-11;FITZSIC;1710;177;0001
4500017179;10;9150217701;1001912;1734;ZSC;false;62208;EA;62208;0;2026-05-11;2026-05-11;2026-05-11;CHENC;1710;198;4001
4500017180;10;6360015001;1002415;1114;NB;false;20000;EA;20000;0;2026-09-21;2026-05-11;2026-05-11;PRANATP;1110;81;0001
4500017180;20;6350057801;1002415;1114;NB;false;20000;EA;20000;0;2026-09-21;2026-05-11;2026-05-11;PRANATP;1110;81;0001
4500017187;50;9050103301;;1714;UB;true;7776;EA;59;7717;2026-05-20;2026-05-11;2026-05-11;CHENC;1780;198;5003
4500017194;10;9050119511;1010516;1786;NB;false;6000;EA;6000;0;2026-07-03;2026-05-11;2026-05-11;TEST_PEOUM;1780;200;6002
4500017194;20;9050131301;1010516;1786;NB;false;5000;EA;5000;0;2026-07-03;2026-05-11;2026-05-11;TEST_PEOUM;1780;200;6002
4500017194;30;9050131610;1010516;1786;NB;false;12000;EA;12000;0;2026-07-03;2026-05-11;2026-05-11;TEST_PEOUM;1780;200;6002
4500017194;40;9050131023;1010516;1786;NB;false;8000;EA;8000;0;2026-07-03;2026-05-11;2026-05-11;TEST_PEOUM;1780;200;6002
4500017194;50;9050131725;1010516;1786;NB;false;13000;EA;13000;0;2026-07-03;2026-05-11;2026-05-11;TEST_PEOUM;1780;200;6002
4500017195;10;9050119511;1010516;7803;NB;false;30000;EA;30000;0;2026-07-03;2026-05-11;2026-05-11;TEST_PEOUM;1780;200;6002
4500017195;20;9050131301;1010516;7803;NB;false;40000;EA;40000;0;2026-07-03;2026-05-11;2026-05-11;TEST_PEOUM;1780;200;6002
4500017195;30;9050131503;1010516;7803;NB;false;65000;EA;65000;0;2026-07-03;2026-05-11;2026-05-11;TEST_PEOUM;1780;200;6002
4500017195;40;9050131610;1010516;7803;NB;false;110000;EA;110000;0;2026-07-03;2026-05-11;2026-05-11;TEST_PEOUM;1780;200;6002
4500017195;50;9050131023;1010516;7803;NB;false;60000;EA;60000;0;2026-07-03;2026-05-11;2026-05-11;TEST_PEOUM;1780;200;6002
4500017195;60;9050131725;1010516;7803;NB;false;17000;EA;17000;0;2026-07-03;2026-05-11;2026-05-11;TEST_PEOUM;1780;200;6002
4500017196;10;9050131610;1010516;7803;NB;false;30000;EA;30000;0;2026-08-14;2026-05-11;2026-05-11;TEST_PEOUM;1780;200;6002
4500017196;20;9050131402;1010516;7803;NB;false;30000;EA;30000;0;2026-08-14;2026-05-11;2026-05-11;TEST_PEOUM;1780;200;6002
4500017196;30;9050131301;1010516;7803;NB;false;50000;EA;50000;0;2026-08-14;2026-05-11;2026-05-11;TEST_PEOUM;1780;200;6002
4500017196;40;9050131826;1010516;7803;NB;false;30000;EA;30000;0;2026-08-14;2026-05-11;2026-05-11;TEST_PEOUM;1780;200;6002
4500017197;10;9050131610;1010516;1786;NB;false;20000;EA;20000;0;2026-08-14;2026-05-11;2026-05-11;TEST_PEOUM;1780;200;6002
4500017197;20;9050131402;1010516;1786;NB;false;5000;EA;5000;0;2026-08-14;2026-05-11;2026-05-11;TEST_PEOUM;1780;200;6002
4500017197;30;9050131301;1010516;1786;NB;false;10000;EA;10000;0;2026-08-14;2026-05-11;2026-05-11;TEST_PEOUM;1780;200;6002
4500017198;30;9050131503;1010516;7803;NB;false;40000;EA;40000;0;2026-06-01;2026-05-11;2026-05-11;TEST_PEOUM;1780;200;6002
4500017198;40;9050131023;1010516;7803;NB;false;60000;EA;60;59940;2026-06-01;2026-05-11;2026-05-11;TEST_PEOUM;1780;200;6002
4500017199;10;9050119511;1010516;7803;NB;false;32000;EA;32000;0;2026-07-10;2026-05-11;2026-05-11;TEST_PEOUM;1780;200;6002
4500017199;20;9050131023;1010516;7803;NB;false;70000;EA;70000;0;2026-07-10;2026-05-11;2026-05-11;TEST_PEOUM;1780;200;6002
4500017199;30;9050131402;1010516;7803;NB;false;30000;EA;30000;0;2026-07-10;2026-05-11;2026-05-11;TEST_PEOUM;1780;200;6002
4500017199;40;9050131610;1010516;7803;NB;false;30000;EA;30000;0;2026-07-10;2026-05-11;2026-05-11;TEST_PEOUM;1780;200;6002
4500017199;50;9050131503;1010516;7803;NB;false;60000;EA;60000;0;2026-07-10;2026-05-11;2026-05-11;TEST_PEOUM;1780;200;6002
4500017204;10;9050136023;1010837;7803;NB;false;60000;EA;60000;0;2026-07-27;2026-05-12;2026-05-12;FITZSIC;1780;177;6002
4500017205;10;9050136427;1010837;7803;NB;false;35000;EA;35000;0;2026-07-27;2026-05-12;2026-05-12;FITZSIC;1780;177;6002
4500017210;10;6350024803;1000019;9997;NB;false;25000;EA;25000;0;2026-07-07;2026-05-12;2026-05-12;ZOULM;1780;197;0001
4500017210;20;6350025110;1000019;9997;NB;false;25000;EA;25000;0;2026-07-07;2026-05-12;2026-05-12;ZOULM;1780;197;0001
4500017214;10;6360044401;1000851;1714;NB;false;19800;EA;19800;0;2026-05-15;2026-05-13;2026-05-13;PRANATP;1710;81;0001
4500017216;10;6350073901;1013081;9997;NB;false;100000;EA;100000;0;2026-08-24;2026-05-13;2026-05-13;TEST_PEOUM;1780;200;0001
4500017216;20;6350073801;1013081;9997;NB;false;100000;EA;100000;0;2026-08-24;2026-05-13;2026-05-13;TEST_PEOUM;1780;200;0001
4500017218;10;9050096502;1000776;1714;NB;false;10000;EA;10000;0;2026-08-10;2026-05-14;2026-05-14;CHENC;1710;198;1003
4500017218;20;9050096502;1000776;7101;NB;false;15000;EA;15000;0;2026-08-10;2026-05-14;2026-05-14;CHENC;1710;198;1003
4500017219;10;9050139831;1004863;1786;NB;false;18754;EA;18754;0;2026-10-26;2026-05-14;2026-05-14;FITZSIC;1780;177;6001
4500017219;20;9050139831;1004863;1787;NB;false;18754;EA;18754;0;2026-10-26;2026-05-14;2026-05-14;FITZSIC;1780;177;6001
4500017219;30;9050139831;1004863;7803;NB;false;18754;EA;18754;0;2026-10-26;2026-05-14;2026-05-14;FITZSIC;1780;177;6001
4500017220;10;9050064727;1010837;1786;ZSC;false;11668;EA;11668;0;2026-08-31;2026-05-14;2026-05-14;FITZSIC;1780;177;6002
4500017220;20;9050064727;1010837;1787;ZSC;false;11666;EA;11666;0;2026-08-31;2026-05-14;2026-05-14;FITZSIC;1780;177;6002
4500017220;30;9050064727;1010837;7803;ZSC;false;11666;EA;11666;0;2026-08-31;2026-05-14;2026-05-14;FITZSIC;1780;177;6002
4500017221;10;9050059303;1010110;1786;ZSC;false;10000;EA;10000;0;2026-08-31;2026-05-14;2026-05-14;FITZSIC;1780;177;6002
4500017221;20;9050059303;1010110;1787;ZSC;false;10000;EA;10000;0;2026-08-31;2026-05-14;2026-05-14;FITZSIC;1780;177;6002
4500017221;30;9050059303;1010110;7803;ZSC;false;10000;EA;10000;0;2026-08-31;2026-05-14;2026-05-14;FITZSIC;1780;177;6002
4500017222;10;9050059310;1010110;1786;ZSC;false;6668;EA;6668;0;2026-08-31;2026-05-14;2026-05-14;FITZSIC;1780;177;6002
4500017222;20;9050059310;1010110;1787;ZSC;false;6666;EA;6666;0;2026-08-31;2026-05-14;2026-05-14;FITZSIC;1780;177;6002
4500017222;30;9050059310;1010110;7803;ZSC;false;6666;EA;6666;0;2026-08-31;2026-05-14;2026-05-14;FITZSIC;1780;177;6002
4500017223;10;9050064011;1002434;1786;NB;false;25000;EA;25000;0;2026-09-28;2026-05-14;2026-05-14;FITZSIC;1780;177;4001
4500017224;10;9050063713;1002434;1786;NB;false;25000;EA;25000;0;2026-08-31;2026-05-14;2026-05-14;FITZSIC;1780;177;4001
4500017225;10;9050064115;1002434;1786;NB;false;25000;EA;25000;0;2026-09-28;2026-05-14;2026-05-14;FITZSIC;1780;177;4001
4500017226;10;9050074023;1002434;1786;NB;false;25000;EA;25000;0;2026-08-31;2026-05-14;2026-05-14;FITZSIC;1780;177;4001
4500017227;10;9050074024;1002434;1786;NB;false;25000;EA;25000;0;2026-09-28;2026-05-14;2026-05-14;FITZSIC;1780;177;4001
4500017228;10;9050073901;1002434;1786;NB;false;25000;EA;25000;0;2026-09-28;2026-05-14;2026-05-14;FITZSIC;1780;177;4001
4500017229;10;9050073903;1002434;1786;NB;false;25000;EA;25000;0;2026-09-28;2026-05-14;2026-05-14;FITZSIC;1780;177;4001
4500017230;10;9050059001;1010837;1786;ZSC;false;33334;EA;33334;0;2026-08-31;2026-05-14;2026-05-14;FITZSIC;1780;177;6002
4500017230;20;9050059001;1010837;1787;ZSC;false;33333;EA;33333;0;2026-08-31;2026-05-14;2026-05-14;FITZSIC;1780;177;6002
4500017230;30;9050059001;1010837;7803;ZSC;false;33333;EA;33333;0;2026-08-31;2026-05-14;2026-05-14;FITZSIC;1780;177;6002
4500017231;10;9050136023;1010837;7803;NB;false;35000;EA;35000;0;2026-08-31;2026-05-14;2026-05-14;FITZSIC;1780;177;6002
4500017232;10;9050136427;1010837;7803;NB;false;35000;EA;35000;0;2026-08-31;2026-05-14;2026-05-14;FITZSIC;1780;177;6002
4500017233;20;9050092903;1004863;1714;NB;false;60648;EA;60648;0;2026-11-30;2026-05-14;2026-05-14;FITZSIC;1710;177;6001
4500017234;10;9050092902;1004863;7101;NB;false;218340;EA;218340;0;2026-11-30;2026-05-14;2026-05-14;FITZSIC;1710;177;6001
4500017235;10;9050093102;1004863;7101;NB;false;145560;EA;145560;0;2026-11-30;2026-05-14;2026-05-14;FITZSIC;1710;177;6001
4500017236;10;9050093003;1004863;1714;NB;false;60648;EA;60648;0;2026-11-30;2026-05-14;2026-05-14;FITZSIC;1710;177;6001
4500017237;10;9050093002;1004863;7101;NB;false;145560;EA;145560;0;2026-11-30;2026-05-14;2026-05-14;FITZSIC;1710;177;6001
4500017238;20;9050107203;1002434;1711;NB;false;50000;EA;50000;0;2026-09-28;2026-05-14;2026-05-14;FITZSIC;1710;177;4001
4500017239;20;9050107303;1002434;1711;NB;false;25000;EA;25000;0;2026-09-28;2026-05-14;2026-05-14;FITZSIC;1710;177;4001
4500017240;10;9050059002;1010837;1786;ZSC;false;40000;EA;40000;0;2026-08-31;2026-05-14;2026-05-14;FITZSIC;1780;177;6002
4500017240;20;9050059002;1010837;1787;ZSC;false;40000;EA;40000;0;2026-08-31;2026-05-14;2026-05-14;FITZSIC;1780;177;6002
4500017240;30;9050059002;1010837;7803;ZSC;false;40000;EA;40000;0;2026-08-31;2026-05-14;2026-05-14;FITZSIC;1780;177;6002
4500017241;10;9050059003;1010837;1786;ZSC;false;23334;EA;23334;0;2026-08-31;2026-05-14;2026-05-14;FITZSIC;1780;177;6002
4500017241;20;9050059003;1010837;1787;ZSC;false;23333;EA;23333;0;2026-08-31;2026-05-14;2026-05-14;FITZSIC;1780;177;6002
4500017241;30;9050059003;1010837;7803;ZSC;false;23333;EA;23333;0;2026-08-31;2026-05-14;2026-05-14;FITZSIC;1780;177;6002
4500017242;10;9050059005;1010837;1786;ZSC;false;13334;EA;13334;0;2026-08-31;2026-05-14;2026-05-14;FITZSIC;1780;177;6002
4500017242;20;9050059005;1010837;1787;ZSC;false;13333;EA;13333;0;2026-08-31;2026-05-14;2026-05-14;FITZSIC;1780;177;6002
4500017242;30;9050059005;1010837;7803;ZSC;false;13333;EA;13333;0;2026-08-31;2026-05-14;2026-05-14;FITZSIC;1780;177;6002
4500017243;10;9050059009;1010837;1786;ZSC;false;11668;EA;11668;0;2026-08-31;2026-05-14;2026-05-14;FITZSIC;1780;177;6002
4500017243;20;9050059009;1010837;1787;ZSC;false;11666;EA;11666;0;2026-08-31;2026-05-14;2026-05-14;FITZSIC;1780;177;6002
4500017243;30;9050059009;1010837;7803;ZSC;false;11666;EA;11666;0;2026-08-31;2026-05-14;2026-05-14;FITZSIC;1780;177;6002
4500017244;10;9050059010;1010837;1786;ZSC;false;50000;EA;50000;0;2026-08-31;2026-05-14;2026-05-14;FITZSIC;1780;177;6002
4500017244;20;9050059010;1010837;1787;ZSC;false;50000;EA;50000;0;2026-08-31;2026-05-14;2026-05-14;FITZSIC;1780;177;6002
4500017244;30;9050059010;1010837;7803;ZSC;false;50000;EA;50000;0;2026-08-31;2026-05-14;2026-05-14;FITZSIC;1780;177;6002
4500017244;40;9050059010;1010837;7815;ZSC;false;70000;EA;70000;0;2026-08-31;2026-05-14;2026-05-14;FITZSIC;1780;177;6002
4500017245;10;9050109811;1010837;1786;ZSC;false;33334;EA;33334;0;2026-08-31;2026-05-14;2026-05-14;FITZSIC;1780;177;6002
4500017245;20;9050109811;1010837;1787;ZSC;false;33333;EA;33333;0;2026-08-31;2026-05-14;2026-05-14;FITZSIC;1780;177;6002
4500017245;30;9050109811;1010837;7803;ZSC;false;33333;EA;33333;0;2026-08-31;2026-05-14;2026-05-14;FITZSIC;1780;177;6002
4500017246;10;9050064726;1010837;1786;ZSC;false;10000;EA;10000;0;2026-08-31;2026-05-14;2026-05-14;FITZSIC;1780;177;6002
4500017246;20;9050064726;1010837;1787;ZSC;false;10000;EA;10000;0;2026-08-31;2026-05-14;2026-05-14;FITZSIC;1780;177;6002
4500017246;30;9050064726;1010837;7803;ZSC;false;15000;EA;15000;0;2026-08-31;2026-05-14;2026-05-14;FITZSIC;1780;177;6002
4500017247;10;9050125301;1005970;7101;ZSC;false;400140;EA;400140;0;2026-07-30;2026-05-14;2026-05-14;PRANATP;1710;81;1001
4500017248;10;9050089804;1005970;7101;ZSC;false;100620;EA;100620;0;2026-07-30;2026-05-14;2026-05-14;PRANATP;1710;81;1001
4500017250;10;9050059005;;7803;UB;true;4196;EA;4196;0;2026-05-15;2026-05-15;2026-05-15;HUGHESJ;1780;182;6002
4500017259;10;MANDO134692;1010320;1786;NB;false;4500;EA;4500;0;2026-06-09;2026-05-16;2026-05-16;BROWNS;1780;182;0001
4500017260;10;6350000503;1011162;9997;NB;false;31500;EA;31500;0;2026-07-13;2026-05-16;2026-05-16;FITZSIC;1780;177;0001
4500017261;10;6350002299;1011162;9997;NB;false;334200;EA;334200;0;2026-07-13;2026-05-16;2026-05-16;FITZSIC;1780;177;0001
4500017261;20;6350002701;1011162;9997;NB;false;99360;EA;99360;0;2026-07-13;2026-05-16;2026-05-16;FITZSIC;1780;177;0001
4500017261;30;6350002702;1011162;9997;NB;false;16560;EA;16560;0;2026-07-13;2026-05-16;2026-05-16;FITZSIC;1780;177;0001
4500017261;40;6350002703;1011162;9997;NB;false;53820;EA;53820;0;2026-07-13;2026-05-16;2026-05-16;FITZSIC;1780;177;0001
4500017261;50;6350002705;1011162;9997;NB;false;33120;EA;33120;0;2026-07-13;2026-05-16;2026-05-16;FITZSIC;1780;177;0001
4500017261;60;6350002709;1011162;9997;NB;false;33120;EA;33120;0;2026-07-13;2026-05-16;2026-05-16;FITZSIC;1780;177;0001
4500017261;70;6350002710;1011162;9997;NB;false;140760;EA;140760;0;2026-07-13;2026-05-16;2026-05-16;FITZSIC;1780;177;0001
4500017261;80;6350042111;1011162;9997;NB;false;41400;EA;41400;0;2026-07-13;2026-05-16;2026-05-16;FITZSIC;1780;177;0001
4500017261;90;6350002299;1011162;9997;NB;false;320000;EA;320000;0;2026-07-13;2026-05-16;2026-05-16;FITZSIC;1780;177;0001
4500017261;100;6350002701;1011162;9997;NB;false;4140;EA;4140;0;2026-07-13;2026-05-16;2026-05-16;FITZSIC;1780;177;0001
4500017261;110;6350002702;1011162;9997;NB;false;66240;EA;66240;0;2026-07-13;2026-05-16;2026-05-16;FITZSIC;1780;177;0001
4500017261;120;6350002703;1011162;9997;NB;false;20700;EA;20700;0;2026-07-13;2026-05-16;2026-05-16;FITZSIC;1780;177;0001
4500017261;130;6350002710;1011162;9997;NB;false;86940;EA;86940;0;2026-07-13;2026-05-16;2026-05-16;FITZSIC;1780;177;0001
4500017261;140;6350042111;1011162;9997;NB;false;57960;EA;57960;0;2026-07-13;2026-05-16;2026-05-16;FITZSIC;1780;177;0001
4500017262;10;6350037526;1013082;9997;NB;false;50000;EA;50000;0;2026-07-13;2026-05-16;2026-05-16;FITZSIC;1780;177;0001
4500017262;20;6350042827;1013082;9997;NB;false;50000;EA;50000;0;2026-07-13;2026-05-16;2026-05-16;FITZSIC;1780;177;0001
4500017262;30;6350039599;1013082;9997;NB;false;100000;EA;100000;0;2026-07-13;2026-05-16;2026-05-16;FITZSIC;1780;177;0001
4500017263;10;MSPK2036;1012778;1114;NB;false;9000;EA;9000;0;2026-06-11;2026-05-18;2026-05-18;TAITB;1110;170;0001
4500017264;10;6360052201;1002120;1114;NB;false;15000;EA;15000;0;2026-06-15;2026-05-18;2026-05-18;TAITB;1110;170;0001
4500017264;20;MSPK2113;1002120;1114;NB;false;10000;EA;10000;0;2026-06-15;2026-05-18;2026-05-18;TAITB;1110;170;0001
4500017268;10;9050096402;1000776;1711;NB;false;2500;EA;2500;0;2026-10-12;2026-05-18;2026-05-18;CHENC;1710;198;1003
4500017268;20;9050096402;1000776;1712;NB;false;1800;EA;1800;0;2026-10-12;2026-05-18;2026-05-18;CHENC;1710;198;1003
4500017268;30;9050096402;1000776;1714;NB;false;30000;EA;30000;0;2026-10-12;2026-05-18;2026-05-18;CHENC;1710;198;1003
4500017268;40;9050096402;1000776;7101;NB;false;65700;EA;65700;0;2026-10-12;2026-05-18;2026-05-18;CHENC;1710;198;1003
4500017269;10;9050061603;1010837;1786;ZSC;false;10000;EA;10000;0;2026-09-10;2026-05-18;2026-05-18;CHENC;1780;198;4001
4500017269;20;9050061603;1010837;1787;ZSC;false;25000;EA;25000;0;2026-09-10;2026-05-18;2026-05-18;CHENC;1780;198;4001
4500017270;10;9050137401;1000776;1714;NB;false;20000;EA;20000;0;2026-10-19;2026-05-18;2026-05-18;CHENC;1710;198;1003
4500017270;20;9050137401;1000776;7101;NB;false;80000;EA;80000;0;2026-10-19;2026-05-18;2026-05-18;CHENC;1710;198;1003
4500017271;10;9050093601;1009968;1714;NB;false;60000;EA;60000;0;2026-09-07;2026-05-18;2026-05-18;CHENC;1710;198;3003
4500017271;20;9050093601;1009968;7101;NB;false;101800;EA;101800;0;2026-09-07;2026-05-18;2026-05-18;CHENC;1710;198;3003
4500017272;10;9050093401;1000776;1714;NB;false;50000;EA;50000;0;2026-10-13;2026-05-18;2026-05-18;CHENC;1710;198;3003
4500017272;20;9050093401;1000776;7101;NB;false;80000;EA;80000;0;2026-10-13;2026-05-18;2026-05-18;CHENC;1710;198;3003
4500017273;10;9050091802;1010525;1711;NB;false;960;EA;960;0;2026-10-30;2026-05-18;2026-05-18;CHENC;1710;198;4001
4500017273;20;9050091802;1010525;1712;NB;false;960;EA;960;0;2026-10-30;2026-05-18;2026-05-18;CHENC;1710;198;4001
4500017273;30;9050091802;1010525;1714;NB;false;18240;EA;18240;0;2026-10-30;2026-05-18;2026-05-18;CHENC;1710;198;4001
4500017273;40;9050091802;1010525;7101;NB;false;12966;EA;12966;0;2026-10-30;2026-05-18;2026-05-18;CHENC;1710;198;4001
4500017274;10;9050092202;1000776;1711;NB;false;1920;EA;1920;0;2026-10-20;2026-05-18;2026-05-18;CHENC;1710;198;4001
4500017274;20;9050092202;1000776;1712;NB;false;960;EA;960;0;2026-10-20;2026-05-18;2026-05-18;CHENC;1710;198;4001
4500017274;30;9050092202;1000776;1714;NB;false;50000;EA;50000;0;2026-10-20;2026-05-18;2026-05-18;CHENC;1710;198;4001
4500017274;40;9050092202;1000776;7101;NB;false;47120;EA;47120;0;2026-10-20;2026-05-18;2026-05-18;CHENC;1710;198;4001
4500017275;10;9050091702;1010525;1711;NB;false;3840;EA;3840;0;2026-08-20;2026-05-18;2026-05-18;CHENC;1710;198;4001
4500017275;20;9050091702;1010525;1712;NB;false;960;EA;960;0;2026-08-20;2026-05-18;2026-05-18;CHENC;1710;198;4001
4500017275;30;9050091702;1010525;1714;NB;false;21120;EA;21120;0;2026-08-20;2026-05-18;2026-05-18;CHENC;1710;198;4001
4500017275;40;9050091702;1010525;7101;NB;false;106584;EA;106584;0;2026-08-20;2026-05-18;2026-05-18;CHENC;1710;198;4001
4500017276;10;9050054201;1010837;7803;ZSC;false;50000;EA;50000;0;2026-09-21;2026-05-18;2026-05-18;CHENC;1780;198;4001
4500017277;10;9050054202;1010837;7803;ZSC;false;50000;EA;50000;0;2026-09-21;2026-05-18;2026-05-18;CHENC;1780;198;4001
4500017287;10;9200004101;1009806;7101;ZSC;false;55296;EA;55296;0;2026-07-20;2026-05-19;2026-05-19;GHULEM;1710;188;1005
4500017295;10;6350041811;1011162;9997;NB;false;45000;EA;45000;0;2026-07-14;2026-05-19;2026-05-19;ZOULM;1780;197;0001
4500017295;20;6350041911;1011162;9997;NB;false;35000;EA;35000;0;2026-07-14;2026-05-19;2026-05-19;ZOULM;1780;197;0001
4500017296;10;9050138327;1010516;7803;NB;false;40000;EA;40000;0;2026-10-05;2026-05-20;2026-05-20;TEST_PEOUM;1780;200;6001
4500017297;10;9050119511;1010516;1786;NB;false;5000;EA;5000;0;2026-10-19;2026-05-20;2026-05-20;TEST_PEOUM;1780;200;6002
4500017297;20;9050131402;1010516;1786;NB;false;5000;EA;5000;0;2026-10-19;2026-05-20;2026-05-20;TEST_PEOUM;1780;200;6002
4500017297;30;9050131023;1010516;1786;NB;false;4000;EA;4000;0;2026-10-19;2026-05-20;2026-05-20;TEST_PEOUM;1780;200;6002
4500017298;10;9050119627;1010516;1787;NB;false;4000;EA;4000;0;2026-10-19;2026-05-20;2026-05-20;TEST_PEOUM;1780;200;6002
4500017298;20;9050131402;1010516;1787;NB;false;5000;EA;5000;0;2026-10-19;2026-05-20;2026-05-20;TEST_PEOUM;1780;200;6002
4500017298;30;9050131023;1010516;1787;NB;false;16000;EA;16000;0;2026-10-19;2026-05-20;2026-05-20;TEST_PEOUM;1780;200;6002
4500017299;10;9050119511;1010516;7803;NB;false;45000;EA;45000;0;2026-10-19;2026-05-20;2026-05-20;TEST_PEOUM;1780;200;6002
4500017299;20;9050119627;1010516;7803;NB;false;26000;EA;26000;0;2026-10-19;2026-05-20;2026-05-20;TEST_PEOUM;1780;200;6002
4500017299;30;9050131402;1010516;7803;NB;false;40000;EA;40000;0;2026-10-19;2026-05-20;2026-05-20;TEST_PEOUM;1780;200;6002
4500017299;40;9050131610;1010516;7803;NB;false;80000;EA;80000;0;2026-10-19;2026-05-20;2026-05-20;TEST_PEOUM;1780;200;6002
4500017299;50;9050131023;1010516;7803;NB;false;100000;EA;100000;0;2026-10-19;2026-05-20;2026-05-20;TEST_PEOUM;1780;200;6002
4500017300;10;9050104601;1010516;1711;NB;false;10000;EA;10000;0;2026-10-05;2026-05-20;2026-05-20;TEST_PEOUM;1710;200;1003
4500017301;10;9050104601;1010516;1714;NB;false;75000;EA;75000;0;2026-10-05;2026-05-20;2026-05-20;TEST_PEOUM;1710;200;1003
4500017302;10;9050098701;1010516;1711;NB;false;10000;EA;10000;0;2026-10-27;2026-05-20;2026-05-20;TEST_PEOUM;1710;200;1003
4500017303;10;9050098701;1010516;1714;NB;false;30000;EA;30000;0;2026-10-27;2026-05-20;2026-05-20;TEST_PEOUM;1710;200;1003
4500017304;10;9050098701;1010516;7101;NB;false;60000;EA;60000;0;2026-10-27;2026-05-20;2026-05-20;TEST_PEOUM;1710;200;1003
4500017305;10;9050041101;1001040;1722;ZSC;false;11880;EA;11880;0;2026-09-28;2026-05-20;2026-05-20;GHULEM;1710;188;1001
4500017306;10;9050038407;1001040;1711;ZSC;false;2688;EA;2688;0;2026-09-28;2026-05-20;2026-05-20;GHULEM;1710;188;1001
4500017307;10;9050038408;1001040;1714;ZSC;false;2688;EA;2688;0;2026-09-28;2026-05-20;2026-05-20;GHULEM;1710;188;1001
4500017308;10;9050088703;1009089;7101;ZSC;false;16128;EA;16128;0;2026-09-28;2026-05-20;2026-05-20;GHULEM;1710;188;1001
4500017309;10;9200004101;1009806;7101;ZSC;false;17280;EA;17280;0;2026-09-28;2026-05-20;2026-05-20;GHULEM;1710;188;1005
4500017310;10;9200004101;1009806;1714;ZSC;false;48384;EA;48384;0;2026-09-28;2026-05-20;2026-05-20;GHULEM;1710;188;1005
4500017311;10;9050068701;1005970;7101;ZSC;false;101088;EA;101088;0;2026-08-03;2026-05-20;2026-05-20;GHULEM;1710;188;1001
4500017312;10;9050067905;1001040;7101;ZSC;false;4680;EA;4680;0;2026-09-28;2026-05-20;2026-05-20;GHULEM;1710;188;1001
4500017313;10;9050067909;1001040;7101;ZSC;false;56160;EA;56160;0;2026-09-28;2026-05-20;2026-05-20;GHULEM;1710;188;1001
4500017314;10;9050077909;1001040;7101;ZSC;false;93600;EA;93600;0;2026-09-28;2026-05-20;2026-05-20;GHULEM;1710;188;1001
4500017315;10;9050067910;1001040;7101;ZSC;false;56160;EA;56160;0;2026-09-28;2026-05-20;2026-05-20;GHULEM;1710;188;1001
4500017316;10;9050067911;1001040;7101;ZSC;false;4680;EA;4680;0;2026-09-28;2026-05-20;2026-05-20;GHULEM;1710;188;1001
4500017317;10;9050076102;1001040;7101;ZSC;false;14976;EA;14976;0;2026-09-28;2026-05-20;2026-05-20;GHULEM;1710;188;1001
4500017318;10;9050038405;1001040;1711;ZSC;false;5376;EA;5376;0;2026-09-28;2026-05-20;2026-05-20;GHULEM;1710;188;1001
4500017319;10;9050038405;1001040;1714;ZSC;false;18816;EA;18816;0;2026-09-28;2026-05-20;2026-05-20;GHULEM;1710;188;1001
4500017320;10;9200000307;1001040;1714;NB;false;18000;EA;18000;0;2026-09-28;2026-05-20;2026-05-20;GHULEM;1710;188;1005
4500017321;10;6360007701;1000017;1722;NB;false;35000;EA;35000;0;2026-07-27;2026-05-20;2026-05-20;GHULEM;1710;188;0001
4500017322;10;6360007701;1000017;1714;NB;false;115000;EA;115000;0;2026-07-27;2026-05-20;2026-05-20;GHULEM;1710;188;0001
4500017323;10;9200000308;1001040;1714;NB;false;9000;EA;9000;0;2026-09-28;2026-05-20;2026-05-20;GHULEM;1710;188;1005
4500017324;10;9050085901;1010267;7101;NB;false;69120;EA;69120;0;2026-09-28;2026-05-20;2026-05-20;GHULEM;1710;188;1007
4500017326;10;9200000201;1005551;9999;NB;false;392000;EA;392000;0;2026-09-28;2026-05-20;2026-05-20;GHULEM;1710;188;1001
4500017327;10;9200000201;1005551;9999;NB;false;280000;EA;280000;0;2026-09-28;2026-05-20;2026-05-20;GHULEM;1710;188;1001
4500017328;10;9200000201;1005551;1722;NB;false;1120000;EA;1120000;0;2026-09-28;2026-05-20;2026-05-20;GHULEM;1710;188;1001
4500017329;10;9200000201;1005551;7101;NB;false;196000;EA;196000;0;2026-09-28;2026-05-20;2026-05-20;GHULEM;1710;188;1001
4500017330;10;9200002701;1009011;1722;NB;false;216000;EA;216000;0;2026-09-28;2026-05-20;2026-05-20;GHULEM;1710;188;1001
4500017332;10;9050099804;1012603;1712;ZSC;false;2880;EA;2880;0;2026-06-30;2026-05-20;2026-05-20;PRANATP;1710;81;1001
4500017337;10;6110103501;1001443;1114;NB;false;480000;EA;480000;0;2026-06-30;2026-05-21;2026-05-21;PRANATP;1110;81;0001
4500017337;20;6110103601;1001443;1114;NB;false;480000;EA;480000;0;2026-06-30;2026-05-21;2026-05-21;PRANATP;1110;81;0001
4500017338;10;6110103501;1001443;1113;NB;false;5000;EA;5000;0;2026-06-30;2026-05-21;2026-05-21;PRANATP;1110;81;0001
4500017338;20;6110103601;1001443;1113;NB;false;5000;EA;5000;0;2026-06-30;2026-05-21;2026-05-21;PRANATP;1110;81;0001
4500017346;10;9050147301;1012574;1711;NB;false;200000;EA;200000;0;2026-08-27;2026-05-21;2026-05-21;WRENS;1710;71;5003
4500017347;10;6350014203;1000019;9997;NB;false;25000;EA;25000;0;2026-08-06;2026-05-21;2026-05-21;CHENC;1780;198;0001
4500017347;20;6350034501;1000019;9997;NB;false;50000;EA;50000;0;2026-08-06;2026-05-21;2026-05-21;CHENC;1780;198;0001
4500017347;30;6350034602;1000019;9997;NB;false;50000;EA;50000;0;2026-08-06;2026-05-21;2026-05-21;CHENC;1780;198;0001
4500017348;10;9200004102;1009806;1714;ZSC;false;10368;EA;10368;0;2026-08-31;2026-05-21;2026-05-21;GHULEM;1710;188;1005
4500017349;10;9200004102;1009806;7101;ZSC;false;13824;EA;13824;0;2026-08-31;2026-05-21;2026-05-21;GHULEM;1710;188;1005
4500017350;10;9050143532;1010837;7803;NB;false;25000;EA;25000;0;2026-07-27;2026-05-21;2026-05-21;ZOULM;1780;197;6002
4500017351;10;9050068701;1012389;7101;ZSC;false;18000;EA;18000;0;2026-06-05;2026-05-21;2026-05-21;GHULEM;1710;188;1001
4500017352;10;9050068701;1012389;7101;ZSC;false;18000;EA;18000;0;2026-06-05;2026-05-21;2026-05-21;GHULEM;1710;188;1001
4500017353;10;9050068701;1012389;7101;ZSC;false;18000;EA;18000;0;2026-06-05;2026-05-21;2026-05-21;GHULEM;1710;188;1001
4500017354;10;9050068701;1012389;7101;ZSC;false;18000;EA;18000;0;2026-06-05;2026-05-21;2026-05-21;GHULEM;1710;188;1001
4500017355;10;9050068701;1012389;7101;ZSC;false;18000;EA;18000;0;2026-06-05;2026-05-21;2026-05-21;GHULEM;1710;188;1001
4500017356;10;9050068701;1012389;7101;ZSC;false;18000;EA;18000;0;2026-06-05;2026-05-21;2026-05-21;GHULEM;1710;188;1001
4500017357;10;9050013401;1000026;9999;NB;false;254000;EA;254000;0;2026-07-15;2026-05-21;2026-05-21;PRANATP;1710;81;1001
4500017358;10;9050013404;1000026;1734;NB;false;90000;EA;90000;0;2026-09-03;2026-05-21;2026-05-21;PRANATP;1710;81;1001
4500017359;10;9050013404;1000026;7101;NB;false;225000;EA;225000;0;2026-09-03;2026-05-21;2026-05-21;PRANATP;1710;81;1001
4500017360;10;9050013401;1000026;1722;NB;false;150000;EA;150000;0;2026-08-24;2026-05-21;2026-05-21;PRANATP;1710;81;1001
4500017361;10;9050013404;1000026;1722;NB;false;270000;EA;270000;0;2026-09-08;2026-05-21;2026-05-21;PRANATP;1710;81;1001
4500017362;10;9050013404;1000026;1721;NB;false;450000;EA;450000;0;2026-08-19;2026-05-21;2026-05-21;PRANATP;1710;81;1001
4500017363;10;9050013404;1000026;9999;NB;false;540000;EA;540000;0;2026-09-03;2026-05-21;2026-05-21;PRANATP;1710;81;1001
4500017364;10;9050013402;1000026;1114;NB;false;12000;EA;12000;0;2026-08-05;2026-05-21;2026-05-21;PRANATP;1110;81;1001
4500017365;10;9050013402;1000026;1114;NB;false;12000;EA;12000;0;2026-09-30;2026-05-21;2026-05-21;PRANATP;1110;81;1001
4500017366;10;9050013404;1000026;1114;NB;false;90000;EA;90000;0;2026-08-05;2026-05-21;2026-05-21;PRANATP;1110;81;1001
4500017367;10;9050013404;1000026;1113;NB;false;9000;EA;9000;0;2026-08-05;2026-05-21;2026-05-21;PRANATP;1110;81;1001
4500017368;10;9050013401;1000026;9999;NB;false;300000;EA;300000;0;2026-09-23;2026-05-21;2026-05-21;PRANATP;1710;81;1001
4500017369;10;9200002301;1000026;9999;NB;false;375000;EA;375000;0;2026-09-23;2026-05-21;2026-05-21;PRANATP;1710;81;1001
4500017370;10;9050116404;1000026;1722;NB;false;63000;EA;63000;0;2026-09-08;2026-05-21;2026-05-21;PRANATP;1710;81;1001
4500017371;10;9050116404;1000026;1714;NB;false;201600;EA;201600;0;2026-09-11;2026-05-21;2026-05-21;PRANATP;1710;81;1001
4500017372;10;9050116404;1000026;1711;NB;false;214200;EA;214200;0;2026-08-24;2026-05-21;2026-05-21;PRANATP;1710;81;1001
4500017373;10;9050116404;1000026;9999;NB;false;100800;EA;100800;0;2026-09-03;2026-05-21;2026-05-21;PRANATP;1710;81;1001
4500017374;10;9050116404;1000026;1114;NB;false;37800;EA;37800;0;2026-08-05;2026-05-21;2026-05-21;PRANATP;1110;81;1001
4500017378;10;9200001803;1000026;9999;NB;false;270000;EA;270000;0;2026-08-10;2026-05-21;2026-05-21;PRANATP;1710;81;1001
4500017379;10;9050013401;1000026;9998;NB;false;50000;EA;50000;0;2026-09-23;2026-05-21;2026-05-21;PRANATP;1110;81;1001
4500017380;10;9200001804;1000026;9999;NB;false;700000;EA;700000;0;2026-08-10;2026-05-21;2026-05-21;PRANATP;1710;81;1001
4500017382;10;9200000501;1000026;9999;NB;false;6384000;EA;6384000;0;2026-08-08;2026-05-21;2026-05-21;PRANATP;1710;81;1001
4500017383;10;9200000502;1000026;9999;NB;false;1167360;EA;1167360;0;2026-08-08;2026-05-21;2026-05-21;PRANATP;1710;81;1001
4500017384;10;9200000505;1000026;9999;NB;false;36000;M;36000;0;2026-08-08;2026-05-21;2026-05-21;PRANATP;1710;81;1001
4500017385;10;9200000503;1000026;9999;NB;false;1015000;EA;1015000;0;2026-09-19;2026-05-21;2026-05-21;PRANATP;1710;81;1001
4500017386;10;9200000504;1000026;9999;NB;false;1155000;EA;1155000;0;2026-09-19;2026-05-21;2026-05-21;PRANATP;1710;81;1001
4500017387;10;9050013404;1000026;9999;NB;false;90000;EA;90000;0;2026-09-23;2026-05-21;2026-05-21;PRANATP;1710;81;1001
4500017388;10;9050013404;1000026;9998;NB;false;36000;EA;36000;0;2026-09-23;2026-05-21;2026-05-21;PRANATP;1110;81;1001
4500017389;10;9050013404;1000026;1711;NB;false;207000;EA;207000;0;2026-08-24;2026-05-21;2026-05-21;PRANATP;1710;81;1001
4500017390;10;9050013404;1000026;1714;NB;false;324000;EA;324000;0;2026-09-11;2026-05-21;2026-05-21;PRANATP;1710;81;1001
4500017391;10;9050013402;1000026;1714;NB;false;144000;EA;144000;0;2026-09-11;2026-05-21;2026-05-21;PRANATP;1710;81;1001
4500017392;10;9050013402;1000026;1714;NB;false;180000;EA;180000;0;2026-09-30;2026-05-21;2026-05-21;PRANATP;1710;81;1001
4500017395;10;9050088706;1003563;1722;ZSC;false;21600;EA;21600;0;2026-07-21;2026-05-22;2026-05-22;GHULEM;1710;188;1001
4500017396;10;9200003802;1009089;1714;ZSC;false;9600;EA;9600;0;2026-09-21;2026-05-22;2026-05-22;GHULEM;1710;188;1001
4500017397;10;9050092903;1004863;1714;NB;false;60648;EA;60648;0;2026-07-31;2026-05-24;2026-05-24;FITZSIC;1710;177;6001
4500017398;10;6350075501;1013496;7815;NB;false;45000;EA;45000;0;2026-06-18;2026-05-26;2026-05-26;FITZSIC;1780;177;0001
4500017399;10;6360050001;1010320;1787;NB;false;1566000;EA;1566000;0;2026-05-28;2026-05-26;2026-05-26;THIENEA;1780;185;01
4500017412;10;9050013404;1003988;1722;ZSC;false;252000;EA;252000;0;2026-07-30;2026-05-26;2026-05-26;PRANATP;1710;81;1001
4500017414;10;9050109501;1001040;1714;NB;false;21504;EA;21504;0;2026-09-15;2026-05-26;2026-05-26;PRANATP;1710;81;1005
4500017415;10;9050109501;1001040;1722;NB;false;43008;EA;43008;0;2026-09-15;2026-05-26;2026-05-26;PRANATP;1710;81;1005
4500017416;10;9050109501;1001040;1114;NB;false;21504;EA;21504;0;2026-09-15;2026-05-26;2026-05-26;PRANATP;1110;81;1005
4500017417;10;9200003201;1013720;1722;NB;false;48000;EA;48000;0;2026-09-15;2026-05-26;2026-05-26;PRANATP;1710;81;1001
4500017418;10;9200003202;1013720;1722;NB;false;16000;EA;16000;0;2026-09-15;2026-05-26;2026-05-26;PRANATP;1710;81;1001
4500017419;10;9200003203;1013720;1722;NB;false;16000;EA;16000;0;2026-09-15;2026-05-26;2026-05-26;PRANATP;1710;81;1001
4500017420;10;9200003204;1013720;1722;NB;false;32000;EA;32000;0;2026-09-15;2026-05-26;2026-05-26;PRANATP;1710;81;1001
4500017421;10;9200003205;1013720;1722;NB;false;16000;EA;16000;0;2026-09-15;2026-05-26;2026-05-26;PRANATP;1710;81;1001
4500017422;10;9050067301;1001040;1721;ZSC;false;159120;EA;159120;0;2026-09-15;2026-05-26;2026-05-26;PRANATP;1710;81;1001
4500017423;10;9050109101;1001040;1714;ZSC;false;4320;EA;4320;0;2026-09-15;2026-05-26;2026-05-26;PRANATP;1710;81;1001
4500017424;10;9050108801;1001040;1114;ZSC;false;10800;EA;10800;0;2026-09-15;2026-05-26;2026-05-26;PRANATP;1110;81;1001
4500017425;10;9050109001;1001040;1114;ZSC;false;4320;EA;4320;0;2026-09-15;2026-05-26;2026-05-26;PRANATP;1110;81;1001
4500017426;10;9050109101;1001040;1114;ZSC;false;12960;EA;12960;0;2026-09-15;2026-05-26;2026-05-26;PRANATP;1110;81;1001
4500017427;10;9050114701;1001040;1114;ZSC;false;25200;EA;25200;0;2026-09-15;2026-05-26;2026-05-26;PRANATP;1110;81;1001
4500017428;10;9050115001;1001040;1114;ZSC;false;6750;EA;6750;0;2026-09-15;2026-05-26;2026-05-26;PRANATP;1110;81;1001
4500017429;10;9200004701;1001040;1722;ZSC;false;12240;EA;12240;0;2026-09-15;2026-05-26;2026-05-26;PRANATP;1710;81;1001
4500017430;10;9200004703;1001040;1722;ZSC;false;55080;EA;55080;0;2026-09-15;2026-05-26;2026-05-26;PRANATP;1710;81;1001
4500017431;10;9200004705;1001040;1722;ZSC;false;48960;EA;48960;0;2026-09-15;2026-05-26;2026-05-26;PRANATP;1710;81;1001
4500017432;10;9050099301;1001040;7101;ZSC;false;9720;EA;9720;0;2026-09-15;2026-05-26;2026-05-26;PRANATP;1710;81;1001
4500017433;10;9050099302;1001040;7101;ZSC;false;15120;EA;15120;0;2026-09-15;2026-05-26;2026-05-26;PRANATP;1710;81;1001
4500017434;10;9050099303;1001040;7101;ZSC;false;48600;EA;48600;0;2026-09-15;2026-05-26;2026-05-26;PRANATP;1710;81;1001
4500017435;10;9050099304;1001040;7101;ZSC;false;36720;EA;36720;0;2026-09-15;2026-05-26;2026-05-26;PRANATP;1710;81;1001
4500017436;10;9050099305;1001040;7101;ZSC;false;39960;EA;39960;0;2026-09-15;2026-05-26;2026-05-26;PRANATP;1710;81;1001
4500017437;10;9050099306;1001040;7101;ZSC;false;60840;EA;60840;0;2026-09-15;2026-05-26;2026-05-26;PRANATP;1710;81;1001
4500017438;10;9050099401;1001040;7101;ZSC;false;6480;EA;6480;0;2026-09-15;2026-05-26;2026-05-26;PRANATP;1710;81;1001
4500017439;10;9050108901;1001040;1714;ZSC;false;28080;EA;28080;0;2026-09-15;2026-05-26;2026-05-26;PRANATP;1710;81;1001
4500017443;10;9050115101;1000026;1114;NB;false;29520;EA;29520;0;2026-07-30;2026-05-27;2026-05-27;PRANATP;1110;81;1001
4500017444;10;9050115101;1000026;1114;NB;false;35424;EA;35424;0;2026-08-30;2026-05-27;2026-05-27;PRANATP;1110;81;1001
4500017445;10;9050115301;1000026;1114;NB;false;7200;EA;7200;0;2026-07-30;2026-05-27;2026-05-27;PRANATP;1110;81;1001
4500017447;10;9050115301;1000026;1114;NB;false;3600;EA;3600;0;2026-08-30;2026-05-27;2026-05-27;PRANATP;1110;81;1001
4500017453;10;9050129802;1000026;1114;NB;false;2700;EA;2700;0;2026-07-30;2026-05-27;2026-05-27;PRANATP;1110;81;1001
4500017454;10;9050129803;1000026;1114;NB;false;2700;EA;2700;0;2026-07-30;2026-05-27;2026-05-27;PRANATP;1110;81;1001
4500017455;10;9050100104;1000026;1114;NB;false;10476;EA;10476;0;2026-07-30;2026-05-27;2026-05-27;PRANATP;1110;81;1001
4500017456;10;9050100108;1000026;1114;NB;false;3096;EA;3096;0;2026-07-30;2026-05-27;2026-05-27;PRANATP;1110;81;1001
4500017457;10;9050106101;1000026;1114;NB;false;7776;EA;7776;0;2026-07-30;2026-05-27;2026-05-27;PRANATP;1110;81;1001
4500017458;10;9050100104;1000026;1114;NB;false;15714;EA;15714;0;2026-08-30;2026-05-27;2026-05-27;PRANATP;1110;81;1001
4500017459;10;9050106101;1000026;1114;NB;false;3888;EA;3888;0;2026-08-30;2026-05-27;2026-05-27;PRANATP;1110;81;1001
4500017460;10;6350000802;1011162;9997;NB;false;30000;EA;30000;0;2026-08-11;2026-05-27;2026-05-27;ZOULM;1780;197;0001
4500017460;20;6350000902;1011162;9997;NB;false;10000;EA;10000;0;2026-08-11;2026-05-27;2026-05-27;ZOULM;1780;197;0001
4500017460;30;6350000803;1011162;9997;NB;false;25000;EA;25000;0;2026-08-11;2026-05-27;2026-05-27;ZOULM;1780;197;0001
4500017460;40;6350000903;1011162;9997;NB;false;15000;EA;15000;0;2026-08-11;2026-05-27;2026-05-27;ZOULM;1780;197;0001
4500017460;50;6350000804;1011162;9997;NB;false;25000;EA;25000;0;2026-08-11;2026-05-27;2026-05-27;ZOULM;1780;197;0001
4500017460;60;6350000904;1011162;9997;NB;false;30000;EA;30000;0;2026-08-11;2026-05-27;2026-05-27;ZOULM;1780;197;0001
4500017460;70;6350000805;1011162;9997;NB;false;25000;EA;25000;0;2026-08-11;2026-05-27;2026-05-27;ZOULM;1780;197;0001
4500017460;80;6350000905;1011162;9997;NB;false;30000;EA;30000;0;2026-08-11;2026-05-27;2026-05-27;ZOULM;1780;197;0001
4500017460;90;6350000810;1011162;9997;NB;false;25000;EA;25000;0;2026-08-11;2026-05-27;2026-05-27;ZOULM;1780;197;0001
4500017460;100;6350000910;1011162;9997;NB;false;20000;EA;20000;0;2026-08-11;2026-05-27;2026-05-27;ZOULM;1780;197;0001
4500017460;110;6350041811;1011162;9997;NB;false;30000;EA;30000;0;2026-08-11;2026-05-27;2026-05-27;ZOULM;1780;197;0001
4500017460;120;6350041911;1011162;9997;NB;false;30000;EA;30000;0;2026-08-11;2026-05-27;2026-05-27;ZOULM;1780;197;0001
4500017463;10;9050057001;1009986;1787;ZSC;false;30000;EA;30000;0;2026-06-16;2026-05-27;2026-05-27;ZOULM;1780;197;6002
4500017465;10;9050111902;1003651;1114;NB;false;97386;EA;97386;0;2026-12-31;2026-05-27;2026-05-27;TEST_PEOUM;1110;200;1003
4500017466;10;9050111902;1003651;1114;NB;false;97386;EA;97386;0;2027-03-31;2026-05-27;2026-05-27;TEST_PEOUM;1110;200;1003
4500017467;10;6350047701;1009321;9999;NB;false;136500;EA;136500;0;2026-08-14;2026-05-27;2026-05-27;FITZSIC;1710;177;0001
4500017469;30;9050068801;;7101;UB;true;57600;EA;57600;0;2026-06-05;2026-05-28;2026-05-28;PRANATP;1710;81;1001
4500017469;40;9050088704;;7101;UB;true;9768;EA;9768;0;2026-06-05;2026-05-28;2026-05-28;PRANATP;1710;81;1001
4500017472;10;6350062802;1012591;9999;NB;false;110000;EA;110000;0;2026-08-14;2026-05-28;2026-05-28;FITZSIC;1710;177;0001
4500017474;10;9050110801;1012389;7101;ZSC;false;5040;EA;5040;0;2026-06-10;2026-05-28;2026-05-28;GHULEM;1710;188;1001
4500017476;10;9050110801;1012389;7101;ZSC;false;5040;EA;5040;0;2026-06-11;2026-05-28;2026-05-28;GHULEM;1710;188;1001
4500017478;10;9050110801;1012389;7101;ZSC;false;5040;EA;5040;0;2026-06-12;2026-05-28;2026-05-28;GHULEM;1710;188;1001
4500017479;10;9050110801;1012389;7101;ZSC;false;5040;EA;5040;0;2026-06-12;2026-05-28;2026-05-28;GHULEM;1710;188;1001
4500017481;10;9050061603;1000776;1786;ZSC;false;8000;EA;8000;0;2026-10-26;2026-05-28;2026-05-28;CHENC;1780;198;4001
4500017481;20;9050061603;1000776;1787;ZSC;false;7000;EA;7000;0;2026-10-26;2026-05-28;2026-05-28;CHENC;1780;198;4001
4500017482;10;9050091702;1010525;1711;NB;false;3840;EA;3840;0;2026-10-09;2026-05-28;2026-05-28;CHENC;1710;198;4001
4500017482;20;9050091702;1010525;1712;NB;false;960;EA;960;0;2026-10-09;2026-05-28;2026-05-28;CHENC;1710;198;4001
4500017482;30;9050091702;1010525;7101;NB;false;160830;EA;160830;0;2026-10-09;2026-05-28;2026-05-28;CHENC;1710;198;4001
4500017483;10;9050096802;1000776;1711;NB;false;15000;EA;15000;0;2026-10-26;2026-05-28;2026-05-28;CHENC;1710;198;5001
4500017483;20;9050096802;1000776;1712;NB;false;2088;EA;2088;0;2026-10-26;2026-05-28;2026-05-28;CHENC;1710;198;5001
4500017483;30;9050096802;1000776;1714;NB;false;34912;EA;34912;0;2026-10-26;2026-05-28;2026-05-28;CHENC;1710;198;5001
4500017483;40;9050096802;1000776;7101;NB;false;98000;EA;98000;0;2026-10-26;2026-05-28;2026-05-28;CHENC;1710;198;5001
4500017484;10;9150239301;1003563;1722;ZSC;false;35040;EA;35040;0;2026-08-28;2026-05-28;2026-05-28;FITZSIC;1710;177;4004
4500017485;10;9200003702;1001040;1722;NB;false;18000;EA;18000;0;2026-09-21;2026-05-29;2026-05-29;GHULEM;1710;188;1005
4500017486;20;9150231601;1003563;1722;ZSC;false;42436;EA;42436;0;2026-08-28;2026-05-29;2026-05-29;CHENC;1710;198;4003
4500017487;20;9150234301;1003563;1722;ZSC;false;65000;EA;65000;0;2026-08-28;2026-05-29;2026-05-29;CHENC;1710;198;4003
4500017488;10;9050145801;1012913;1711;NB;false;10000;EA;10000;0;2026-07-13;2026-05-29;2026-05-29;FITZSIC;1710;177;3003
4500017492;10;9200001301;1000026;9999;NB;false;50000;EA;50000;0;2026-08-31;2026-05-29;2026-05-29;GHULEM;1710;188;1001
4500017493;10;9200001401;1000026;1714;NB;false;9000;EA;9000;0;2026-09-18;2026-05-29;2026-05-29;GHULEM;1710;188;1001
4500017494;10;9200001401;1000026;9999;NB;false;18000;EA;18000;0;2026-09-14;2026-05-29;2026-05-29;GHULEM;1710;188;1001
4500017495;10;9050073901;1002434;1787;NB;false;8333;EA;8333;0;2026-11-30;2026-05-29;2026-05-29;FITZSIC;1780;177;4001
4500017495;20;9050073901;1002434;7817;NB;false;8333;EA;8333;0;2026-11-30;2026-05-29;2026-05-29;FITZSIC;1780;177;4001
4500017495;30;9050073901;1002434;7818;NB;false;8334;EA;8334;0;2026-11-30;2026-05-29;2026-05-29;FITZSIC;1780;177;4001
4500017496;10;9050073902;1002434;1787;NB;false;8333;EA;8333;0;2026-11-30;2026-05-29;2026-05-29;FITZSIC;1780;177;4001
4500017496;20;9050073902;1002434;7817;NB;false;8333;EA;8333;0;2026-11-30;2026-05-29;2026-05-29;FITZSIC;1780;177;4001
4500017496;30;9050073902;1002434;7818;NB;false;8334;EA;8334;0;2026-11-30;2026-05-29;2026-05-29;FITZSIC;1780;177;4001
4500017497;10;9050073903;1002434;1787;NB;false;8333;EA;8333;0;2026-12-28;2026-05-29;2026-05-29;FITZSIC;1780;177;4001
4500017497;20;9050073903;1002434;7817;NB;false;8333;EA;8333;0;2026-12-28;2026-05-29;2026-05-29;FITZSIC;1780;177;4001
4500017497;30;9050073903;1002434;7818;NB;false;8334;EA;8334;0;2026-12-28;2026-05-29;2026-05-29;FITZSIC;1780;177;4001
4500017498;10;9050074025;1002434;1787;NB;false;8333;EA;8333;0;2026-12-28;2026-05-29;2026-05-29;FITZSIC;1780;177;4001
4500017498;20;9050074025;1002434;7817;NB;false;8333;EA;8333;0;2026-12-28;2026-05-29;2026-05-29;FITZSIC;1780;177;4001
4500017498;30;9050074025;1002434;7818;NB;false;8334;EA;8334;0;2026-12-28;2026-05-29;2026-05-29;FITZSIC;1780;177;4001
4500017499;20;9200005102;1005025;9999;NB;false;106000;G;106000;0;2026-08-03;2026-05-30;2026-05-30;FITZSIC;1710;177;4004
4500017499;30;9200005202;1005025;9999;NB;false;160000;G;160000;0;2026-08-03;2026-05-30;2026-05-30;FITZSIC;1710;177;4004
4500017499;40;9200005601;1005025;9999;NB;false;186000;G;186000;0;2026-08-03;2026-05-30;2026-05-30;FITZSIC;1710;177;4004
4500017499;50;9200005702;1005025;9999;NB;false;77000;G;77000;0;2026-08-03;2026-05-30;2026-05-30;FITZSIC;1710;177;4004
4500017499;60;9200005303;1005025;9999;NB;false;108000;G;108000;0;2026-08-03;2026-05-30;2026-05-30;FITZSIC;1710;177;4004
4500017503;10;6360045301;1010320;1786;NB;false;23400;EA;23400;0;2026-06-01;2026-06-01;2026-06-01;HUGHESJ;1780;187;0001
4500017504;10;1JL;1010320;1786;NB;false;9900;EA;9900;0;2026-06-01;2026-06-01;2026-06-01;HUGHESJ;1780;187;0001
4500017504;20;6360038901;1010320;1786;NB;false;10800;EA;10800;0;2026-06-01;2026-06-01;2026-06-01;HUGHESJ;1780;187;0001
4500017505;10;9050033201;1009089;7101;ZSC;false;26208;EA;26208;0;2026-09-21;2026-06-01;2026-06-01;GHULEM;1710;188;1002
4500017512;10;9050133601;1013876;1711;NB;false;3900;EA;3900;0;2026-08-20;2026-06-02;2026-06-02;WRENS;1710;71;5002
4500017513;10;9050133701;1013876;1711;NB;false;18700;EA;18700;0;2026-08-13;2026-06-02;2026-06-02;WRENS;1710;71;5002
4500017515;10;9050125401;1012389;7101;ZSC;false;18000;EA;18000;0;2026-06-12;2026-06-02;2026-06-02;PRANATP;1710;81;1001
4500017522;10;9050046902;1009066;7101;NB;false;200000;EA;200000;0;2026-10-19;2026-06-02;2026-06-02;ZOULM;1710;197;2002
4500017526;10;9050146001;1004863;7101;NB;false;73344;EA;73344;0;2026-11-02;2026-06-02;2026-06-02;FITZSIC;1710;177;6002
4500017527;10;MSPK2112;1002120;1114;NB;false;50000;EA;50000;0;2026-07-01;2026-06-03;2026-06-03;TAITB;1110;170;0001
4500017527;20;MSPK2111;1002120;1114;NB;false;10000;EA;10000;0;2026-07-01;2026-06-03;2026-06-03;TAITB;1110;170;0001
4500017531;10;9150230701;1003563;1722;ZSC;false;31680;EA;31680;0;2026-08-03;2026-06-03;2026-06-03;GHULEM;1710;188;1006
4500017532;10;9050088703;1003563;1722;ZSC;false;20160;EA;20160;0;2026-07-29;2026-06-03;2026-06-03;GHULEM;1710;188;1001
4500017533;10;6350068101;1009321;1786;NB;false;50100;EA;50100;0;2026-08-10;2026-06-03;2026-06-03;ZOULM;1780;197;0001
4500017534;10;6360043301;1000851;1711;NB;false;1000;EA;1000;0;2026-06-04;2026-06-03;2026-06-03;GHULEM;1710;188;0001
4500017538;10;9050132601;1000776;1711;NB;false;20268;EA;20268;0;2026-06-22;2026-06-04;2026-06-04;ZOULM;1710;197;4001
4500017539;10;9050099801;1012603;1711;ZSC;false;2880;EA;2880;0;2026-07-30;2026-06-04;2026-06-04;PRANATP;1710;81;1001
4500017540;10;9050099801;1012603;1712;ZSC;false;1440;EA;1440;0;2026-07-30;2026-06-04;2026-06-04;PRANATP;1710;81;1001
4500017541;10;9050099804;1012603;1714;ZSC;false;21600;EA;21600;0;2026-07-30;2026-06-04;2026-06-04;PRANATP;1710;81;1001
4500017542;10;9050144701;1012603;1714;ZSC;false;8640;EA;8640;0;2026-07-30;2026-06-04;2026-06-04;PRANATP;1710;81;1001
4500017543;10;9050144702;1012603;1714;ZSC;false;31680;EA;31680;0;2026-07-30;2026-06-04;2026-06-04;PRANATP;1710;81;1001
4500017544;10;9200002301;1012603;1722;ZSC;false;210600;EA;210600;0;2026-07-30;2026-06-04;2026-06-04;PRANATP;1710;81;1001
4500017545;10;9050056204;1009986;1786;NB;false;35000;EA;35000;0;2026-09-01;2026-06-05;2026-06-05;ZOULM;1780;197;6002
4500017545;20;9050056203;1009986;1786;NB;false;25000;EA;25000;0;2026-09-01;2026-06-05;2026-06-05;ZOULM;1780;197;6002
4500017545;30;9050056205;1009986;1786;NB;false;15000;EA;15000;0;2026-09-01;2026-06-05;2026-06-05;ZOULM;1780;197;6002
4500017545;40;9050056210;1009986;1786;NB;false;25000;EA;25000;0;2026-09-01;2026-06-05;2026-06-05;ZOULM;1780;197;6002
4500017545;50;9050109911;1009986;1786;NB;false;25000;EA;25000;0;2026-09-01;2026-06-05;2026-06-05;ZOULM;1780;197;6002
4500017546;10;9050107403;1002434;7101;NB;false;25000;EA;25000;0;2026-09-28;2026-06-05;2026-06-05;FITZSIC;1710;177;4001
4500017550;10;9050131023;1012509;7803;NB;false;24000;EA;24000;0;2026-07-10;2026-06-05;2026-06-05;TEST_PEOUM;1780;200;6002
4500017551;10;9050104601;1010516;1711;NB;false;26880;EA;26880;0;2026-06-12;2026-06-05;2026-06-05;TEST_PEOUM;1710;200;1003
4500017552;10;9050110801;1012389;7101;ZSC;false;5040;EA;5040;0;2026-06-19;2026-06-05;2026-06-05;GHULEM;1710;188;1001
4500017553;10;9050110801;1012389;7101;ZSC;false;5040;EA;5040;0;2026-06-19;2026-06-05;2026-06-05;GHULEM;1710;188;1001
4500017554;10;9050110801;1012389;7101;ZSC;false;5040;EA;5040;0;2026-06-19;2026-06-05;2026-06-05;GHULEM;1710;188;1001
4500017555;10;9050058208;1010091;1787;NB;false;100000;EA;100000;0;2026-09-28;2026-06-05;2026-06-05;TEST_PEOUM;1780;200;6002
4500017555;20;9050058308;1010091;1787;NB;false;10000;EA;10000;0;2026-09-28;2026-06-05;2026-06-05;TEST_PEOUM;1780;200;6002
4500017555;30;9050066723;1010091;1787;NB;false;20000;EA;20000;0;2026-09-28;2026-06-05;2026-06-05;TEST_PEOUM;1780;200;6002
4500017556;10;9050058308;1010091;7803;NB;false;30000;EA;30000;0;2026-09-28;2026-06-05;2026-06-05;TEST_PEOUM;1780;200;6002
4500017557;10;6350002709;1011162;9997;NB;false;33120;EA;33120;0;2026-07-22;2026-06-06;2026-06-06;FITZSIC;1780;177;0001
4500017557;20;6350002299;1011162;9997;NB;false;99360;EA;99360;0;2026-07-22;2026-06-06;2026-06-06;FITZSIC;1780;177;0001
4500017557;30;6350002702;1011162;9997;NB;false;33120;EA;33120;0;2026-07-22;2026-06-06;2026-06-06;FITZSIC;1780;177;0001
4500017557;40;6350002705;1011162;9997;NB;false;33120;EA;33120;0;2026-07-22;2026-06-06;2026-06-06;FITZSIC;1780;177;0001
4500017559;10;9050136501;1013711;1711;NB;false;15000;EA;15000;0;2026-09-15;2026-06-08;2026-06-08;PRANATP;1710;81;7002
4500017561;10;6360045301;1010320;1786;NB;false;28800;EA;28800;0;2026-06-08;2026-06-08;2026-06-08;HUGHESJ;1780;187;0001
4500017563;10;9050046902;1009066;7101;NB;false;100000;EA;100000;0;2026-09-28;2026-06-08;2026-06-08;ZOULM;1710;197;2002
4500017563;20;9050046902;1009066;1711;NB;false;100000;EA;100000;0;2026-09-28;2026-06-08;2026-06-08;ZOULM;1710;197;2002
4500017565;20;6360040701;1010023;1714;NB;false;88000;EA;88000;0;2026-07-13;2026-06-08;2026-06-08;GHULEM;1710;188;0001
4500017567;10;9050101002;1000776;1714;NB;false;20000;EA;20000;0;2026-11-02;2026-06-08;2026-06-08;CHENC;1710;198;5001
4500017567;20;9050101002;1000776;7101;NB;false;30000;EA;30000;0;2026-11-02;2026-06-08;2026-06-08;CHENC;1710;198;5001
4500017568;10;6360056801;1004968;1114;NB;false;100000;EA;100000;0;2026-09-01;2026-06-09;2026-06-09;TAITB;1110;170;0001
4500017569;10;9050089602;;1711;UB;true;660;EA;660;0;2026-06-15;2026-06-09;2026-06-09;FITZSIC;1710;177;3001
4500017570;10;9050038401;;1711;UB;true;2400;EA;2400;0;2026-06-15;2026-06-09;2026-06-09;FITZSIC;1710;177;1001
4500017570;20;9050099801;;1711;UB;true;5760;EA;5760;0;2026-06-15;2026-06-09;2026-06-09;FITZSIC;1710;177;1001
4500017572;10;9200001301;1000026;1714;NB;false;50000;EA;50000;0;2026-08-17;2026-06-09;2026-06-09;GHULEM;1710;188;1001
4500017573;10;9050146601;1014296;1711;NB;false;10000;EA;10000;0;2026-10-21;2026-06-09;2026-06-09;WRENS;1710;71;3003
4500017574;10;9050013404;1003988;1722;ZSC;false;252000;EA;252000;0;2026-08-30;2026-06-09;2026-06-09;PRANATP;1710;81;1001
4500017577;10;9050092202;;1734;UB;true;16800;EA;16800;0;2026-06-22;2026-06-09;2026-06-09;CHENC;1710;198;4001
4500017581;10;9050092202;;1734;UB;true;16800;EA;16800;0;2026-06-22;2026-06-09;2026-06-09;CHENC;1710;198;4001
4500017583;30;9050092502;;1712;UB;true;2640;EA;2640;0;2026-06-22;2026-06-09;2026-06-09;PRANATP;1710;81;3001
4500017583;90;9050074101;;1712;UB;true;4212;EA;4212;0;2026-06-22;2026-06-09;2026-06-09;PRANATP;1710;81;2002
4500017583;110;9050099804;;1712;UB;true;2880;EA;2880;0;2026-06-22;2026-06-09;2026-06-09;PRANATP;1710;81;1001
4500017584;10;6350066301;1003563;7101;NB;false;394800;EA;394800;0;2026-07-30;2026-06-09;2026-06-09;PRANATP;1710;81;0001
4500017585;10;9200001401;;1711;UB;true;5400;EA;5400;0;2026-06-15;2026-06-09;2026-06-09;GHULEM;1710;188;1001
4500017586;10;6350066901;1002282;7101;NB;false;64896;EA;64896;0;2026-07-30;2026-06-09;2026-06-09;PRANATP;1710;81;0001
4500017587;10;6350067001;1002282;7101;NB;false;10816;EA;10816;0;2026-07-30;2026-06-09;2026-06-09;PRANATP;1710;81;0001
4500017588;20;9050068002;;7101;UB;true;10368;EA;10368;0;2026-06-15;2026-06-09;2026-06-09;PRANATP;1710;81;1001
4500017588;30;9050099304;;7101;UB;true;6480;EA;6480;0;2026-06-15;2026-06-09;2026-06-09;PRANATP;1710;81;1001
4500017588;40;9050089901;;7101;UB;true;24228;EA;24228;0;2026-06-15;2026-06-09;2026-06-09;PRANATP;1710;81;1001
4500017589;10;9050054201;1000776;7803;ZSC;false;50000;EA;50000;0;2026-11-02;2026-06-09;2026-06-09;CHENC;1780;198;4001
4500017590;10;9050054202;1000776;7803;ZSC;false;50000;EA;50000;0;2026-11-02;2026-06-09;2026-06-09;CHENC;1780;198;4001
4500017591;10;9050054203;1000776;7803;ZSC;false;40000;EA;40000;0;2026-11-02;2026-06-09;2026-06-09;CHENC;1780;198;4001
4500017593;10;9050061501;1000776;1786;ZSC;false;20000;EA;20000;0;2026-10-15;2026-06-09;2026-06-09;CHENC;1780;198;4001
4500017593;20;9050061501;1000776;1787;ZSC;false;60000;EA;60000;0;2026-10-15;2026-06-09;2026-06-09;CHENC;1780;198;4001
4500017594;10;9050061704;1000776;1786;ZSC;false;26000;EA;26000;0;2026-10-15;2026-06-09;2026-06-09;CHENC;1780;198;4001
4500017594;20;9050061704;1000776;1787;ZSC;false;32000;EA;32000;0;2026-10-15;2026-06-09;2026-06-09;CHENC;1780;198;4001
4500017594;30;9050061704;1000776;7803;ZSC;false;2000;EA;2000;0;2026-10-15;2026-06-09;2026-06-09;CHENC;1780;198;4001
4500017595;10;9050061603;1000776;1786;ZSC;false;30000;EA;30000;0;2026-10-15;2026-06-09;2026-06-09;CHENC;1780;198;4001
4500017595;20;9050061603;1000776;1787;ZSC;false;40000;EA;40000;0;2026-10-15;2026-06-09;2026-06-09;CHENC;1780;198;4001
4500017596;10;9050062405;1000776;1786;ZSC;false;15000;EA;15000;0;2026-10-26;2026-06-09;2026-06-09;CHENC;1780;198;4001
4500017596;20;9050062405;1000776;1787;ZSC;false;20000;EA;20000;0;2026-10-26;2026-06-09;2026-06-09;CHENC;1780;198;4001
4500017597;10;9050054102;1000776;1786;ZSC;false;18000;EA;18000;0;2026-10-26;2026-06-09;2026-06-09;CHENC;1780;198;4001
4500017597;20;9050054102;1000776;1787;ZSC;false;32000;EA;32000;0;2026-10-26;2026-06-09;2026-06-09;CHENC;1780;198;4001
4500017598;10;6360057001;1003563;1711;NB;false;50000;EA;50000;0;2026-08-10;2026-06-09;2026-06-10;ZOULM;1710;197;0001
4500017598;20;6360057001;1003563;1714;NB;false;50000;EA;50000;0;2026-08-10;2026-06-09;2026-06-10;ZOULM;1710;197;0001
4500017599;10;9050135826;1004863;7803;NB;false;56448;EA;56448;0;2026-11-02;2026-06-09;2026-06-10;FITZSIC;1780;177;6001
4500017602;10;9050110801;1012389;7101;ZSC;false;5040;EA;5040;0;2026-06-24;2026-06-10;2026-06-10;GHULEM;1710;188;1001
4500017603;10;9050110801;1012389;7101;ZSC;false;5040;EA;5040;0;2026-06-24;2026-06-10;2026-06-10;GHULEM;1710;188;1001
4500017604;10;9050110801;1012389;7101;ZSC;false;5040;EA;5040;0;2026-06-25;2026-06-10;2026-06-10;GHULEM;1710;188;1001
4500017605;10;9050110801;1012389;7101;ZSC;false;5040;EA;5040;0;2026-06-25;2026-06-10;2026-06-10;GHULEM;1710;188;1001
4500017606;10;9050110801;1012389;7101;ZSC;false;5040;EA;5040;0;2026-06-26;2026-06-10;2026-06-10;GHULEM;1710;188;1001
4500017607;10;9050110801;1012389;7101;ZSC;false;5040;EA;5040;0;2026-06-26;2026-06-10;2026-06-10;GHULEM;1710;188;1001
4500017608;10;9050110801;1012389;7101;ZSC;false;5040;EA;5040;0;2026-06-30;2026-06-10;2026-06-10;GHULEM;1710;188;1001
4500017609;10;9050110801;1012389;7101;ZSC;false;5040;EA;5040;0;2026-06-30;2026-06-10;2026-06-10;GHULEM;1710;188;1001
4500017610;10;9050110801;1012389;7101;ZSC;false;5040;EA;5040;0;2026-07-01;2026-06-10;2026-06-10;GHULEM;1710;188;1001
4500017611;10;9050110801;1012389;7101;ZSC;false;5040;EA;5040;0;2026-07-01;2026-06-10;2026-06-10;GHULEM;1710;188;1001
4500017612;10;9050110801;1012389;7101;ZSC;false;5040;EA;5040;0;2026-07-02;2026-06-10;2026-06-10;GHULEM;1710;188;1001
4500017613;10;9050110801;1012389;7101;ZSC;false;5040;EA;5040;0;2026-07-02;2026-06-10;2026-06-10;GHULEM;1710;188;1001
4500017614;10;6350067301;1002282;7101;NB;false;45000;EA;45000;0;2026-08-10;2026-06-10;2026-06-10;GHULEM;1710;188;0001
4500017614;20;6350067401;1002282;7101;NB;false;7500;EA;7500;0;2026-08-10;2026-06-10;2026-06-10;GHULEM;1710;188;0001
4500017615;10;6350034501;1000019;9997;NB;false;50000;EA;50000;0;2026-08-31;2026-06-10;2026-06-10;CHENC;1780;198;0001
4500017615;20;6350034602;1000019;9997;NB;false;50000;EA;50000;0;2026-08-31;2026-06-10;2026-06-10;CHENC;1780;198;0001
4500017615;30;6350034703;1000019;9997;NB;false;40000;EA;40000;0;2026-08-31;2026-06-10;2026-06-10;CHENC;1780;198;0001
4500017615;40;6350005801;1000019;9997;NB;false;80000;EA;80000;0;2026-08-31;2026-06-10;2026-06-10;CHENC;1780;198;0001
4500017615;50;6350014304;1000019;9997;NB;false;60000;EA;60000;0;2026-08-31;2026-06-10;2026-06-10;CHENC;1780;198;0001
4500017615;60;6350014203;1000019;9997;NB;false;70000;EA;70000;0;2026-08-31;2026-06-10;2026-06-10;CHENC;1780;198;0001
4500017615;70;6350014405;1000019;9997;NB;false;35000;EA;35000;0;2026-08-31;2026-06-10;2026-06-10;CHENC;1780;198;0001
4500017615;80;6350014102;1000019;9997;NB;false;50000;EA;50000;0;2026-08-31;2026-06-10;2026-06-10;CHENC;1780;198;0001
4500017617;10;6120007201;1002153;1711;NB;false;100000;EA;100000;0;2026-07-06;2026-06-11;2026-06-11;GHULEM;1710;188;0001
4500017617;20;6120007101;1002153;1711;NB;false;66000;EA;66000;0;2026-07-06;2026-06-11;2026-06-11;GHULEM;1710;188;0001
4500017618;10;9050131301;;7803;UB;true;4440;EA;4440;0;2026-06-11;2026-06-11;2026-06-11;HUGHESJ;1780;182;6002
4500017618;20;9050131402;;7803;UB;true;3264;EA;3264;0;2026-06-11;2026-06-11;2026-06-11;HUGHESJ;1780;182;6002
4500017618;30;9050059303;;7803;UB;true;7008;EA;7008;0;2026-06-11;2026-06-11;2026-06-11;HUGHESJ;1780;182;6002
4500017619;10;9050131402;;7803;UB;true;5616;EA;5616;0;2026-06-11;2026-06-11;2026-06-11;HUGHESJ;1780;182;6002
4500017619;20;9050124104;;7803;UB;true;6660;EA;6660;0;2026-06-11;2026-06-11;2026-06-11;HUGHESJ;1780;182;6002
4500017619;30;9050124508;;7803;UB;true;4440;EA;4440;0;2026-06-11;2026-06-11;2026-06-11;HUGHESJ;1780;182;6002
4500017619;40;9050084923;;7803;UB;true;15552;EA;15552;0;2026-06-11;2026-06-11;2026-06-11;HUGHESJ;1780;182;6002
4500017621;10;6120007201;1000851;1711;NB;false;15000;EA;15000;0;2026-06-12;2026-06-11;2026-06-11;GHULEM;1710;188;0001
4500017621;20;MSPK0111;1000851;1711;NB;false;9000;EA;9000;0;2026-06-12;2026-06-11;2026-06-11;GHULEM;1710;188;0001
4500017622;10;9200003802;;1734;UB;true;2000;EA;2000;0;2026-06-15;2026-06-11;2026-06-11;GHULEM;1710;188;1001
4500017623;10;6360027101;1010023;1714;NB;false;100000;EA;100000;0;2026-07-03;2026-06-11;2026-06-11;GHULEM;1710;188;0001
4500017624;10;9050056001;1009986;7803;ZSC;false;25000;EA;25000;0;2026-07-15;2026-06-11;2026-06-11;ZOULM;1780;197;6002
4500017626;10;9050143431;1002434;7804;ZSC;false;11340;EA;11340;0;2026-07-06;2026-06-12;2026-06-12;FITZSIC;1780;177;6002
4500017626;20;9050143431;1002434;7803;ZSC;false;28660;EA;28660;0;2026-07-06;2026-06-12;2026-06-12;FITZSIC;1780;177;6002
4500017627;10;9050149001;1003563;1722;ZSC;false;10080;EA;10080;0;2026-06-19;2026-06-12;2026-06-12;PRANATP;1710;81;1001
4500017628;10;6350076801;1000017;1711;NB;false;100000;EA;100000;0;2026-08-07;2026-06-12;2026-06-12;WRENS;1710;71;0001
4500017629;10;9050149501;1012634;1722;NB;false;375000;EA;375000;0;2026-08-26;2026-06-12;2026-06-12;CHENC;1710;198;4001
4500017630;10;6360045301;1010320;1786;NB;false;21600;EA;21600;0;2026-06-12;2026-06-12;2026-06-12;HUGHESJ;1780;187;0001
4500017630;20;6360037601;1010320;1786;NB;false;3750;EA;3750;0;2026-06-12;2026-06-12;2026-06-12;HUGHESJ;1780;187;0001
4500017630;30;31172P;1010320;1786;NB;false;1200;EA;1200;0;2026-06-12;2026-06-12;2026-06-12;HUGHESJ;1780;187;0001
4500017641;10;9050097302;1004803;1711;NB;false;25000;EA;25000;0;2026-11-09;2026-06-12;2026-06-12;ZOULM;1710;197;5002
4500017642;10;9050137601;1000937;1711;ZSC;false;4000;EA;4000;0;2026-09-14;2026-06-12;2026-06-12;CHENC;1710;198;5002
4500017642;20;9050137601;1000937;1712;ZSC;false;1000;EA;1000;0;2026-09-14;2026-06-12;2026-06-12;CHENC;1710;198;5002
4500017642;30;9050137601;1000937;1714;ZSC;false;10000;EA;10000;0;2026-09-14;2026-06-12;2026-06-12;CHENC;1710;198;5002
4500017642;40;9050137601;1000937;7101;ZSC;false;39000;EA;39000;0;2026-09-14;2026-06-12;2026-06-12;CHENC;1710;198;5002
4500017643;10;9050092002;1010525;1711;NB;false;2880;EA;2880;0;2026-11-05;2026-06-12;2026-06-12;CHENC;1710;198;4001
4500017643;20;9050092002;1010525;1712;NB;false;960;EA;960;0;2026-11-05;2026-06-12;2026-06-12;CHENC;1710;198;4001
4500017643;30;9050092002;1010525;1714;NB;false;27366;EA;27366;0;2026-11-05;2026-06-12;2026-06-12;CHENC;1710;198;4001
4500017643;40;9050092002;1010525;7101;NB;false;1920;EA;1920;0;2026-11-05;2026-06-12;2026-06-12;CHENC;1710;198;4001
4500017644;10;9050091802;1010525;1711;NB;false;960;EA;960;0;2026-11-27;2026-06-12;2026-06-12;CHENC;1710;198;4001
4500017644;20;9050091802;1010525;1712;NB;false;960;EA;960;0;2026-11-27;2026-06-12;2026-06-12;CHENC;1710;198;4001
4500017644;30;9050091802;1010525;1714;NB;false;24240;EA;24240;0;2026-11-27;2026-06-12;2026-06-12;CHENC;1710;198;4001
4500017644;40;9050091802;1010525;7101;NB;false;6996;EA;6996;0;2026-11-27;2026-06-12;2026-06-12;CHENC;1710;198;4001
4500017645;10;9050091602;1010525;1711;NB;false;2880;EA;2880;0;2026-10-26;2026-06-12;2026-06-12;CHENC;1710;198;4001
4500017645;20;9050091602;1010525;1712;NB;false;960;EA;960;0;2026-10-26;2026-06-12;2026-06-12;CHENC;1710;198;4001
4500017645;30;9050091602;1010525;1714;NB;false;45000;EA;45000;0;2026-10-26;2026-06-12;2026-06-12;CHENC;1710;198;4001
4500017645;40;9050091602;1010525;7101;NB;false;83664;EA;83664;0;2026-10-26;2026-06-12;2026-06-12;CHENC;1710;198;4001
4500017646;10;9050124901;1010525;1711;NB;false;3840;EA;3840;0;2026-11-16;2026-06-12;2026-06-12;CHENC;1710;198;4001
4500017646;20;9050124901;1010525;1712;NB;false;960;EA;960;0;2026-11-16;2026-06-12;2026-06-12;CHENC;1710;198;4001
4500017646;30;9050124901;1010525;1714;NB;false;8640;EA;8640;0;2026-11-16;2026-06-12;2026-06-12;CHENC;1710;198;4001
4500017646;40;9050124901;1010525;7101;NB;false;19686;EA;19686;0;2026-11-16;2026-06-12;2026-06-12;CHENC;1710;198;4001
4500017647;10;9050054202;1000776;7803;ZSC;false;25000;EA;25000;0;2026-12-14;2026-06-12;2026-06-12;CHENC;1780;198;4001
4500017648;10;9050054203;1000776;7803;ZSC;false;25000;EA;25000;0;2026-12-14;2026-06-12;2026-06-12;CHENC;1780;198;4001
4500017649;10;6350034703;1000019;9997;NB;false;25000;EA;25000;0;2026-11-12;2026-06-12;2026-06-12;CHENC;1780;198;0001
4500017649;20;6350034602;1000019;9997;NB;false;25000;EA;25000;0;2026-11-12;2026-06-12;2026-06-12;CHENC;1780;198;0001
4500017650;10;9050137401;1000776;1711;NB;false;2000;EA;2000;0;2026-11-09;2026-06-12;2026-06-12;CHENC;1710;198;1003
4500017650;20;9050137401;1000776;1712;NB;false;2000;EA;2000;0;2026-11-09;2026-06-12;2026-06-12;CHENC;1710;198;1003
4500017650;30;9050137401;1000776;1714;NB;false;48000;EA;48000;0;2026-11-09;2026-06-12;2026-06-12;CHENC;1710;198;1003
4500017650;40;9050137401;1000776;7101;NB;false;100000;EA;100000;0;2026-11-09;2026-06-12;2026-06-12;CHENC;1710;198;1003
4500017651;10;9050093501;1004830;1714;NB;false;24000;EA;24000;0;2026-10-26;2026-06-12;2026-06-12;CHENC;1710;198;3003
4500017651;20;9050093501;1004830;7101;NB;false;76000;EA;76000;0;2026-10-26;2026-06-12;2026-06-12;CHENC;1710;198;3003
4500017652;10;9050101701;1004830;7101;NB;false;10000;EA;10000;0;2026-10-26;2026-06-12;2026-06-12;CHENC;1710;198;3003
4500017653;10;9050092302;1000776;1711;NB;false;960;EA;960;0;2026-11-09;2026-06-12;2026-06-12;CHENC;1710;198;4001
4500017653;20;9050092302;1000776;1712;NB;false;480;EA;480;0;2026-11-09;2026-06-12;2026-06-12;CHENC;1710;198;4001
4500017653;30;9050092302;1000776;1714;NB;false;20560;EA;20560;0;2026-11-09;2026-06-12;2026-06-12;CHENC;1710;198;4001
4500017653;40;9050092302;1000776;7101;NB;false;78000;EA;78000;0;2026-11-09;2026-06-12;2026-06-12;CHENC;1710;198;4001
4500017654;10;9050096802;1000776;1711;NB;false;10000;EA;10000;0;2026-11-23;2026-06-12;2026-06-12;CHENC;1710;198;5001
4500017654;20;9050096802;1000776;1712;NB;false;5000;EA;5000;0;2026-11-23;2026-06-12;2026-06-12;CHENC;1710;198;5001
4500017654;30;9050096802;1000776;1714;NB;false;10000;EA;10000;0;2026-11-23;2026-06-12;2026-06-12;CHENC;1710;198;5001
4500017654;40;9050096802;1000776;7101;NB;false;125000;EA;125000;0;2026-11-23;2026-06-12;2026-06-12;CHENC;1710;198;5001
4500017655;10;9050140201;1009986;7101;NB;false;25000;EA;25000;0;2026-09-25;2026-06-12;2026-06-12;CHENC;1710;198;5001
4500017656;10;9050096502;1000776;1711;NB;false;1200;EA;1200;0;2026-11-30;2026-06-12;2026-06-12;CHENC;1710;198;1003
4500017656;20;9050096502;1000776;1714;NB;false;6400;EA;6400;0;2026-11-30;2026-06-12;2026-06-12;CHENC;1710;198;1003
4500017656;30;9050096502;1000776;7101;NB;false;16920;EA;16920;0;2026-11-30;2026-06-12;2026-06-12;CHENC;1710;198;1003
4500017656;40;9050096502;1000776;1712;NB;false;480;EA;480;0;2026-11-30;2026-06-12;2026-06-12;CHENC;1710;198;1003
4500017657;10;9050096402;1000776;1711;NB;false;5000;EA;5000;0;2026-11-18;2026-06-12;2026-06-12;CHENC;1710;198;1003
4500017657;20;9050096402;1000776;1712;NB;false;600;EA;600;0;2026-11-18;2026-06-12;2026-06-12;CHENC;1710;198;1003
4500017657;30;9050096402;1000776;1714;NB;false;19400;EA;19400;0;2026-11-18;2026-06-12;2026-06-12;CHENC;1710;198;1003
4500017657;40;9050096402;1000776;7101;NB;false;75000;EA;75000;0;2026-11-18;2026-06-12;2026-06-12;CHENC;1710;198;1003
4500017658;10;6360044101;1002282;1711;NB;false;100000;EA;100000;0;2026-07-21;2026-06-12;2026-06-12;GHULEM;1710;188;0001
4500017658;20;6360044801;1002282;1711;NB;false;20000;EA;20000;0;2026-07-13;2026-06-12;2026-06-12;GHULEM;1710;188;0001
4500017658;30;6360044301;1002282;1711;NB;false;80000;EA;80000;0;2026-07-20;2026-06-12;2026-06-12;GHULEM;1710;188;0001
4500017659;10;6360044301;1002282;1712;NB;false;10000;EA;10000;0;2026-07-18;2026-06-12;2026-06-12;GHULEM;1710;188;0001
4500017662;10;9050068701;1005970;7101;ZSC;false;101088;EA;101088;0;2026-09-04;2026-06-15;2026-06-15;GHULEM;1710;188;1001
4500017664;10;9050059004;1002434;7803;NB;false;15000;EA;15000;0;2026-09-21;2026-06-15;2026-06-15;FITZSIC;1780;177;6002
4500017664;20;9050059004;1002434;1787;NB;false;15000;EA;15000;0;2026-09-21;2026-06-15;2026-06-15;FITZSIC;1780;177;6002
4500017664;30;9050059004;1002434;7817;NB;false;15000;EA;15000;0;2026-09-21;2026-06-15;2026-06-15;FITZSIC;1780;177;6002
4500017664;40;9050059004;1002434;7818;NB;false;15000;EA;15000;0;2026-09-21;2026-06-15;2026-06-15;FITZSIC;1780;177;6002
4500017665;10;9050059002;1002434;7803;NB;false;15000;EA;15000;0;2026-11-09;2026-06-15;2026-06-15;FITZSIC;1780;177;6002
4500017665;20;9050059002;1002434;1787;NB;false;15000;EA;15000;0;2026-11-09;2026-06-15;2026-06-15;FITZSIC;1780;177;6002
4500017665;30;9050059002;1002434;7817;NB;false;15000;EA;15000;0;2026-11-09;2026-06-15;2026-06-15;FITZSIC;1780;177;6002
4500017665;40;9050059002;1002434;7818;NB;false;15000;EA;15000;0;2026-11-09;2026-06-15;2026-06-15;FITZSIC;1780;177;6002
4500017666;10;9050059003;1002434;7803;NB;false;15000;EA;15000;0;2026-11-16;2026-06-15;2026-06-15;FITZSIC;1780;177;6002
4500017666;20;9050059003;1002434;1787;NB;false;15000;EA;15000;0;2026-11-16;2026-06-15;2026-06-15;FITZSIC;1780;177;6002
4500017666;30;9050059003;1002434;7817;NB;false;15000;EA;15000;0;2026-11-16;2026-06-15;2026-06-15;FITZSIC;1780;177;6002
4500017666;40;9050059003;1002434;7818;NB;false;15000;EA;15000;0;2026-11-16;2026-06-15;2026-06-15;FITZSIC;1780;177;6002
4500017667;10;9050059010;1002434;7803;NB;false;22500;EA;22500;0;2026-10-26;2026-06-15;2026-06-15;FITZSIC;1780;177;6002
4500017667;20;9050059010;1002434;1787;NB;false;22500;EA;22500;0;2026-10-26;2026-06-15;2026-06-15;FITZSIC;1780;177;6002
4500017667;30;9050059010;1002434;7817;NB;false;22500;EA;22500;0;2026-10-26;2026-06-15;2026-06-15;FITZSIC;1780;177;6002
4500017667;40;9050059010;1002434;7818;NB;false;22500;EA;22500;0;2026-10-26;2026-06-15;2026-06-15;FITZSIC;1780;177;6002
4500017668;10;9050136124;1002434;7803;NB;false;60000;EA;60000;0;2026-10-26;2026-06-15;2026-06-15;FITZSIC;1780;177;6002
4500017669;10;9050136225;1002434;7803;NB;false;60000;EA;60000;0;2026-10-26;2026-06-15;2026-06-15;FITZSIC;1780;177;6002
4500017670;10;9050059001;1002434;7803;ZSC;false;15000;EA;15000;0;2026-09-07;2026-06-15;2026-06-15;FITZSIC;1780;177;6002
4500017670;20;9050059001;1002434;1787;ZSC;false;15000;EA;15000;0;2026-09-07;2026-06-15;2026-06-15;FITZSIC;1780;177;6002
4500017670;30;9050059001;1002434;7817;ZSC;false;15000;EA;15000;0;2026-09-07;2026-06-15;2026-06-15;FITZSIC;1780;177;6002
4500017670;40;9050059001;1002434;7818;ZSC;false;15000;EA;15000;0;2026-09-07;2026-06-15;2026-06-15;FITZSIC;1780;177;6002
4500017671;10;9050059002;1002434;7803;ZSC;false;15000;EA;15000;0;2026-09-07;2026-06-15;2026-06-15;FITZSIC;1780;177;6002
4500017671;20;9050059002;1002434;1787;ZSC;false;15000;EA;15000;0;2026-09-07;2026-06-15;2026-06-15;FITZSIC;1780;177;6002
4500017671;30;9050059002;1002434;7817;ZSC;false;15000;EA;15000;0;2026-09-07;2026-06-15;2026-06-15;FITZSIC;1780;177;6002
4500017671;40;9050059002;1002434;7818;ZSC;false;15000;EA;15000;0;2026-09-07;2026-06-15;2026-06-15;FITZSIC;1780;177;6002
4500017672;10;9050059003;1002434;7803;ZSC;false;15000;EA;15000;0;2026-09-07;2026-06-15;2026-06-15;FITZSIC;1780;177;6002
4500017672;20;9050059003;1002434;1787;ZSC;false;15000;EA;15000;0;2026-09-07;2026-06-15;2026-06-15;FITZSIC;1780;177;6002
4500017672;30;9050059003;1002434;7817;ZSC;false;15000;EA;15000;0;2026-09-07;2026-06-15;2026-06-15;FITZSIC;1780;177;6002
4500017672;40;9050059003;1002434;7818;ZSC;false;15000;EA;15000;0;2026-09-07;2026-06-15;2026-06-15;FITZSIC;1780;177;6002
4500017673;10;9050059004;1002434;7803;ZSC;false;15000;EA;15000;0;2026-09-07;2026-06-15;2026-06-15;FITZSIC;1780;177;6002
4500017673;20;9050059004;1002434;1787;ZSC;false;15000;EA;15000;0;2026-09-07;2026-06-15;2026-06-15;FITZSIC;1780;177;6002
4500017673;30;9050059004;1002434;7817;ZSC;false;15000;EA;15000;0;2026-09-07;2026-06-15;2026-06-15;FITZSIC;1780;177;6002
4500017673;40;9050059004;1002434;7818;ZSC;false;15000;EA;15000;0;2026-09-07;2026-06-15;2026-06-15;FITZSIC;1780;177;6002
4500017674;10;9050109811;1002434;7803;ZSC;false;15000;EA;15000;0;2026-09-07;2026-06-15;2026-06-15;FITZSIC;1780;177;6002
4500017674;20;9050109811;1002434;1787;ZSC;false;15000;EA;15000;0;2026-09-07;2026-06-15;2026-06-15;FITZSIC;1780;177;6002
4500017674;30;9050109811;1002434;7817;ZSC;false;15000;EA;15000;0;2026-09-07;2026-06-15;2026-06-15;FITZSIC;1780;177;6002
4500017674;40;9050109811;1002434;7818;ZSC;false;15000;EA;15000;0;2026-09-07;2026-06-15;2026-06-15;FITZSIC;1780;177;6002
4500017675;10;9050059001;1002434;7803;NB;false;15000;EA;15000;0;2026-10-26;2026-06-15;2026-06-15;FITZSIC;1780;177;6002
4500017675;20;9050059001;1002434;1787;NB;false;15000;EA;15000;0;2026-10-26;2026-06-15;2026-06-15;FITZSIC;1780;177;6002
4500017675;30;9050059001;1002434;7817;NB;false;15000;EA;15000;0;2026-10-26;2026-06-15;2026-06-15;FITZSIC;1780;177;6002
4500017675;40;9050059001;1002434;7818;NB;false;15000;EA;15000;0;2026-10-26;2026-06-15;2026-06-15;FITZSIC;1780;177;6002
4500017676;10;9050059010;1002434;7803;ZSC;false;22500;EA;22500;0;2026-09-07;2026-06-15;2026-06-15;FITZSIC;1780;177;6002
4500017676;20;9050059010;1002434;1787;ZSC;false;22500;EA;22500;0;2026-09-07;2026-06-15;2026-06-15;FITZSIC;1780;177;6002
4500017676;30;9050059010;1002434;7817;ZSC;false;22500;EA;22500;0;2026-09-07;2026-06-15;2026-06-15;FITZSIC;1780;177;6002
4500017676;40;9050059010;1002434;7818;ZSC;false;22500;EA;22500;0;2026-09-07;2026-06-15;2026-06-15;FITZSIC;1780;177;6002
4500017677;10;9050136023;1002434;7803;NB;false;60000;EA;60000;0;2026-09-07;2026-06-15;2026-06-15;FITZSIC;1780;177;6002
4500017678;10;9050059002;1002434;7803;NB;false;15000;EA;15000;0;2026-10-12;2026-06-15;2026-06-15;FITZSIC;1780;177;6002
4500017678;20;9050059002;1002434;1787;NB;false;15000;EA;15000;0;2026-10-12;2026-06-15;2026-06-15;FITZSIC;1780;177;6002
4500017678;30;9050059002;1002434;7817;NB;false;15000;EA;15000;0;2026-10-12;2026-06-15;2026-06-15;FITZSIC;1780;177;6002
4500017678;40;9050059002;1002434;7818;NB;false;15000;EA;15000;0;2026-10-12;2026-06-15;2026-06-15;FITZSIC;1780;177;6002
4500017679;10;9050059003;1002434;7803;NB;false;15000;EA;15000;0;2026-10-19;2026-06-15;2026-06-15;FITZSIC;1780;177;6002
4500017679;20;9050059003;1002434;1787;NB;false;15000;EA;15000;0;2026-10-19;2026-06-15;2026-06-15;FITZSIC;1780;177;6002
4500017679;30;9050059003;1002434;7817;NB;false;15000;EA;15000;0;2026-10-19;2026-06-15;2026-06-15;FITZSIC;1780;177;6002
4500017679;40;9050059003;1002434;7818;NB;false;15000;EA;15000;0;2026-10-19;2026-06-15;2026-06-15;FITZSIC;1780;177;6002
4500017680;10;9050059004;1002434;7803;NB;false;15000;EA;15000;0;2026-10-26;2026-06-15;2026-06-15;FITZSIC;1780;177;6002
4500017680;20;9050059004;1002434;1787;NB;false;15000;EA;15000;0;2026-10-26;2026-06-15;2026-06-15;FITZSIC;1780;177;6002
4500017680;30;9050059004;1002434;7817;NB;false;15000;EA;15000;0;2026-10-26;2026-06-15;2026-06-15;FITZSIC;1780;177;6002
4500017680;40;9050059004;1002434;7818;NB;false;15000;EA;15000;0;2026-10-26;2026-06-15;2026-06-15;FITZSIC;1780;177;6002
4500017681;10;9050059005;1002434;7803;NB;false;15000;EA;15000;0;2026-09-28;2026-06-15;2026-06-15;FITZSIC;1780;177;6002
4500017681;20;9050059005;1002434;1787;NB;false;15000;EA;15000;0;2026-09-28;2026-06-15;2026-06-15;FITZSIC;1780;177;6002
4500017681;30;9050059005;1002434;7817;NB;false;15000;EA;15000;0;2026-09-28;2026-06-15;2026-06-15;FITZSIC;1780;177;6002
4500017681;40;9050059005;1002434;7818;NB;false;15000;EA;15000;0;2026-09-28;2026-06-15;2026-06-15;FITZSIC;1780;177;6002
4500017682;10;9050059010;1002434;7815;NB;false;40000;EA;40000;0;2026-09-21;2026-06-15;2026-06-15;FITZSIC;1780;177;6002
4500017682;20;9050059010;1002434;7803;NB;false;22500;EA;22500;0;2026-09-21;2026-06-15;2026-06-15;FITZSIC;1780;177;6002
4500017682;30;9050059010;1002434;1787;NB;false;22500;EA;22500;0;2026-09-21;2026-06-15;2026-06-15;FITZSIC;1780;177;6002
4500017682;40;9050059010;1002434;7817;NB;false;22500;EA;22500;0;2026-09-21;2026-06-15;2026-06-15;FITZSIC;1780;177;6002
4500017682;50;9050059010;1002434;7818;NB;false;22500;EA;22500;0;2026-09-21;2026-06-15;2026-06-15;FITZSIC;1780;177;6002
4500017683;10;9050136023;1002434;7803;NB;false;60000;EA;60000;0;2026-09-28;2026-06-15;2026-06-15;FITZSIC;1780;177;6002
4500017684;10;9050109811;1002434;7803;NB;false;15000;EA;15000;0;2026-11-02;2026-06-15;2026-06-15;FITZSIC;1780;177;6002
4500017684;20;9050109811;1002434;1787;NB;false;15000;EA;15000;0;2026-11-02;2026-06-15;2026-06-15;FITZSIC;1780;177;6002
4500017684;30;9050109811;1002434;7817;NB;false;15000;EA;15000;0;2026-11-02;2026-06-15;2026-06-15;FITZSIC;1780;177;6002
4500017684;40;9050109811;1002434;7818;NB;false;15000;EA;15000;0;2026-11-02;2026-06-15;2026-06-15;FITZSIC;1780;177;6002
4500017692;10;9050148901;1009066;7101;NB;false;75000;EA;75000;0;2026-11-26;2026-06-16;2026-06-16;ZOULM;1710;197;2002
4500017693;10;9050125301;1005970;7101;ZSC;false;519480;EA;519480;0;2026-08-30;2026-06-16;2026-06-16;PRANATP;1710;81;1001
4500017694;10;9050129401;1005970;7101;ZSC;false;32472;EA;32472;0;2026-08-30;2026-06-16;2026-06-16;PRANATP;1710;81;1001
4500017695;10;9050068002;1003563;1722;ZSC;false;17280;EA;17280;0;2026-08-07;2026-06-16;2026-06-16;GHULEM;1710;188;1001
4500017696;10;9050068002;1003563;1722;ZSC;false;9720;EA;9720;0;2026-08-07;2026-06-16;2026-06-16;GHULEM;1710;188;1001
4500017697;10;6350000802;1011162;9997;NB;false;30000;EA;30000;0;2026-09-01;2026-06-16;2026-06-16;ZOULM;1780;197;0001
4500017697;20;6350000902;1011162;9997;NB;false;10000;EA;10000;0;2026-09-01;2026-06-16;2026-06-16;ZOULM;1780;197;0001
4500017697;30;6350000803;1011162;9997;NB;false;15000;EA;15000;0;2026-09-01;2026-06-16;2026-06-16;ZOULM;1780;197;0001
4500017697;40;6350000903;1011162;9997;NB;false;30000;EA;30000;0;2026-09-01;2026-06-16;2026-06-16;ZOULM;1780;197;0001
4500017697;50;6350000804;1011162;9997;NB;false;75000;EA;75000;0;2026-09-01;2026-06-16;2026-06-16;ZOULM;1780;197;0001
4500017697;60;6350000904;1011162;9997;NB;false;75000;EA;75000;0;2026-09-01;2026-06-16;2026-06-16;ZOULM;1780;197;0001
4500017697;70;6350000805;1011162;9997;NB;false;10000;EA;10000;0;2026-09-01;2026-06-16;2026-06-16;ZOULM;1780;197;0001
4500017697;80;6350000905;1011162;9997;NB;false;10000;EA;10000;0;2026-09-01;2026-06-16;2026-06-16;ZOULM;1780;197;0001
4500017697;90;6350000909;1011162;9997;NB;false;15000;EA;15000;0;2026-09-01;2026-06-16;2026-06-16;ZOULM;1780;197;0001
4500017697;100;6350000810;1011162;9997;NB;false;70000;EA;70000;0;2026-09-01;2026-06-16;2026-06-16;ZOULM;1780;197;0001
4500017697;110;6350000910;1011162;9997;NB;false;70000;EA;70000;0;2026-09-01;2026-06-16;2026-06-16;ZOULM;1780;197;0001
4500017697;120;6350041911;1011162;9997;NB;false;15000;EA;15000;0;2026-09-01;2026-06-16;2026-06-16;ZOULM;1780;197;0001
4500017698;10;9050068002;1003563;1722;ZSC;false;11232;EA;11232;0;2026-09-28;2026-06-16;2026-06-16;GHULEM;1710;188;1001
4500017699;10;9050144101;1003563;1722;ZSC;false;65030;EA;65030;0;2026-08-01;2026-06-16;2026-06-16;PRANATP;1710;81;1001
4500017700;10;9050142701;1003563;1722;ZSC;false;137390;EA;137390;0;2026-08-01;2026-06-16;2026-06-16;PRANATP;1710;81;1001
4500017701;10;9050147701;1005413;1114;NB;false;5000;EA;5000;0;2026-10-26;2026-06-16;2026-06-16;CHENC;1110;198;4001
4500017702;10;6350077801;1001443;1114;NB;false;99000;EA;99000;0;2026-07-15;2026-06-16;2026-06-16;PRANATP;1110;81;0001
4500017702;20;6350077701;1001443;1114;NB;false;94000;EA;94000;0;2026-07-15;2026-06-16;2026-06-16;PRANATP;1110;81;0001
4500017702;30;6350077901;1001443;1114;NB;false;15000;EA;15000;0;2026-07-15;2026-06-16;2026-06-16;PRANATP;1110;81;0001
4500017702;40;6350078001;1001443;1114;NB;false;116000;EA;116000;0;2026-07-15;2026-06-16;2026-06-16;PRANATP;1110;81;0001
4500017702;50;6350078101;1001443;1114;NB;false;147000;EA;147000;0;2026-07-15;2026-06-16;2026-06-16;PRANATP;1110;81;0001
4500017702;60;6350078201;1001443;1114;NB;false;43000;EA;43000;0;2026-07-15;2026-06-16;2026-06-16;PRANATP;1110;81;0001
4500017703;10;6110103501;1001443;1113;NB;false;7000;EA;7000;0;2026-07-15;2026-06-16;2026-06-16;PRANATP;1110;81;0001
4500017703;20;6110103601;1001443;1113;NB;false;7000;EA;7000;0;2026-07-15;2026-06-16;2026-06-16;PRANATP;1110;81;0001
4500017703;30;6350077801;1001443;1113;NB;false;12500;EA;12500;0;2026-07-15;2026-06-16;2026-06-16;PRANATP;1110;81;0001
4500017710;10;9050061501;;1784;UB;true;10000;EA;10000;0;2026-06-16;2026-06-16;2026-06-16;THIENEA;1780;185;4001
4500017710;20;9050061501;;1784;UB;true;16000;EA;16000;0;2026-06-16;2026-06-16;2026-06-16;THIENEA;1780;185;4001
4500017711;10;9050057006;;1784;UB;true;630;EA;630;0;2026-06-16;2026-06-16;2026-06-16;THIENEA;1780;185;6002
4500017711;20;9050061704;;1784;UB;true;1200;EA;1200;0;2026-06-16;2026-06-16;2026-06-16;THIENEA;1780;185;4001
4500017711;30;9050057009;;1784;UB;true;300;EA;300;0;2026-06-16;2026-06-16;2026-06-16;THIENEA;1780;185;6002
4500017711;40;9050064824;;1784;UB;true;840;EA;840;0;2026-06-16;2026-06-16;2026-06-16;THIENEA;1780;185;6002
4500017711;50;9050064823;;1784;UB;true;1260;EA;1260;0;2026-06-16;2026-06-16;2026-06-16;THIENEA;1780;185;6002
4500017711;60;9050062405;;1784;UB;true;2000;EA;2000;0;2026-06-16;2026-06-16;2026-06-16;THIENEA;1780;185;4001
4500017711;70;9050064826;;1784;UB;true;630;EA;630;0;2026-06-16;2026-06-16;2026-06-16;THIENEA;1780;185;6002
4500017711;80;9050110011;;1784;UB;true;1400;EA;1400;0;2026-06-16;2026-06-16;2026-06-16;THIENEA;1780;185;6002
4500017711;90;9050107527;;1784;UB;true;350;EA;350;0;2026-06-16;2026-06-16;2026-06-16;THIENEA;1780;185;6002
4500017711;100;9050074024;;1784;UB;true;180;EA;180;0;2026-06-16;2026-06-16;2026-06-16;THIENEA;1780;185;4001
4500017711;110;9050074025;;1784;UB;true;180;EA;180;0;2026-06-16;2026-06-16;2026-06-16;THIENEA;1780;185;4001
4500017711;120;9050061510;;1784;UB;true;1200;EA;1200;0;2026-06-16;2026-06-16;2026-06-16;THIENEA;1780;185;4001
4500017712;10;9050058103;;1784;UB;true;1410;EA;1410;0;2026-06-16;2026-06-16;2026-06-16;THIENEA;1780;185;6002
4500017712;20;9050058102;;1784;UB;true;1410;EA;1410;0;2026-06-16;2026-06-16;2026-06-16;THIENEA;1780;185;6002
4500017712;30;9050058105;;1784;UB;true;1410;EA;1410;0;2026-06-16;2026-06-16;2026-06-16;THIENEA;1780;185;6002
4500017712;40;9050058104;;1784;UB;true;1410;EA;1410;0;2026-06-16;2026-06-16;2026-06-16;THIENEA;1780;185;6002
4500017712;50;9050058101;;1784;UB;true;1410;EA;1410;0;2026-06-16;2026-06-16;2026-06-16;THIENEA;1780;185;6002
4500017712;60;9050059002;;1784;UB;true;504;EA;504;0;2026-06-16;2026-06-16;2026-06-16;THIENEA;1780;185;6002
4500017712;70;9050058102;;1784;UB;true;504;EA;504;0;2026-06-16;2026-06-16;2026-06-16;THIENEA;1780;185;6002
4500017712;80;9050059010;;1784;UB;true;300;EA;300;0;2026-06-16;2026-06-16;2026-06-16;THIENEA;1780;185;6002
4500017712;90;9050058110;;1784;UB;true;300;EA;300;0;2026-06-16;2026-06-16;2026-06-16;THIENEA;1780;185;6002
4500017712;110;9050058104;;1784;UB;true;600;EA;600;0;2026-06-16;2026-06-16;2026-06-16;THIENEA;1780;185;6002
4500017712;120;9050059003;;1784;UB;true;1008;EA;1008;0;2026-06-16;2026-06-16;2026-06-16;THIENEA;1780;185;6002
4500017712;130;9050058103;;1784;UB;true;1008;EA;1008;0;2026-06-16;2026-06-16;2026-06-16;THIENEA;1780;185;6002
4500017712;140;9050074824;;1784;UB;true;108;EA;108;0;2026-06-16;2026-06-16;2026-06-16;THIENEA;1780;185;4001
4500017712;150;9050074825;;1784;UB;true;108;EA;108;0;2026-06-16;2026-06-16;2026-06-16;THIENEA;1780;185;4001
4500017712;160;9050074823;;1784;UB;true;108;EA;108;0;2026-06-16;2026-06-16;2026-06-16;THIENEA;1780;185;4001
4500017712;170;9050074821;;1784;UB;true;108;EA;108;0;2026-06-16;2026-06-16;2026-06-16;THIENEA;1780;185;4001
4500017712;180;9050059003;;1784;UB;true;600;EA;600;0;2026-06-16;2026-06-16;2026-06-16;THIENEA;1780;185;6002
4500017712;190;9050063713;;1784;UB;true;600;EA;600;0;2026-06-16;2026-06-16;2026-06-16;THIENEA;1780;185;4001
4500017712;210;9050063814;;1784;UB;true;108;EA;108;0;2026-06-16;2026-06-16;2026-06-16;THIENEA;1780;185;4001
4500017712;220;9050064723;;1784;UB;true;108;EA;108;0;2026-06-16;2026-06-16;2026-06-16;THIENEA;1780;185;6002
4500017712;230;9050074823;;1784;UB;true;108;EA;108;0;2026-06-16;2026-06-16;2026-06-16;THIENEA;1780;185;4001
4500017712;240;9050058102;;1784;UB;true;2208;EA;2208;0;2026-06-16;2026-06-16;2026-06-16;THIENEA;1780;185;6002
4500017712;250;9050059302;;1784;UB;true;2208;EA;2208;0;2026-06-16;2026-06-16;2026-06-16;THIENEA;1780;185;6002
4500017712;260;9050058103;;1784;UB;true;2904;EA;2904;0;2026-06-16;2026-06-16;2026-06-16;THIENEA;1780;185;6002
4500017712;270;9050059303;;1784;UB;true;2904;EA;2904;0;2026-06-16;2026-06-16;2026-06-16;THIENEA;1780;185;6002
4500017712;280;9050085024;;1784;UB;true;108;EA;108;0;2026-06-16;2026-06-16;2026-06-16;THIENEA;1780;185;6002
4500017712;290;9050084924;;1784;UB;true;108;EA;108;0;2026-06-16;2026-06-16;2026-06-16;THIENEA;1780;185;6002
4500017712;300;9050107527;;1784;UB;true;96;EA;96;0;2026-06-16;2026-06-16;2026-06-16;THIENEA;1780;185;6002
4500017712;310;9050064727;;1784;UB;true;96;EA;96;0;2026-06-16;2026-06-16;2026-06-16;THIENEA;1780;185;6002
4500017712;330;9050064725;;1784;UB;true;1104;EA;1104;0;2026-06-16;2026-06-16;2026-06-16;THIENEA;1780;185;6002
4500017712;340;9050064723;;1784;UB;true;1104;EA;1104;0;2026-06-16;2026-06-16;2026-06-16;THIENEA;1780;185;6002
4500017712;350;9050058208;;1784;UB;true;720;EA;720;0;2026-06-16;2026-06-16;2026-06-16;THIENEA;1780;185;6002
4500017712;360;9050059010;;1784;UB;true;720;EA;720;0;2026-06-16;2026-06-16;2026-06-16;THIENEA;1780;185;6002
4500017712;370;9050058208;;1784;UB;true;1100;EA;1100;0;2026-06-16;2026-06-16;2026-06-16;THIENEA;1780;185;6002
4500017712;380;9050061501;;1784;UB;true;1100;EA;1100;0;2026-06-16;2026-06-16;2026-06-16;THIENEA;1780;185;4001
4500017712;390;9050133810;;1784;UB;true;2100;EA;2100;0;2026-06-16;2026-06-16;2026-06-16;THIENEA;1780;185;6001
4500017712;400;9050134410;;1784;UB;true;2100;EA;2100;0;2026-06-16;2026-06-16;2026-06-16;THIENEA;1780;185;6002
4500017713;20;9050062405;;1784;UB;true;1008;EA;1008;0;2026-06-16;2026-06-16;2026-06-16;THIENEA;1780;185;4001
4500017713;30;9050063713;;1784;UB;true;864;EA;864;0;2026-06-16;2026-06-16;2026-06-16;THIENEA;1780;185;4001
4500017713;40;9050064925;;1784;UB;true;408;EA;408;0;2026-06-16;2026-06-16;2026-06-16;THIENEA;1780;185;4001
4500017713;50;9050064923;;1784;UB;true;600;EA;600;0;2026-06-16;2026-06-16;2026-06-16;THIENEA;1780;185;4001
4500017713;60;9050061704;;1784;UB;true;3204;EA;3204;0;2026-06-16;2026-06-16;2026-06-16;THIENEA;1780;185;4001
4500017713;70;9050057006;;1784;UB;true;700;EA;700;0;2026-06-16;2026-06-16;2026-06-16;THIENEA;1780;185;6002
4500017713;80;9050064115;;1784;UB;true;432;EA;432;0;2026-06-16;2026-06-16;2026-06-16;THIENEA;1780;185;4001
4500017713;90;9050054102;;1784;UB;true;300;EA;300;0;2026-06-16;2026-06-16;2026-06-16;THIENEA;1780;185;4001
4500017714;10;9050058308;;1784;UB;true;10356;EA;10356;0;2026-06-16;2026-06-16;2026-06-16;THIENEA;1780;185;6002
4500017714;20;9050066723;;1784;UB;true;1200;EA;1200;0;2026-06-16;2026-06-16;2026-06-16;THIENEA;1780;185;6002
4500017714;30;9050126101;;1784;UB;true;1602;EA;1602;0;2026-06-16;2026-06-16;2026-06-16;THIENEA;1780;185;6002
4500017714;40;9050126201;;1784;UB;true;9936;EA;9936;0;2026-06-16;2026-06-16;2026-06-16;THIENEA;1780;185;6002
4500017714;50;9050058208;;1784;UB;true;24000;EA;24000;0;2026-06-16;2026-06-16;2026-06-16;THIENEA;1780;185;6002
4500017716;10;9050121101;1005413;1114;NB;false;8000;EA;8000;0;2026-11-20;2026-06-16;2026-06-16;CHENC;1110;198;4001
4500017716;20;9050120901;1005413;1114;NB;false;8000;EA;8000;0;2026-11-20;2026-06-16;2026-06-16;CHENC;1110;198;4001
4500017716;30;9050121201;1005413;1114;NB;false;10000;EA;10000;0;2026-11-20;2026-06-16;2026-06-16;CHENC;1110;198;4001
4500017717;10;9050133501;1005413;1714;NB;false;10000;EA;10000;0;2026-10-25;2026-06-16;2026-06-16;CHENC;1710;198;4001
4500017718;10;9050098301;1005413;7101;NB;false;36000;EA;36000;0;2026-11-30;2026-06-16;2026-06-16;CHENC;1710;198;4001
4500017719;10;9050064923;1010837;7817;ZSC;false;8500;EA;8500;0;2026-09-20;2026-06-16;2026-06-16;CHENC;1780;198;4001
4500017719;20;9050064923;1010837;7818;ZSC;false;3500;EA;3500;0;2026-09-20;2026-06-16;2026-06-16;CHENC;1780;198;4001
4500017720;10;6350013523;1000019;9997;NB;false;25000;EA;25000;0;2026-09-01;2026-06-16;2026-06-16;CHENC;1780;198;0001
4500017721;10;9050061510;1000776;7803;ZSC;false;5000;EA;5000;0;2026-11-13;2026-06-16;2026-06-16;CHENC;1780;198;4001
4500017721;20;9050061510;1000776;7817;ZSC;false;2000;EA;2000;0;2026-11-13;2026-06-16;2026-06-16;CHENC;1780;198;4001
4500017721;30;9050061510;1000776;7818;ZSC;false;1000;EA;1000;0;2026-11-13;2026-06-16;2026-06-16;CHENC;1780;198;4001
4500017721;40;9050061510;1000776;1787;ZSC;false;17000;EA;17000;0;2026-11-13;2026-06-16;2026-06-16;CHENC;1780;198;4001
4500017722;10;6350014510;1000019;9997;NB;false;25000;EA;25000;0;2026-10-19;2026-06-16;2026-06-16;CHENC;1780;198;0001
