event_id;chr_ref;po_number;po_linked;primary_reference;status;status_detail;activity_date;mode;mode_detail;pickup_date;origin;destination;total_charge_usd;carrier_code;bol_chr;mbol_number;material_id;invoice_date
1;540847641;;;4500014768;Delivered;Delivered;2026-01-13;Truckload;Truckload (Dry);2026-01-13;KDC Chemaid;Fosdick;1,066.08;T6124066;;;9050130501;2026-01-14
2;542704049;;;4500014826;Delivered;Delivered;2026-01-30;LTL;LTL (Dry);2026-01-30;Westfall-Technik;Fosdick (CT);598.39;T2197553;;;;2026-02-04
3;554714019;;;117569528;Delivered;Delivered;2026-05-26;LTL;LTL (Dry);2026-05-26;Westrock;BJ'S WHOLESALE CLUB 0800;651.53;T4446427;;;;2026-05-29
4;543561010;;;4500014088 MULTI;Delivered;Delivered;2026-02-11;Truckload;Truckload (Dry);2026-02-11;KDC One;RJW - Joliet;1,211.68;T6114365;;;"9050089502; 9050091702; 9050091602; 9050091701; 9050089602; 9050091601";2026-02-12
5;555187531;;;4500017441;Delivered;Delivered;2026-06-03;Truckload;Truckload (Dry);2026-06-03;Legacy (IN);RJW - Joliet;1,482.18;T6104010;;;"9050067905; 9050098001";2026-06-04
6;550647941;;;4500016692;Delivered;Delivered;2026-04-21;LTL;LTL (Dry);2026-04-20;RJW - Joliet;PCA;1,316.70;T4446427;;;;2026-04-23
7;551160924;;;4500016794;Carrier Booked;Checked In;2026-04-22;LTL;LTL (Dry);;Fosdick Outbound;Legacy (IN);267.08;T2197553;;;;
8;554495317;;;4500014837;Delivered;Delivered;2026-05-27;Truckload;Truckload (Dry);2026-05-27;KDC One;RJW - Joliet;1,738.69;T6082803;;;9050091702;2026-05-28
9;541702330;;;4500014332;Delivered;Delivered;2026-01-30;Truckload;Truckload (Dry);2026-01-30;Beauty Manufacturing Solutions Corp;RJW - Joliet;2,076.12;T5058066;;;9050092202;2026-02-02
10;555142110;;;4500017448;Carrier Booked;Checked In;2026-05-29;LTL;LTL (Dry);;Menasha Packaging Company;Fosdick Inbound;541.16;T2359780;;;"9200002701; 9200000201";
11;552484763;;;4500017118;Delivered;Delivered;2026-05-05;Truckload;Truckload (Dry);2026-05-05;Menasha Packaging Company;Westrock IL;1,921.15;T3276695;;;9050110202;2026-05-07
12;554478773;;;4500017291;In Transit;Picked Up;2026-05-27;LTL;LTL (Dry);2026-06-01;RJW - Joliet;Fosdick Inbound;376.67;T2359780;;;;
13;538170130;;;4500011973;Delivered;Delivered;2025-12-23;Intermodal;Intermodal (Dry);2025-12-23;Beauty Manufacturing Solutions Corp;RJW - Joliet;1,645.71;T6057752;;;9050096202;2026-01-26
14;539304580;;;4500015368;Delivered;Delivered;2025-12-29;Truckload;Truckload (Dry);2025-12-29;Menasha Packaging Company;RJW - Joliet;2,702.97;T1228;;;"9050089901; 9050121901";2025-12-31
15;545560189;;;4500016177;Delivered;Delivered;2026-03-02;Truckload;Truckload (Dry);2026-03-02;Menasha Packaging Company;RJW - Joliet;2,501.65;T6292572;;;"9050089902; 9050089903; 9050082501";2026-03-04
16;545982652;;;4500016200;Delivered;Delivered;2026-03-12;Truckload;Truckload (Dry);2026-03-12;RJW - Joliet;Legacy;918.80;T3655266;;;;2026-03-13
17;540314053;;;4500015433;Delivered;Delivered;2026-01-07;LTL;LTL (Dry);2026-01-08;Fosdick Outbound;Legacy (IN);770.24;T4446427;;;9050028901;2026-01-15
18;544766307;;;4500013331;Delivered;Delivered;2026-02-23;Truckload;Truckload (Dry);2026-02-23;AEROFIL;RJWIL;1,576.50;T5309195;;;;2026-02-24
19;540285569;;;4500013286;Delivered;Delivered;2026-01-08;LTL;LTL (Dry);2026-01-08;Beauty Manufacturing Solutions Corp;RJW - Joliet;642.22;T4246;;;9050112901;2026-01-16
20;546763566;;;4500014835, 4500014324;Delivered;Delivered;2026-03-13;Truckload;Truckload (Dry);2026-03-13;KDC One;RJW - Joliet;803.75;T107658;;;"9050091602; 9050089602";2026-03-17
21;541554979;;;4500015574;Delivered;Delivered;2026-01-21;Truckload;Truckload (Dry);2026-01-21;Menasha Packaging Company;RJW - Joliet;1,890.87;T6174400;;;"9050089904; 9050099306; 9050082501";2026-01-23
22;540531378;;;4500013429;Delivered;Delivered;2026-01-12;LTL;LTL (Dry);2026-01-12;KDC-Knowlton;Fosdick Fulfillment;707.48;T2295160;;;9050093302;2026-01-20
23;547431641;;;4500014522,4500014428,4500014557;Delivered;Delivered;2026-03-19;Truckload;Truckload (Dry);2026-03-19;KDC-Knowlton;RJW - Joliet;4,285.61;T4385745;817;;"9050092902; 9050093102";2026-03-25
24;548090094;;;4500016524;Delivered;Delivered;2026-03-30;LTL;LTL (Dry);2026-03-30;Menasha Packaging Company;Fosdick Fulfillment;4,111.11;T4446427;;;9200000201;2026-04-09
25;542217863;;;4500015255 & 4500015269;Delivered;Delivered;2026-02-02;Truckload;Truckload (Dry);2026-02-02;International Paper;Fosdick Outbound;2,184.42;T6240725;;;"6120007201; 6120007101";2026-02-03
26;546692248;;;4500015569,15596,15567,15570, 15573;Delivered;Delivered;2026-03-12;Truckload;Truckload (Dry);2026-03-12;FM Howell;RJW - Joliet;1,651.37;T4157735;;;9050068701;2026-03-13
27;555920706;4500015524;true;4500015524;Delivered;Delivered;2026-06-04;Truckload;Truckload (Dry);2026-06-04;KDC Chemaid;Legacy;3,100.91;T6318447;;;9050092302;2026-06-08
28;550456576;;;0325CT_G+FDonation;Delivered;Delivered;2026-04-30;Truckload;Truckload (Dry);2026-04-30;Fosdick Outbound;The River Fund c/o: Good+Foundation;1,327.10;T6286349;;;;2026-05-01
29;543749297;;;4500015833;Delivered;Delivered;2026-02-12;Truckload;Truckload (Dry);2026-02-12;Fosdick Outbound;Fosdick Fulfillment;7,732.25;T6308528;;;"9050053101; MSPK0544";2026-02-16
30;556574914;;;4500015685,4500015686;Delivered;Delivered;2026-06-10;Truckload;Truckload (Dry);2026-06-10;KDC-Knowlton;RJW - Joliet;2,348.25;T4524140;;;"9050093002; 9050093102";2026-06-12
31;553507805;;;4500013295;Delivered;Delivered;2026-05-19;Intermodal;Intermodal (Dry);2026-05-19;Beauty Manufacturing Solutions Corp;RJW - Joliet;2,387.98;T1641117;;;"9050092202; 9050102601";2026-05-28
32;553137035;;;4500017164;Delivered;Delivered;2026-05-11;Truckload;Truckload (Dry);2026-05-11;Menasha Packaging Company;RJW - Joliet;2,000.84;T5043883;;;"9050110201; 9050125612";2026-05-13
33;552481507;;;4500016675;Delivered;Delivered;2026-05-05;Truckload;Truckload (Dry);2026-05-05;Tessy Plastics;Westrock IL;1,798.45;T5342509;;;9050013404;2026-05-06
34;543187469;;;4500015837;Delivered;Delivered;2026-02-09;LTL;LTL (Dry);2026-02-09;Menasha Packaging Company;Fosdick (CT);166.82;T1934631;;;9200002701;2026-02-10
35;553968674;;;4500014833;Delivered;Delivered;2026-05-20;LTL;LTL (Dry);2026-05-20;Orlandi Inc.;Fosdick Inbound;310.51;T2359780;;;;2026-05-26
36;543857777;;;4500014660;Delivered;Delivered;2026-02-12;Truckload;Truckload (Dry);2026-02-12;CG LABS;Fosdick;1,194.44;T6149888;;;;2026-02-13
37;544612895;;;4500014555;Delivered;Delivered;2026-02-19;Truckload;Truckload (Dry);2026-02-19;CG Labs;Legacy;2,507.00;T6073435;;;;2026-02-23
38;543559537;;;4500014087, 4500014570;Delivered;Delivered;2026-02-10;Truckload;Truckload (Dry);2026-02-10;KDC One;Legacy IN;1,064.58;T5194942;;;"9050091602; 9050089502";2026-02-10
39;556674412;4500015638;true;4500015638, 4500014837;Delivered;Delivered;2026-06-11;LTL;LTL (Dry);2026-06-11;KDC One;RJW - Joliet;687.86;T218939;;;9050091702;
40;541702516;;;4500014332;Delivered;Delivered;2026-01-29;Intermodal;Intermodal (Dry);2026-01-29;Beauty Manufacturing Solutions Corp;RJW - Joliet;1,712.45;T5613;;;9050092202;2026-02-09
41;556849333;;;4500014484;Delivered;Delivered;2026-06-12;Truckload;Truckload (Dry);2026-06-12;KDC Chemaid;RJW IL2;2,010.43;T6028434;;;9050093401;2026-06-14
42;547783215;4500015514;true;4500015514;Delivered;Delivered;2026-03-24;Truckload;Truckload (Dry);2026-03-24;KDC Chemaid;Fosdick;1,102.33;T6300639;;;9050130901;2026-03-24
43;538890852;;;4500014140;Delivered;Delivered;2026-01-05;LTL;LTL (Dry);2026-01-05;CG LABS;Fosdick;512.28;T2197553;;;9050126801;2026-01-06
44;552193540;;;4500015199;Delivered;Delivered;2026-05-05;Truckload;Truckload (Dry);2026-05-05;Orlandi Inc.;Fosdick Inbound;870.12;T6308952;;;"9050115901; 9050115801; 9050115701";2026-05-06
45;554573159;4500015853;true;4500015853;Delivered;Delivered;2026-05-28;Truckload;Truckload (Dry);2026-05-28;DMI Corporation;RJW - Joliet;2,184.11;T6249441;;;;2026-05-29
46;551047176;;;4500016282;Delivered;Delivered;2026-04-22;Truckload;Truckload (Dry);2026-04-22;PCA Landisville;Fosdick CT;1,694.05;T2352274;;;6360035301;2026-04-23
47;553227955;;;4500015179,45000015179;Delivered;Delivered;2026-05-14;Truckload;Truckload (Dry);2026-05-14;KDC Chemaid;RJW - Joliet;4,929.58;T5350638;;;9050137401;2026-05-15
48;555184202;;;4500014331;Ordered;Assigned;2026-06-04;Intermodal;Intermodal (Dry);;Beauty Manufacturing Solutions Corp;RJW - Joliet;;;;;9050092302;
49;540589214;;;4500012440;Ordered;Ordered;2026-01-13;LTL;LTL (Dry);;Charles Green Labs;Legacy IN;;;;;9050089701;
50;555762911;4500017332;true;4500017332;Delivered;Delivered;2026-06-03;LTL;LTL (Dry);2026-06-03;Westfall-Technik;CUSTOMER PICK UP: FOSDICK (NV);323.94;T2197553;;;9050099804;
51;541536901;;;4500014090;Delivered;Delivered;2026-01-22;LTL;LTL (Dry);2026-01-22;KDC One;Fosdick (CT);524.18;T1934631;;;9050089602;2026-01-27
52;542698052;;;4500014826;Delivered;Delivered;2026-02-02;LTL;LTL (Dry);2026-02-02;Westfall-Technik;Fosdick Fulfillment;284.69;T2197553;;;;2026-02-05
53;553655327;;;4500015382;Delivered;Delivered;2026-05-19;Truckload;Truckload (Dry);2026-05-19;PLZ MISSISSAUGA PERSONAL CARE;RJW - Joliet;1,788.92;T5354391;;;;2026-05-20
54;542430740;;;4500014471;Delivered;Delivered;2026-01-30;LTL;LTL (Dry);2026-01-28;Silgan Distribution Center;Orlandi Inc.;213.32;T2359780;;;;2026-01-30
55;552129249;;;4500017040;Delivered;Delivered;2026-05-01;LTL;LTL (Dry);2026-05-01;Legacy (IN);Fosdick;483.03;T2197553;;;9050144704;2026-05-05
56;549409305;;;45000016238-20;Delivered;Delivered;2026-04-07;Truckload;Truckload (Dry);2026-04-07;PCA Landisville;Fosdick CT;1,456.49;T6005489;;;;2026-04-08
57;548334183;;;4500014837;Delivered;Delivered;2026-03-30;LTL;LTL (Dry);2026-03-30;KDC One;Fosdick (CT);493.45;T1934631;;381685053906;9050091702;2026-04-01
58;552429659;;;4500014088;Delivered;Delivered;2026-05-05;LTL;LTL (Dry);2026-05-06;KDC One;RJW - Joliet;371.79;T2197553;;;9050091702;2026-05-08
59;552460535;;;PO2604BA;Delivered;Delivered;2026-05-04;Truckload;Truckload (Dry);2026-05-05;KDC One;Prime Matter Labs West;2,800.00;T6164033;;;;2026-05-08
60;552484349;;;4500014919;Delivered;Delivered;2026-05-06;Truckload;Truckload (Dry);2026-05-06;PLZ MISSISSAUGA PERSONAL CARE;RJW IL2;1,881.22;T5354391;;;;2026-05-08
61;538801050;;;4500013438;Delivered;Delivered;2025-12-23;LTL;LTL (Dry);2025-12-23;KDC One;Fosdick (CT);500.91;T1934631;;;9050091602;2025-12-29
62;542700455;;;4500014826;Delivered;Delivered;2026-02-02;LTL;LTL (Dry);2026-01-30;Westfall-Technik;Legacy IN;322.36;T2359780;;;;2026-02-03
63;538414880;;;4500013438;Delivered;Delivered;2025-12-22;LTL;LTL (Dry);2025-12-22;KDC One;Legacy IN;676.11;T8154;;;9050091602;2025-12-26
64;545775323;;;4500016184;Delivered;Delivered;2026-03-04;Truckload;Truckload (Dry);2026-03-04;Menasha Packaging Company;RJW - Joliet;1,691.62;T5342509;;;"9050088702; 9050088704; 9050089902; 9050099306";2026-03-06
65;550489440;;;4500014704;Delivered;Delivered;2026-04-21;Truckload;Truckload (Dry);2026-04-21;PLZ MISSISSAUGA PERSONAL CARE;RJW IL2;2,055.63;T5268713;;;;2026-04-22
66;553502482;;;4500017184;Delivered;Delivered;2026-05-14;LTL;LTL (Dry);2026-05-14;Harry's, INC. C/O Fosdick Fulfillment;Fosdick Outbound;231.20;T2197553;;;9050109501;2026-05-20
67;554712429;;;117570181;Delivered;Delivered;2026-05-22;LTL;LTL (Dry);2026-05-22;Westrock;BJS WHOLESALE CLUB' 0840;656.49;T4446427;;;;
68;553794118;;;4500013295;Delivered;Delivered;2026-05-20;Intermodal;Intermodal (Dry);2026-05-20;Beauty Manufacturing Solutions Corp;RJW - Joliet;2,267.22;T6057752;;;9050092202;2026-05-28
69;546165503;;;4500014817;Delivered;Delivered;2026-03-09;LTL;LTL (Dry);2026-03-06;CG Labs;Fosdick;802.07;T2295160;;;;2026-06-03
70;543708313;;;NS;Delivered;Delivered;2026-01-27;LTL;LTL (Dry);2025-10-28;Harry's CJ Logistics;RJW - Joliet;251.17;T129576;;;;2026-02-10
71;543562347;;;4500015855;Delivered;Delivered;2026-02-10;Truckload;Truckload (Dry);2026-02-10;Menasha Packaging Company;RJW - Joliet;2,122.62;T4429951;;;"9050089901; 9050068801";2026-02-12
72;547358660;;;4500014324;Delivered;Delivered;2026-03-19;Truckload;Truckload (Dry);2026-03-19;KDC One;Fosdick (CT);2,791.10;T6169665;;;9050091602;2026-03-20
73;540377559;;;4500014147;Delivered;Delivered;2026-01-08;LTL;LTL (Dry);2026-01-08;DMI Corporation;RJW IL2;1,443.73;T2197553;;;;2026-01-13
74;543202653;;;4500014088;Delivered;Delivered;2026-02-09;Truckload;Truckload (Dry);2026-02-09;KDC One;RJW - Joliet;1,537.18;T6252449;;;9050091702;2026-02-10
75;544545090;;;4500015892;Delivered;Delivered;2026-02-20;Truckload;Truckload (Dry);2026-02-20;RJW - Joliet;Menasha (NJ);4,421.98;T5160094;;;;2026-02-23
76;548679427;;;5433638265;Delivered;Delivered;2026-04-01;LTL;LTL (Dry);2026-04-01;Menasha Packaging Company;Sams Club;2,294.58;T129576;;;9150206110;2026-04-06
77;544545972;;;4500014115, 4500014325;Delivered;Delivered;2026-02-19;Truckload;Truckload (Dry);2026-02-19;KDC One;RJW - Joliet;1,356.27;T3803;;;9050091702;2026-02-20
78;538497412;;;4500015252;Delivered;Delivered;2025-12-19;Truckload;Truckload (Dry);2025-12-19;Menasha Packaging Company;RJW - Joliet;1,950.99;T4032834;;;9050114212;2025-12-23
79;552147137;;;4500015199;Delivered;Delivered;2026-05-04;LTL;LTL (Dry);2026-05-04;Orlandi Inc.;Harry's, INC. C/O Fosdick Fulfillment;2,206.03;T2197553;;;"9050115901; 9050115801; 9050115701";2026-05-11
80;547609398;;;4500014917;Delivered;Delivered;2026-03-19;LTL;LTL (Dry);2026-03-19;Charles Green Labs;Fosdick (CT);867.54;T6300639;;;;2026-03-20
81;540377759;;;4500014147;Delivered;Delivered;2026-01-08;LTL;LTL (Dry);2026-01-08;DMI Corporation;Legacy Supply Chain Service;193.01;T4384804;;;;2026-01-13
82;542439086;;;4500015247, 4500015248, 4500015250, 4500014920;Delivered;Delivered;2026-02-02;Truckload;Truckload (Dry);2026-02-02;FM Howell;RJW - Joliet;2,013.99;T6161417;;;9050068701;2026-02-03
83;548071455;;;4500016521;Delivered;Delivered;2026-03-26;Truckload;Truckload (Dry);2026-03-26;Menasha Packaging Company;RJW - Joliet;1,726.04;T5195876;;;"9050114212; 9050099402; 9050088702; 9050088704";2026-03-30
84;539545037;;;4500015415,4500015402;Delivered;Delivered;2025-12-31;Truckload;Truckload (Dry);2025-12-31;Menasha Packaging Company;RJW - Joliet;2,295.98;T235200;;;"9050092201; 9050125612";2026-01-05
85;547757344;;;4500016489;Delivered;Delivered;2026-03-23;Truckload;Truckload (Dry);2026-03-23;Menasha Packaging Company;RJW - Joliet;2,098.35;T6114364;;;"9050089903; 9050089904";2026-03-25
86;547195015;;;4500014830;Delivered;Delivered;2026-03-17;LTL;LTL (Dry);2026-03-17;Westfall-Technik;Menasha (NJ);437.28;T4446427;;;;2026-03-20
87;548668083;;;4500014838;Delivered;Delivered;2026-04-02;LTL;LTL (Dry);2026-04-02;KDC One;RJW - Joliet;232.22;T4384804;;;9050124901;2026-04-07
88;550611735;;;4500014945,4500014903,4500014946;Delivered;Delivered;2026-04-17;Truckload;Truckload (Dry);2026-04-17;KDC-Knowlton;RJW - Joliet;3,740.50;T2245943;;;"9050092902; 9050093102; 9050093002";2026-04-23
89;547118641;;;4500016294;Delivered;Delivered;2026-03-19;LTL;LTL (Dry);2026-03-24;RJW - Joliet;Fosdick;307.33;T2359780;;;;2026-03-23
90;538441157;;;4500014193;Delivered;Delivered;2025-12-18;LTL;LTL (Dry);2025-12-18;Westfall Technik, LLC;Legacy IN;232.66;T2295160;983820601;;;2025-12-22
91;542492271;;;4500014096-CT;Delivered;Delivered;2026-01-29;LTL;LTL (Dry);2026-01-29;Oxygen Development;Fosdick Outbound;679.27;T4446427;;;9050097301;2026-02-05
92;555858706;;;4500015314, 4500014944;Delivered;Delivered;2026-06-09;LTL;LTL (Dry);2026-06-10;KDC One;Fosdick (CT);1,019.02;T2295160;;;"9050124901; 9050091602";
93;541702162;;;4500014332;Delivered;Delivered;2026-01-30;Truckload;Truckload (Dry);2026-01-30;Beauty Manufacturing Solutions Corp;RJW - Joliet;3,302.25;T6240725;;;9050092202;2026-02-02
94;550601718;;;4500016592;Delivered;Delivered;2026-04-16;LTL;LTL (Dry);2026-04-16;Fosdick Outbound;Legacy (IN);428.61;T2197553;;;;2026-04-21
95;545393195;;;4500016139;Delivered;Delivered;2026-02-27;Truckload;Truckload (Dry);2026-02-27;RJW - Joliet;Legacy;1,426.39;T4150604;;;;2026-03-02
96;545558985;;;4500015150;Delivered;Delivered;2026-03-02;Truckload;Truckload (Dry);2026-03-02;Tessy Plastics;Menasha (NJ);2,179.70;T6000579;;;9050013404;2026-03-02
97;547214914;;;4500014908;Delivered;Delivered;2026-03-18;LTL;LTL (Dry);2026-03-19;CG LABS;Fosdick;196.29;T2197553;002850420192;;;2026-03-20
98;540877053;;;4500015469;Delivered;Delivered;2026-01-13;Truckload;Truckload (Dry);2026-01-14;Tessy Plastics;RJW - Joliet;2,521.81;T6153653;;;9050013404;2026-01-15
99;544721377;;;4500013331;Delivered;Delivered;2026-02-20;Truckload;Truckload (Dry);2026-02-20;AEROFIL;Legacy In;1,644.70;T5349122;;;;2026-02-23
100;543133186;;;55608145;Delivered;Delivered;2026-02-04;Truckload;Truckload (Dry);2026-02-04;menasha;RJWIL2;2,750.80;T4429951;;;;2026-02-06
101;551893762;;;4500017041;Delivered;Delivered;2026-04-29;LTL;LTL (Dry);2026-04-29;Legacy (IN);Fosdick Fulfillment;1,315.89;T2197553;;;"9050092402; 9050091702";2026-05-05
102;552110272;;;4500017051;Delivered;Delivered;2026-05-01;Truckload;Truckload (Dry);2026-05-01;FM Howell;RJW - Joliet;2,551.47;T6177902;;;9200000201;2026-05-03
103;546541913;;;4500014331;Delivered;Delivered;2026-03-12;Intermodal;Intermodal (Dry);2026-03-12;Beauty Manufacturing Solutions Corp;Legacy (IN);2,674.14;T6057752;;;9050092302;2026-04-03
104;539879147;;;GFDonation121825-1711;Delivered;Delivered;2026-01-15;Truckload;Truckload (Dry);2026-01-15;Fosdick;The River Fund - NY-Good Plus Foundation;868.49;T5179632;;;;2026-01-16
105;539265573;;;4500014782;Delivered;Delivered;2026-01-02;Truckload;Truckload (Dry);2026-01-02;Packaging Corporation of America;Fosdick (CT);1,756.86;T3646825;;;6360035301;2026-01-05
106;555845612;;;4500015344;Delivered;Delivered;2026-06-03;Truckload;Truckload (Dry);2026-06-03;CG Labs;Legacy (IN);1,817.35;T5350504;;;9050089701;2026-06-05
107;547658027;;;4500014664;Carrier Booked;Checked In;2026-03-24;LTL;LTL (Dry);;Beauty Manufacturing Solutions Corp;RJW - Joliet;;T2359780;;;9050112901;
108;544681811;;;4500014325;Delivered;Delivered;2026-02-20;Truckload;Truckload (Dry);2026-02-20;KDC One;RJW - Joliet;1,346.10;T6192760;;;9050091702;2026-02-23
109;555670878;4500016899;true;4500016899;In Transit;Picked Up;2026-06-02;LTL;LTL (Dry);2026-06-02;Acorn;Fosdick CT;349.35;T2197553;;;6270001001;
110;538551664;;;4500015254;Delivered;Delivered;2025-12-23;LTL;LTL (Dry);2025-12-23;Legacy (IN);Fosdick Inbound;1,576.65;T2295160;;;"9050074101; 9050107301; 9050101001; 6120007101; 9050038404";2026-01-09
111;544067167;;;4500015349;Delivered;Delivered;2026-02-13;Truckload;Truckload (Dry);2026-02-13;Westfall-Technik;Legacy IN;700.00;T6046761;;;;2026-02-16
112;541309934;;;CRAFTRET121125, 4500015496;Delivered;Delivered;2026-01-21;LTL;LTL (Dry);2026-01-21;RJW - Joliet;Fosdick;601.32;T8154;;;;2026-01-23
113;548127265;;;4500015570, 4500015596;Delivered;Delivered;2026-03-27;Truckload;Truckload (Dry);2026-03-27;FM Howell;RJW - Joliet;2,323.01;T5282912;;;9050068701;2026-03-30
114;552124983;;;4500016166;Delivered;Delivered;2026-04-30;LTL;LTL (Dry);2026-04-30;Westfall-Technik;Menasha (NJ);635.35;T4446427;;;9200002301;2026-05-04
115;548680139;;;8634086158 -B,8634086158;Delivered;Delivered;2026-03-31;LTL;LTL (Dry);2026-03-31;Menasha Packaging Company;Sams;267.48;T2295160;;;9150206110;2026-04-06
116;546428781;;;4500013996;Delivered;Delivered;2026-03-10;Truckload;Truckload (Dry);2026-03-10;KDC Chemaid;Fosdick;867.05;T5348604;;;9050096801;2026-03-11
117;543729121;;;4500011963 -B,4500011963;Delivered;Delivered;2026-02-13;LTL;LTL (Dry);2026-02-13;KDC One;Fosdick (CT);541.56;T1934631;;;9050092502;2026-02-17
118;553223536;;;4500016286, 4500016288, 4500016285, 4500016347;Delivered;Delivered;2026-05-14;Truckload;Truckload (Dry);2026-05-14;FM Howell;RJW - Joliet;2,250.82;T5387019;;;9050068701;2026-05-15
119;549201827;;;4500015540;Delivered;Delivered;2026-04-06;Truckload;Truckload (Dry);2026-04-06;Orlandi Inc.;Menasha;1,008.30;T6241387;;;;2026-04-06
120;556574740;;;4500015314;Delivered;Delivered;2026-06-11;Truckload;Truckload (Dry);2026-06-11;KDC One;RJW - Joliet;1,558.46;T5260321;;;9050091602;2026-06-12
121;555789143;;;4500017508;Delivered;Delivered;2026-06-03;LTL;LTL (Dry);2026-06-03;Legacy (IN);Westrock IL;468.71;T2197553;;;"9200003802; 9200003702";2026-06-04
122;555923651;4500015524;true;4500015524;Delivered;Delivered;2026-06-04;Truckload;Truckload (Dry);2026-06-04;KDC Chemaid;Legacy;2,753.72;T6220903;;;9050092302;2026-06-05
123;556688633;;;4500017564;Delivered;Delivered;2026-06-10;Truckload;Truckload (Dry);2026-06-10;Menasha Packaging Company;RJW - Joliet;1,899.07;T6281132;;;"9050099401; 9050099306; 9050089902";2026-06-12
124;544493019;;;4500012713;Delivered;Delivered;2026-02-24;LTL;LTL (Dry);2026-02-24;Beauty Manufacturing Solutions Corp;Fosdick (CT);2,106.00;T4446427;;;"9050098401; 9050098301";2026-03-06
125;556378795;4500015808;true;4500015808;In Transit;Picked Up;2026-06-09;LTL;LTL (Dry);2026-06-09;Beauty Manufacturing Solutions Corp;Fosdick Fulfillment;389.97;T2197553;;;9050141501;
126;553971454;;;4500013295;Delivered;Delivered;2026-05-20;Intermodal;Intermodal (Dry);2026-05-20;Beauty Manufacturing Solutions Corp;RJW - Joliet;2,267.22;T5613;;;9050092202;2026-05-28
127;541898369;;;4500015594;Delivered;Delivered;2026-01-23;LTL;LTL (Dry);2026-01-22;Fosdick Outbound;RJW - Joliet;499.96;T4446427;;;9050112901;2026-01-28
128;545392500;;;4500014324;Delivered;Delivered;2026-02-27;Truckload;Truckload (Dry);2026-02-27;KDC One;RJW - Joliet;1,335.63;T5166157;;;9050091602;2026-02-28
129;541785830;;;4500013864,4500013865;Delivered;Delivered;2026-01-23;Truckload;Truckload (Dry);2026-01-23;KDC-Knowlton;RJW - Joliet;3,298.01;T4846281;;;"9050092902; 9050093002";2026-01-27
130;538862837;;;4500013438;Delivered;Delivered;2025-12-23;Truckload;Truckload (Dry);2025-12-23;KDC One;RJW - Joliet;1,221.91;T1418039;;;9050091602;2025-12-26
131;544420497;;;100ml-Cologne-LT-2026-NJ;Delivered;Delivered;2026-02-18;Truckload;Truckload (Dry);2026-02-18;Orlandi Inc.;Menasha (NJ);450.00;T6171580;;;;2026-02-19
132;539899955;;;4500014926;Delivered;Delivered;2026-01-05;Truckload;Truckload (Dry);2026-01-05;PaperFoam;Legacy IN;2,201.69;T3646825;;;;2026-01-07
133;546545685;;;4500014427;Delivered;Delivered;2026-03-11;LTL;LTL (Dry);2026-03-11;KDC-Knowlton;Fosdick (CT);315.02;T2295160;;;9050093002;2026-03-20
134;548369888;;;4500015777,4500015782,4500015350;Delivered;Delivered;2026-03-26;LTL;LTL (Dry);2026-03-26;Westfall-Technik;Legacy IN;240.83;T2295160;;;;2026-03-30
135;551891777;;;4500016803;Delivered;Delivered;2026-04-29;LTL;LTL (Dry);2026-04-29;Legacy (IN);Menasha;622.38;T2197553;;;9050013402;2026-05-01
136;551243341;;;4500015863;In Transit;Picked Up;2026-04-24;Truckload;Truckload (Dry);2026-04-24;PLZ MISSISSAUGA PERSONAL CARE;Legacy IN;1,749.96;T5367156;;;;2026-04-24
137;552617778;;;4500015779;Delivered;Delivered;2026-05-06;Truckload;Truckload (Dry);2026-05-06;Westfall-Technik;Legacy IN;650.00;T6046761;;;9050099802;2026-05-07
138;540331605;;;4500015434, 4500015436;Delivered;Delivered;2026-01-12;Truckload;Truckload (Dry);2026-01-12;RJW - Joliet;Legacy IN;1,446.03;T5195990;;;;2026-01-13
139;546613925;;;4500014331;Delivered;Delivered;2026-03-12;Intermodal;Intermodal (Dry);2026-03-12;Beauty Manufacturing Solutions Corp;RJW - Joliet;1,852.15;T5613;;;9050092302;2026-03-19
140;557008190;;;0528CT_RiverFund;In Transit;Picked Up;2026-06-12;LTL;LTL (Dry);2026-06-12;Fosdick;The River Fund c/o: Good+Foundation;293.10;T1934631;;;;
141;547062887;;;4500014324;Delivered;Delivered;2026-03-18;LTL;LTL (Dry);2026-03-18;KDC One;Harry's, INC. C/O Fosdick Fulfillment;785.61;T2359780;;398965839593;9050091602;2026-03-26
142;544995026;;;4500012713;Delivered;Delivered;2026-02-25;Intermodal;Intermodal (Dry);2026-02-25;Beauty Manufacturing Solutions Corp;RJW - Joliet;1,837.84;T3971627;;;"9050098401; 9050098301";2026-03-20
143;552915523;;;4500015179;Delivered;Delivered;2026-05-12;Truckload;Truckload (Dry);2026-05-12;KDC Chemaid;RJW - Joliet;1,979.00;T6027220;;;9050137401;2026-05-19
144;548676816;;;2784046638;Delivered;Delivered;2026-04-01;LTL;LTL (Dry);2026-04-01;Menasha Packaging Company;Sams Club;2,184.93;T129576;1004173568;;9150206110;2026-04-03
145;557053029;;;4500015779, 16163, 16541;Delivered;Delivered;2026-06-12;Truckload;Truckload (Dry);2026-06-12;Westfall-Technik;Legacy (IN);1,333.95;T5248011;;;;
146;541917542;;;4500014332;Delivered;Delivered;2026-01-27;Truckload;Truckload (Dry);2026-01-27;Beauty Manufacturing Solutions Corp;RJW - Joliet;3,218.10;T6216830;;;9050092202;2026-01-28
147;541460990;;;4500011655, 4500014090;Delivered;Delivered;2026-01-21;Truckload;Truckload (Dry);2026-01-21;KDC One;RJW - Joliet;1,195.67;T6144700;;;9050089602;2026-01-22
148;540328316;;;4500014027;Delivered;Delivered;2026-01-08;Truckload;Truckload (Dry);2026-01-08;Charles Green Labs;Fosdick;900.45;T6287314;;;;2026-01-09
149;553633447;;;4500016484-10;Delivered;Delivered;2026-05-18;Truckload;Truckload (Dry);2026-05-18;PCA Landisville;Fosdick (CT);1,580.42;T5283931;;;6360044301;2026-05-19
150;549746797;;;4500015465;Delivered;Delivered;2026-04-10;LTL;LTL (Dry);2026-04-10;BERRY OUTSIDE WAREHOUSE/ENTREPOSAGE PLASPAK INC.;DMI Corporation;314.81;T2295160;;;;2026-04-16
151;555685453;;;4500016903;Delivered;Delivered;2026-06-04;Truckload;Truckload (Dry);2026-06-04;Viking Industries;Twin Health, Inc;993.71;T2964781;;;6120041101;2026-06-05
152;549201533;4500016189;true;4500016189;Delivered;Delivered;2026-04-03;Truckload;Truckload (Dry);2026-04-03;KDC Chemaid;Fosdick;1,311.93;T6300639;;;9050132501;2026-04-06
153;546415829;;;4500013372;Delivered;Delivered;2026-03-10;Truckload;Truckload (Dry);2026-03-10;PLZ MISSISSAUGA PERSONAL CARE;RJW - Joliet;1,747.23;T5268713;;;;2026-03-12
154;543211172;;;4500013374;Delivered;Delivered;2026-02-10;Truckload;Truckload (Dry);2026-02-10;PLZ MISSISSAUGA PERSONAL CARE;RJW - Joliet;2,195.15;T5268713;;;;2026-02-11
155;555967737;;;4500017524;Delivered;Delivered;2026-06-04;LTL;LTL (Dry);2026-06-04;PLZ MISSISSAUGA PERSONAL CARE;Fosdick CT;813.80;T4446427;;;;2026-06-09
156;546696489;;;4500016205;Delivered;Delivered;2026-03-11;LTL;LTL (Dry);2026-03-11;Fosdick Outbound;Menasha Packaging Company;195.39;T2197553;;;;2026-03-13
157;538289833;;;4500014582/14229/14231/14595/14225;Delivered;Delivered;2025-12-22;Truckload;Truckload (Dry);2025-12-22;FM Howell;RJW - Joliet;1,603.89;T4496553;;;9050068701;2025-12-24
158;550969398;;;4500016705;Delivered;Delivered;2026-04-21;LTL;LTL (Dry);2026-04-21;Fosdick Outbound;RJW - Joliet;1,290.10;T4446427;;;"9050034001; 9050112401; 9050112501";2026-04-23
159;546514788;;;4500016140;Delivered;Delivered;2026-03-11;LTL;LTL (Dry);2026-03-11;Fosdick Outbound;Legacy (IN);503.42;T4384804;;;9050115801;2026-03-16
160;551884472;;;4500017044;Delivered;Delivered;2026-05-01;LTL;LTL (Dry);2026-05-01;RJW - Joliet;Legacy IN;980.72;T4446427;;;;2026-05-06
161;555174433;;;4500017464;Delivered;Delivered;2026-06-01;LTL;LTL (Dry);2026-05-29;Menasha Packaging Company;Legacy;335.87;T2359780;;;9050097701;
162;553511217;;;4500017193;Carrier Booked;Booked;2026-05-14;LTL;LTL (Dry);;Legacy (IN);Fosdick Outbound;;T2197553;;;;
163;538393884;;;4500013429;Carrier Booked;Checked In;2025-12-18;LTL;LTL (Dry);;KDC-Knowlton;Fosdick Fulfillment;;T2295160;;;9050093302;
164;543612469;;;4500015349;Delivered;Delivered;2026-02-10;LTL;LTL (Dry);2026-02-10;Westfall-Technik;Harry's, INC. C/O Fosdick Fulfillment;321.51;T2197553;;;;2026-02-16
165;548525360;;;4500014849;Delivered;Delivered;2026-04-01;Truckload;Truckload (Dry);2026-04-01;KDC Chemaid;Fosdick;1,188.29;T2964781;;;"9050033801; 9050011001; 9050130901";2026-04-02
166;545054222;;;4500014117, 4500014324;Delivered;Delivered;2026-02-25;Truckload;Truckload (Dry);2026-02-25;KDC One;RJW - Joliet;1,239.56;T3747016;;;"9050091602; 9050092002";2026-02-26
167;543781021;;;4500015882,4500015877, 4500014965;Delivered;Delivered;2026-02-13;Truckload;Truckload (Dry);2026-02-13;Menasha Packaging Company;RJW - Joliet;2,150.78;T6174400;;;"9050099305; 9050068801; 9050082601; 9050099301";2026-02-16
168;544766366;;;4500013331;Delivered;Delivered;2026-02-23;Truckload;Truckload (Dry);2026-02-23;AEROFIL;RJWIL;1,576.50;T5228887;;;;2026-02-24
169;548421206;;;4500015554;Delivered;Delivered;2026-03-27;LTL;LTL (Dry);2026-03-27;Cohere Beauty - PHX;RJW WH17;1,676.40;T4446427;;;;2026-04-02
170;553648646;;;4500014943;Delivered;Delivered;2026-05-19;LTL;LTL (Dry);2026-05-19;KDC One;Harry's, INC. C/O Fosdick Fulfillment;589.80;T2197553;;;9050091802;2026-05-29
171;538431949;;;4500013889;Delivered;Delivered;2025-12-22;Truckload;Truckload (Dry);2025-12-22;KDC One;RJW - Joliet;1,135.19;T1481819;;;9050091602;2025-12-23
172;542273140;;;4500015654;Delivered;Delivered;2026-01-29;Truckload;Truckload (Dry);2026-01-29;Legacy (IN);RJW - Joliet;650.00;T5352784;;;9200000201;2026-01-30
173;540750666;;;4500014912, 4500014597, 4500015249;Delivered;Delivered;2026-01-14;Truckload;Truckload (Dry);2026-01-14;FM Howell;RJW - Joliet;1,913.97;T6240725;;;;2026-01-15
174;556297787;;;4500015684,4500015685;Delivered;Delivered;2026-06-08;Truckload;Truckload (Dry);2026-06-08;KDC-Knowlton;RJW - Joliet;3,157.77;T6180312;;;"9050093002; 9050092902";2026-06-11
175;554995972;;;4500015382;Delivered;Delivered;2026-05-29;Truckload;Truckload (Dry);2026-05-29;PLZ MISSISSAUGA PERSONAL CARE;RJW - Joliet;1,952.59;T5268713;;;;2026-06-02
176;547752722;;;4500015567;Delivered;Delivered;2026-03-24;Truckload;Truckload (Dry);2026-03-24;FM Howell;RJW - Joliet;2,274.59;T3819636;;;;2026-03-26
177;546339535;;;4500014835;Delivered;Delivered;2026-03-10;LTL;LTL (Dry);2026-03-10;KDC One;RJW - Joliet;617.10;T4384804;;;9050089602;2026-03-12
178;541557894;;;4500014910, 4500014914;Delivered;Delivered;2026-01-22;Truckload;Truckload (Dry);2026-01-22;FM Howell;RJW - Joliet;1,948.19;T5322034;;;;2026-01-23
179;547192161;;;4500015425;Delivered;Delivered;2026-03-17;LTL;LTL (Dry);2026-03-17;General Fibre Products;CG Labs;238.52;T1359245;;;;2026-03-23
180;553646731;;;4500014943;Carrier Booked;Checked In;2026-05-20;LTL;LTL (Dry);;KDC One;RJW - Joliet;511.43;T218939;;;9050091802;
181;546052030;;;4500013372;Delivered;Delivered;2026-03-09;Truckload;Truckload (Dry);2026-03-09;PLZ MISSISSAUGA PERSONAL CARE;RJW - Joliet;1,800.74;T5367156;;;;2026-03-12
182;544958144;;;4500014426;Delivered;Delivered;2026-03-02;LTL;LTL (Dry);2026-03-02;KDC-Knowlton;Fosdick (CT);307.18;T2295160;;;9050092902;2026-03-05
183;546577173;;;4500014426,4500013865,4500014427;Delivered;Delivered;2026-03-12;Truckload;Truckload (Dry);2026-03-12;KDC-Knowlton;RJW - Joliet;3,547.88;T6180312;;10982265;"9050093002; 9050092902";2026-03-23
184;540337948;;;4500015477;Delivered;Delivered;2026-01-09;Truckload;Truckload (Dry);2026-01-09;Menasha Packaging Company;RJW - Joliet;2,058.14;T5287343;;;9050125612;2026-01-12
185;555685785;;;4500016903;Delivered;Delivered;2026-06-05;Truckload;Truckload (Dry);2026-06-05;Viking Industries;CUSTOMER PICK UP: FOSDICK (NV);5,906.56;T5385243;;;6120041101;2026-06-09
186;550191164;;;4500014992 - 2;Delivered;Delivered;2026-04-15;Truckload;Truckload (Dry);2026-04-15;APEX SHAKOPEE;RJW IL;1,689.94;T6133665;;;;2026-04-15
187;555287565;4500015524;true;4500015524;Delivered;Delivered;2026-05-29;LTL;LTL (Dry);2026-05-29;KDC Chemaid;Harry's, INC. C/O Fosdick Fulfillment;953.81;T4446427;;;"9050096801; 9050092302";2026-06-05
188;546614025;;;4500014331;Delivered;Delivered;2026-03-17;Intermodal;Intermodal (Dry);2026-03-17;Beauty Manufacturing Solutions Corp;RJW - Joliet;1,794.87;T6057752;;;9050092302;2026-04-03
189;541603060;;;4500014828;Delivered;Delivered;2026-01-21;LTL;LTL (Dry);2026-01-21;Westfall-Technik;Legacy IN;224.64;T2295160;;;;2026-01-22
190;556842633;4500017588;true;4500017588;Delivered;Delivered;2026-06-13;Truckload;Truckload (Dry);2026-06-13;Menasha Packaging Company;RJW - Joliet;1,790.07;T6114364;;;"9050089901; 9050089902; 9050068002; 9050099304";
191;555656510;;;4500016758;Delivered;Delivered;2026-06-02;LTL;LTL (Dry);2026-06-02;Acorn;Fosdick CT;765.32;T2197553;;;6270001001;2026-06-09
192;539627290;;;4500012726;Delivered;Delivered;2026-01-05;Truckload;Truckload (Dry);2026-01-05;KDC One;RJW - Joliet;1,244.11;T2417321;;;9050091702;2026-01-06
193;549014354;;;4500014664;Delivered;Delivered;2026-04-02;LTL;LTL (Dry);2026-04-02;Beauty Manufacturing Solutions Corp;Legacy;207.45;T4246;;;9050112901;2026-04-09
194;551265729;;;4500015479;Delivered;Delivered;2026-04-23;Truckload;Truckload (Dry);2026-04-23;menasha;RJWIL2;1,768.86;T5327334;;;;2026-04-24
195;549604445;;;4500014917;Delivered;Delivered;2026-04-08;Truckload;Truckload (Dry);2026-04-08;CG LABS;Fosdick CT;1,257.26;T6266141;;;F25.120$;2026-04-09
196;550585074;;;4500015860;Delivered;Delivered;2026-04-20;LTL;LTL (Dry);2026-04-20;PLZ MISSISSAUGA PERSONAL CARE;Fosdick NV;2,734.93;T2295160;;;;2026-04-27
197;542403825;;;4500013865,450001430;Delivered;Delivered;2026-01-29;Truckload;Truckload (Dry);2026-01-29;KDC-Knowlton;RJW - Joliet;3,449.95;T6180312;;;"9050093202; 9050093002";2026-02-04
198;547428542;;;4500014522,4500014428;Delivered;Delivered;2026-03-19;Truckload;Truckload (Dry);2026-03-19;KDC-Knowlton;Legacy IN;3,643.77;T6180312;;RAEPSHIP202604;"9050093102; 9050092902";2026-03-24
199;546541788;;;4500014331;Delivered;Delivered;2026-03-12;Intermodal;Intermodal (Dry);2026-03-12;Beauty Manufacturing Solutions Corp;Legacy (IN);3,019.12;T6057752;;;9050092302;2026-04-15
200;553196952;;;4500013295;Delivered;Delivered;2026-05-14;Intermodal;Intermodal (Dry);2026-05-14;Beauty Manufacturing Solutions Corp;RJW - Joliet;1,988.23;T5255006;;;9050092202;2026-05-18
201;542555683;;;4500015728;Delivered;Delivered;2026-02-02;Truckload;Truckload (Dry);2026-02-02;RJW - Joliet;Legacy IN;1,215.33;T5365677;;;;2026-02-03
202;541992618;;;55598620;Delivered;Delivered;2026-01-22;LTL;LTL (Dry);2026-01-27;menasha;Fosdick CT;181.50;T4446427;;;;2026-02-02
203;556719959;4500016026;true;4500016026;In Transit;Picked Up;2026-06-10;LTL;LTL (Dry);2026-06-10;OXYGEN DEVELOPMENT MAIN WAREHOUSE;RJW - Joliet;644.63;T4246;;;9050097101;
204;553128893;;;4500015314;Delivered;Delivered;2026-05-13;LTL;LTL (Dry);2026-05-13;KDC One;RJW - Joliet;213.92;T218939;;;9050091602;2026-05-18
205;539115031;;;4500015258;Delivered;Delivered;2025-12-26;LTL;LTL (Dry);2025-12-26;Fosdick Outbound;Fosdick Fulfillment;1,124.74;T2197553;;;;2026-01-07
206;548920052;;;4500015572, 4500015567, 4500015568, 4500015920;Delivered;Delivered;2026-04-09;Truckload;Truckload (Dry);2026-04-09;FM Howell;RJW - Joliet;1,818.62;T6114364;;;;2026-04-10
207;545418850;;;4500016173;Delivered;Delivered;2026-03-03;LTL;LTL (Dry);2026-03-03;Menasha Packaging Company;Westfall Technik;424.29;T4384804;;;9200004704;2026-03-05
208;543564156;;;4500014570, 4500014089;Delivered;Delivered;2026-02-11;Truckload;Truckload (Dry);2026-02-11;KDC One;RJW - Joliet;1,184.00;T6252449;;;9050089502;2026-02-12
209;552484686;;;4500014919;Delivered;Delivered;2026-05-06;Truckload;Truckload (Dry);2026-05-06;PLZ MISSISSAUGA PERSONAL CARE;RJW IL2;1,812.44;T5338852;;;;2026-05-08
210;550937106;;;4500015683;Delivered;Delivered;2026-04-23;Intermodal;Intermodal (Dry);2026-04-23;Beauty Manufacturing Solutions Corp;Legacy;2,894.75;T5613;;;9050098201;2026-04-28
211;554067820;;;4500015242;Delivered;Delivered;2026-05-20;LTL;LTL (Dry);2026-05-21;KDC-Knowlton;Fosdick;323.35;T2295160;;;9050092902;2026-05-28
212;545774223;;;4500016185;Delivered;Delivered;2026-03-04;LTL;LTL (Dry);2026-03-05;Menasha Packaging Company;Legacy;1,230.64;T129576;;;"9200003802; 9200003702; 9050013402";2026-03-10
213;554115447;;;4500015243;Delivered;Delivered;2026-05-20;Truckload;Truckload (Dry);2026-05-21;KDC-Knowlton;RJW - Joliet;2,742.88;T6180312;;;9050093002;2026-05-26
214;549460194;;;4500014664;Delivered;Delivered;2026-04-10;LTL;LTL (Dry);2026-04-10;Beauty Manufacturing Solutions Corp;RJW - Joliet;921.02;T4446427;;;9050112901;2026-04-16
215;556729269;4500017569;true;4500017569;In Transit;Picked Up;2026-06-15;LTL;LTL (Dry);2026-06-15;RJW IL2;Fosdick CT;262.72;T2359780;;;9050089602;
216;556157373;;;4500015314;Delivered;Delivered;2026-06-08;Truckload;Truckload (Dry);2026-06-08;KDC One;RJW - Joliet;1,808.36;T5163245;;;9050091602;2026-06-09
217;543447731;;;4500014570;Delivered;Delivered;2026-02-10;LTL;LTL (Dry);2026-02-10;KDC One;Harry's, INC. C/O Fosdick Fulfillment;578.62;T2197553;;;9050089502;2026-02-17
218;553513758;;;4500013295;Delivered;Delivered;2026-05-20;Intermodal;Intermodal (Dry);2026-05-20;Beauty Manufacturing Solutions Corp;RJW - Joliet;2,267.22;T6057752;;;9050092202;2026-05-28
219;543203165;;;4500014089;Delivered;Delivered;2026-02-09;Truckload;Truckload (Dry);2026-02-09;KDC One;RJW - Joliet;1,537.18;T6284244;;;9050089502;2026-02-10
220;556960122;4500017583;true;4500017583;In Transit;Picked Up;2026-06-12;Truckload;Truckload (Dry);2026-06-12;Fosdick Outbound;Fosdick Fulfillment;6,399.20;T5350638;;;"9050092502; 9050093401; 9050013404; 9050082401";
221;543056306;;;4500014913/15245/15248/15250/14920;Delivered;Delivered;2026-02-05;Truckload;Truckload (Dry);2026-02-05;FM Howell;RJW - Joliet;2,183.69;T5253821;;;9050068701;2026-02-06
222;553507767;;;4500013295;Delivered;Delivered;2026-05-19;Intermodal;Intermodal (Dry);2026-05-20;Beauty Manufacturing Solutions Corp;RJW - Joliet;2,387.45;T5613;;;9050092202;2026-05-28
223;548969793;;;4500016203;Delivered;Delivered;2026-04-03;LTL;LTL (Dry);2026-04-03;Westrock IL;Fosdick;1,765.77;T4446427;;;;2026-04-09
224;550589134;;;4500015148;Delivered;Delivered;2026-04-21;LTL;LTL (Dry);2026-04-22;KDC Chemaid;Fosdick;301.29;T2359780;;;9050096402;2026-04-27
225;553142800;;;4500015349,4500016165,4500016165,4500015779,4500015779,4500015779,4500015779;Delivered;Delivered;2026-05-12;LTL;LTL (Dry);2026-05-12;Westfall-Technik;Legacy;589.05;T4446427;;;"9050099802; 9050099804";2026-05-14
226;552192821;;;9050089903;Delivered;Delivered;2026-05-04;Truckload;Truckload (Dry);2026-05-04;Menasha Packaging Company;Westrock IL;2,476.31;T6249441;;;9050089903;2026-05-05
227;554967263;;;4500014331;Delivered;Delivered;2026-05-27;LTL;LTL (Dry);2026-05-27;Beauty Manufacturing Solutions Corp;RJW - Joliet;1,021.76;T4446427;;;9050092202;2026-06-01
228;555628972;;;4500016544, 4500017332;Delivered;Delivered;2026-06-02;LTL;LTL (Dry);2026-06-01;Westfall-Technik;Fosdick Outbound;573.18;T2295160;;;"9050099804; 9050126501";
229;538380352;;;4500013429;Delivered;Delivered;2025-12-18;LTL;LTL (Dry);2025-12-18;KDC-Knowlton;Fosdick (CT);1,441.01;T2295160;;;9050093302;2026-01-05
230;542734836;;;4500015747;Delivered;Delivered;2026-02-02;Truckload;Truckload (Dry);2026-02-02;Menasha Packaging Company;RJW - Joliet;2,881.68;T6237585;;;"9050099303; 9050068002; 9050110202";2026-02-04
231;547618794;;;4500014522;Delivered;Delivered;2026-03-23;Truckload;Truckload (Dry);2026-03-23;KDC-Knowlton;RJW - Joliet;3,465.85;T6180312;;;9050092902;2026-03-28
232;549744873;;;4500015567, 4500015916, 4500015919, 4500015920;Delivered;Delivered;2026-04-10;Truckload;Truckload (Dry);2026-04-10;FM Howell;RJW - Joliet;1,722.04;T6240725;;;;2026-04-11
233;540483050;;;4500015357;Delivered;Delivered;2026-01-09;LTL;LTL (Dry);2026-01-09;Fosdick Outbound;Fosdick Fulfillment;2,988.84;T4446427;;;"9050092501; 6360049301; 9050091602";2026-01-16
234;540338530;;;4500015472;Delivered;Delivered;2026-01-08;Truckload;Truckload (Dry);2026-01-08;Legacy (IN);RJW - Joliet;1,122.61;T6303428;;;;2026-01-09
235;545992629;;;4500013996;Delivered;Delivered;2026-03-13;Truckload;Truckload (Dry);2026-03-13;KDC Chemaid;RJW - Joliet;3,515.60;T126776;;;9050096801;2026-03-16
236;541566240;;;4500013864;Delivered;Delivered;2026-01-21;Truckload;Truckload (Dry);2026-01-21;KDC-Knowlton;RJW - Joliet;2,718.82;T6275093;;;9050092902;2026-01-24
237;541075058;;;4500015412;Delivered;Delivered;2026-01-16;Truckload;Truckload (Dry);2026-01-16;Menasha CA;RJW - Joliet;6,079.62;T6156613;;;9050092201;2026-01-20
238;541591792;;;4500014659;Delivered;Delivered;2026-01-20;Truckload;Truckload (Dry);2026-01-20;CG Labs;Fosdick CT;550.00;T6016632;;;;2026-01-21
239;542344144;;;PPMANUAL012726;Delivered;Delivered;2026-01-29;LTL;LTL (Dry);2026-01-29;Menasha Packaging Company;Atlantic Packaging Solution Center;612.43;T8154;;;9050013401;2026-02-04
240;547942487;;;4500014917;Delivered;Delivered;2026-03-24;Truckload;Truckload (Dry);2026-03-24;CG LABS;Fosdick CT;800.00;T5348604;;;;2026-03-25
241;554306958;;;4500014940, 4500014837;Delivered;Delivered;2026-05-21;LTL;LTL (Dry);2026-05-21;KDC One;Harry's, INC. C/O Fosdick Fulfillment;1,236.28;T2197553;;;"9050091702; 9050089602";2026-05-27
242;552126633;;;;Delivered;Delivered;2026-04-30;LTL;LTL (Dry);2026-04-30;Westfall-Technik;Fosdick NV;322.76;T2197553;;;9050099803;2026-05-06
243;545539455;;;4500012442;Delivered;Delivered;2026-03-02;LTL;LTL (Dry);2026-03-02;Orlandi Inc.;Fosdick;232.49;T2359780;;;;2026-03-04
244;546668581;;;4500016244;Delivered;Delivered;2026-03-13;Truckload;Truckload (Dry);2026-03-13;RJW - Joliet;Legacy;1,234.69;T6257515;;;;2026-03-16
245;553636808;;;4500017188;Delivered;Delivered;2026-05-18;Truckload;Truckload (Dry);2026-05-18;Legacy;Fosdick;1,200.00;T6046761;;;"9050038405; 9050038402; 9200000301";2026-05-19
246;538801143;;;4500013438;Delivered;Delivered;2025-12-23;LTL;LTL (Dry);2025-12-23;KDC One;Fosdick Fulfillment;556.39;T2197553;;;9050091602;2026-01-05
247;547145941;;;4500014954;Delivered;Delivered;2026-03-17;Truckload;Truckload (Dry);2026-03-17;KDC Chemaid;RJW - Joliet;1,582.38;T5195876;;;"9050087301; 9050096601";2026-03-19
248;550953521;;;4500015479;Delivered;Delivered;2026-04-21;Truckload;Truckload (Dry);2026-04-21;menasha;RJW - Joliet;2,932.71;T3067016;;;;2026-04-23
249;546262826;;;4500016227;Delivered;Delivered;2026-03-09;Truckload;Truckload (Dry);2026-03-09;Legacy (IN);RJW - Joliet;610.45;T6105070;;;9050110501;2026-03-10
250;554751777;;;4500014837;Delivered;Delivered;2026-05-28;Truckload;Truckload (Dry);2026-05-28;KDC One;RJW - Joliet;1,605.45;T5359866;;;9050091702;2026-05-29
251;542048190;;;4500013713;Delivered;Delivered;2026-01-27;Truckload;Truckload (Dry);2026-01-27;PLZ MISSISSAUGA PERSONAL CARE;RJW IL2;1,981.43;T5338852;;;;2026-02-13
252;553655261;;;4500015382;Delivered;Delivered;2026-05-19;Truckload;Truckload (Dry);2026-05-19;PLZ MISSISSAUGA PERSONAL CARE;RJW - Joliet;1,991.48;T5354391;;;;2026-05-20
253;551069283;;;4500016089 / 4500016090;Delivered;Delivered;2026-04-21;LTL;LTL (Dry);2026-04-22;Twincraft;Legacy IN;950.36;T4446427;;;"9050107402; 9050107202";2026-04-27
254;551069186;;;4500016006;Delivered;Delivered;2026-04-23;LTL;LTL (Dry);2026-04-23;BERRY OUTSIDE WAREHOUSE/ENTREPOSAGE PLASPAK INC.;DMI Corporation;546.62;T2295160;;;;2026-04-28
255;555265226;;;4500016273-4500016274-4500015241;Delivered;Delivered;2026-05-29;Truckload;Truckload (Dry);2026-05-29;KDC-Knowlton;Legacy IN;3,274.02;T5367156;;;"9050093103; 9050092903; 9050093302";2026-06-03
256;546418634;;;4500015246, 4500015571, 4500015569;Delivered;Delivered;2026-03-10;Truckload;Truckload (Dry);2026-03-10;FM Howell;RJW - Joliet;1,680.04;T6240725;;;;2026-03-11
257;550482727;;;4500014836;Delivered;Delivered;2026-04-17;LTL;LTL (Dry);2026-04-17;KDC One;Fosdick (CT);652.21;T1934631;;;9050091802;2026-04-21
258;541537236;;;4500014090;Delivered;Delivered;2026-01-22;LTL;LTL (Dry);2026-01-22;KDC One;Fosdick Fulfillment;565.20;T2197553;;;9050089602;2026-01-29
259;553634769;;;4500016484-10;Delivered;Delivered;2026-05-15;LTL;LTL (Dry);2026-05-15;PCA Landisville;Harry's, INC. C/O Fosdick Fulfillment;2,298.87;T2197553;;;;2026-05-22
260;539902183;;;4500015423;Delivered;Delivered;2026-01-06;Truckload;Truckload (Dry);2026-01-06;Menasha Packaging Company;RJW - Joliet;2,126.11;T3067016;;;"9050089901; 9050099303";2026-01-12
261;555857818;;;4500015314, 4500014944;Delivered;Delivered;2026-06-04;LTL;LTL (Dry);2026-06-04;KDC One;Legacy IN;492.80;T2359780;;;"9050091602; 9050124901";2026-06-05
262;544422211;;;4500012728;Delivered;Delivered;2026-02-18;LTL;LTL (Dry);2026-02-18;KDC One;Legacy IN;186.84;T4384804;;;9050091601;2026-02-23
263;547900071;;;00071430;Delivered;Delivered;2026-03-23;LTL;LTL (Dry);2026-03-23;KDC Chemaid;Fosdick (CT);550.00;T5301354;;;;2026-03-24
264;544766350;;;4500013331;Delivered;Delivered;2026-02-23;Truckload;Truckload (Dry);2026-02-23;AEROFIL;RJWIL;1,576.50;T5309195;;;;2026-02-24
265;538251987;;;4500011800,4500013429;Delivered;Delivered;2026-01-09;Truckload;Truckload (Dry);2026-01-09;KDC-Knowlton;RJW - Joliet;3,144.26;T2557724;;91030431;"9050093102; 9050093302";2026-01-14
266;538375152;;;4500013335;Delivered;Delivered;2025-12-18;Truckload;Truckload (Dry);2025-12-18;PLZ MISSISSAUGA PERSONAL CARE;Fosdick Inbound;2,052.85;T6271457;;;;2025-12-19
267;543351565;;;4500015816;Delivered;Delivered;2026-02-09;Truckload;Truckload (Dry);2026-02-09;Menasha Packaging Company;RJW - Joliet;2,782.73;T6016549;;;"9050089903; 9050068002";2026-02-11
268;542932294;;;4500014087;Delivered;Delivered;2026-02-04;Truckload;Truckload (Dry);2026-02-04;KDC One;Legacy IN;877.07;T5147519;;;9050091602;2026-02-05
269;548676218;;;1084224106;Delivered;Delivered;2026-03-30;LTL;LTL (Dry);2026-03-30;Menasha Packaging Company;SAMS CLUB;2,256.50;T2197553;;;9150206110;2026-04-02
270;543560347;;;4500014087, 4500014121;Delivered;Delivered;2026-02-10;Truckload;Truckload (Dry);2026-02-10;KDC One;RJW - Joliet;1,211.68;T3379813;;;9050091602;2026-02-13
271;555858292;;;4500015314, 4500014944;Delivered;Delivered;2026-06-05;LTL;LTL (Dry);2026-06-05;KDC One;Harry's, INC. C/O Fosdick Fulfillment;1,974.90;T2197553;;;"9050091602; 9050124901";
272;545690843;;;4500014835;Delivered;Delivered;2026-03-03;LTL;LTL (Dry);2026-03-03;KDC One;Fosdick (CT);699.27;T1934631;;;9050089602;2026-03-06
273;548678668;;;4684186667;Delivered;Delivered;2026-03-31;LTL;LTL (Dry);2026-03-31;Menasha Packaging Company;Sams Club;6,827.15;T4446427;;;9150206110;2026-05-29
274;555187711;;;4500017449;Delivered;Delivered;2026-06-04;LTL;LTL (Dry);2026-06-03;Legacy (IN);Fosdick (CT);445.50;T2197553;;;"6270000201; 9050076103; 9050047001; 9200000301";
275;546694294;;;4500014523;Delivered;Delivered;2026-03-13;Truckload;Truckload (Dry);2026-03-13;KDC-Knowlton;RJW - Joliet;3,510.66;T6180312;;;9050093002;2026-03-23
276;553794428;;;4500013295;Delivered;Delivered;2026-05-22;Intermodal;Intermodal (Dry);2026-05-22;Beauty Manufacturing Solutions Corp;RJW - Joliet;;T5613;;;9050092202;
277;547187462;;;4500014664;Carrier Booked;Checked In;2026-03-24;LTL;LTL (Dry);;Beauty Manufacturing Solutions Corp;Legacy;;T4446427;;;9050112901;
278;543774338;;;4500012718;Carrier Booked;Checked In;2026-02-17;LTL;LTL (Dry);;Beauty Manufacturing Solutions Corp;Fosdick Fulfillment;;T2197553;;;9050098601;
279;555142820;;;4500017452;Delivered;Delivered;2026-05-29;LTL;LTL (Dry);2026-05-28;Menasha Packaging Company;Legacy;722.20;T2359780;;;9200002701;2026-06-11
280;549060501;;;4500014917;Delivered;Delivered;2026-04-06;LTL;LTL (Dry);2026-04-06;CG Labs;Fosdick CT;558.14;T2295160;;;F25.120$;2026-04-08
281;548916867;4500015651;true;4500015645;Delivered;Delivered;2026-04-01;LTL;LTL (Dry);2026-04-01;menasha;RJWIL2;679.92;T4446427;;;;2026-04-06
282;548125919;;;4500016514;Delivered;Delivered;2026-03-30;LTL;LTL (Dry);2026-03-30;RJW - Joliet;Fosdick;493.81;T2359780;;;;2026-04-06
283;546526021;;;4500016209;Delivered;Delivered;2026-03-12;LTL;LTL (Dry);2026-03-12;PCA;RJW - Joliet;994.61;T4446427;;;;2026-03-17
284;553616831;;;4500017190;Delivered;Delivered;2026-05-18;Truckload;Truckload (Dry);2026-05-18;RJW - Joliet;Legacy IN;1,677.79;T6118911;;;;2026-05-19
285;546576482;;;4500014427,4500014523;Delivered;Delivered;2026-03-12;Truckload;Truckload (Dry);2026-03-12;KDC-Knowlton;RJW - Joliet;3,547.79;T6180312;;;9050093002;2026-03-20
286;540905827;;;4500015512;Delivered;Delivered;2026-01-14;Truckload;Truckload (Dry);2026-01-14;Menasha Packaging Company;RJW - Joliet;2,287.94;T6259117;;;"9050089902; 9050125612";2026-01-19
287;548678064;;;2634005402;Delivered;Delivered;2026-03-31;LTL;LTL (Dry);2026-03-31;Menasha Packaging Company;Sams Club;369.26;T2295160;;;9150206110;2026-04-20
288;546189295;;;4500016229;Delivered;Delivered;2026-03-10;Truckload;Truckload (Dry);2026-03-10;Menasha Packaging Company;RJW - Joliet;1,675.45;T2311907;;;9050089901;2026-03-12
289;552192890;;;4500017075;Delivered;Delivered;2026-05-04;Truckload;Truckload (Dry);2026-05-04;Menasha Packaging Company;RJW - Joliet;2,471.45;T6004148;;;"9050082601; 9050082501; 9050099303; 9050089903; 9050099304";2026-05-05
290;546759116;;;4500016227;Delivered;Delivered;2026-03-12;Truckload;Truckload (Dry);2026-03-12;AMAZON.COM (MDW2);RJW - Joliet;773.42;T6264226;;;;2026-03-12
291;540063671;;;4500012440;Delivered;Delivered;2026-01-07;LTL;LTL (Dry);2026-01-07;CG Labs;Fosdick Fulfillment;692.96;T2197553;;;;2026-01-15
292;545399545;;;4500015261;Delivered;Delivered;2026-02-27;Truckload;Truckload (Dry);2026-02-27;PLZ MISSISSAUGA PERSONAL CARE;Fosdick CT;3,141.50;T6271457;;;;2026-03-03
293;547352211;4500016320;true;4500016320;Delivered;Delivered;2026-03-20;Truckload;Truckload (Dry);2026-03-20;RJW - Joliet;Fosdick;2,763.44;T5160094;;380274968530;;2026-04-01
294;553650471;;;4500017215;Delivered;Delivered;2026-05-21;Truckload;Truckload (Dry);2026-05-21;RJW - Joliet;Innomark Communications;2,166.14;T5058066;;;;2026-05-22
295;544617825;;;4500012713;Delivered;Delivered;2026-02-24;Truckload;Truckload (Dry);2026-02-24;Beauty Manufacturing Solutions Corp;Legacy (IN);1,721.30;T6311247;;;"9050098401; 9050098301";2026-02-26
296;553624102;;;4500017189;Delivered;Delivered;2026-05-18;Truckload;Truckload (Dry);2026-05-18;RJW - Joliet;Legacy IN;1,617.79;T6312540;;;;2026-05-19
297;551267954;;;4500015916, 15919, 16015, 16347, 15921;Delivered;Delivered;2026-04-28;Truckload;Truckload (Dry);2026-04-28;FM Howell;RJW - Joliet;1,949.62;T5334460;;;9050068701;2026-04-29
298;556083062;;;4500017507;Delivered;Delivered;2026-06-06;Truckload;Truckload (Dry);2026-06-06;RJW - Joliet;Legacy IN;1,796.69;T6228279;;;;2026-06-08
299;541604131;;;4500013430;Delivered;Delivered;2026-01-21;LTL;LTL (Dry);2026-01-21;KDC-Knowlton;Fosdick Fulfillment;855.40;T2295160;;;9050093202;2026-01-27
300;538291477;;;4500014598, 4500014915, 4500014595, 4500014582;Delivered;Delivered;2025-12-19;Truckload;Truckload (Dry);2025-12-19;FM Howell;RJW - Joliet;1,614.70;T4884987;;;9050068701;2025-12-22
301;539264165;;;4500013438, 4500013889;Delivered;Delivered;2025-12-29;Truckload;Truckload (Dry);2025-12-29;KDC One;Legacy IN;1,090.08;T5194942;;;9050091602;2025-12-30
302;544705068;;;4500012187;Delivered;Delivered;2026-02-20;LTL;LTL (Dry);2026-02-20;AEROFIL;Fosdick Corp;1,478.50;T4446427;;;;2026-02-25
303;542048414;;;4500013713;Delivered;Delivered;2026-01-28;Truckload;Truckload (Dry);2026-01-28;PLZ MISSISSAUGA PERSONAL CARE;RJW IL2;1,635.59;T5354391;;;;2026-01-30
304;542694668;;;4500015579;Delivered;Delivered;2026-02-03;LTL;LTL (Dry);2026-02-03;CG LABS;Legacy IN;518.46;T4446427;;;;2026-02-05
305;547649609;;;4500014324, 4500014088;Delivered;Delivered;2026-03-20;Truckload;Truckload (Dry);2026-03-20;KDC One;RJW - Joliet;1,097.03;T5303171;;;"9050091602; 9050091702";2026-03-21
306;550662620;;;4500014836;Delivered;Delivered;2026-04-17;Truckload;Truckload (Dry);2026-04-17;KDC One;Legacy IN;944.39;T6013436;;;9050091802;2026-04-20
307;553222782;;;4500016285, 4500016290, 4500016347;Delivered;Delivered;2026-05-13;Truckload;Truckload (Dry);2026-05-13;FM Howell;RJW - Joliet;2,250.82;T6311059;;;9050068701;2026-05-15
308;550953046;;;4500016675;Delivered;Delivered;2026-04-21;Truckload;Truckload (Dry);2026-04-21;Tessy Plastics;Westrock IL;1,788.95;T6129793;;;9050013404;2026-04-23
309;550029177;;;4500014917;Delivered;Delivered;2026-04-14;Truckload;Truckload (Dry);2026-04-14;CG LABS;Legacy (IN);3,138.65;T6178348;;;;2026-04-15
310;546430254;;;4500015533-10;Delivered;Delivered;2026-03-10;LTL;LTL (Dry);2026-03-10;Packaging Corporation of America;Fosdick Fulfillment;2,068.81;T4446427;;;6360035201;2026-03-17
311;547157481;;;4500014838, 4500014835;Delivered;Delivered;2026-03-20;Truckload;Truckload (Dry);2026-03-20;KDC One;RJW - Joliet;957.44;T5299948;;;"9050089602; 9050124901";2026-03-23
312;551239286;;;4500016799;Delivered;Delivered;2026-04-23;LTL;LTL (Dry);2026-04-23;Legacy;Fosdick NV;1,809.34;T4446427;;;;2026-04-29
313;555183213;;;4500016291;Delivered;Delivered;2026-05-29;Truckload;Truckload (Dry);2026-05-29;Tessy Plastics;RJW - Joliet;2,630.40;T6073435;;;9050013404;2026-06-03
314;552619662;;;9583079771;Delivered;Delivered;2026-05-06;Truckload;Truckload (Dry);2026-05-06;Quaker c/o R & L;Sams Club;464.73;T5282007;;;;2026-05-06
315;549821879;;;4500014941, 4500014836;Delivered;Delivered;2026-04-13;LTL;LTL (Dry);2026-04-13;KDC One;Legacy IN;988.99;T4446427;;;"9050091802; 9050091602";2026-04-15
316;551724712;;;4500015340;Delivered;Delivered;2026-04-28;Truckload;Truckload (Dry);2026-04-28;CG Labs;Fosdick CT;914.19;T6110276;;;9050130601;2026-04-29
317;544844148;;;4500015350;Delivered;Delivered;2026-02-23;LTL;LTL (Dry);2026-02-23;Westfall-Technik;Legacy IN;231.05;T2295160;;;;2026-02-24
318;557166468;4500016732;true;4500016732;In Transit;Picked Up;2026-06-15;Truckload;Truckload (Dry);2026-06-15;FM Howell;RJW - Joliet;1,903.34;T5303171;;;;
319;538376357;;;4500013337;Delivered;Delivered;2025-12-18;Truckload;Truckload (Dry);2025-12-18;PLZ MISSISSAUGA PERSONAL CARE;Legacy (IN);1,606.70;T5338852;;;;2025-12-19
320;544416189;;;4500014468;Delivered;Delivered;2026-02-19;Truckload;Truckload (Dry);2026-02-19;KDC Chemaid;Menasha (NJ);704.72;T4432820;;;9050033801;2026-02-19
321;545539673;;;4500012442;Delivered;Delivered;2026-03-02;LTL;LTL (Dry);2026-03-02;Orlandi Inc.;Legacy;281.28;T2359780;;;;2026-03-05
322;541138789;;;4500015528;Delivered;Delivered;2026-01-19;Truckload;Truckload (Dry);2026-01-19;Menasha Packaging Company;RJW - Joliet;1,993.42;T5195876;;;"9050099301; 9050099401; 9050125612";2026-01-21
323;557007333;4500015524;true;4500015524;Delivered;Delivered;2026-06-12;Truckload;Truckload (Dry);2026-06-12;KDC Chemaid;RJW IL2;2,089.42;T6244616;;;9050092302;
324;552483605;;;4500014919;Delivered;Delivered;2026-05-06;Truckload;Truckload (Dry);2026-05-06;PLZ MISSISSAUGA PERSONAL CARE;RJW IL2;1,931.82;T6316790;;;;2026-05-08
325;554303795;;;4500014837;Delivered;Delivered;2026-05-21;LTL;LTL (Dry);2026-05-21;KDC One;Fosdick (CT);329.94;T1934631;;;9050091702;2026-05-26
326;550454125;;;4500016015, 4500015919;Delivered;Delivered;2026-04-17;Truckload;Truckload (Dry);2026-04-17;FM Howell;RJW - Joliet;1,705.51;T6266835;;;9050068701;2026-04-20
327;554753506;4500016347;true;4500016347, 4500016288, 4500016286;Delivered;Delivered;2026-05-29;Truckload;Truckload (Dry);2026-05-29;FM Howell;RJW - Joliet;2,823.65;T6320626;;;9050068701;2026-05-31
328;550601503;;;4500015683;Delivered;Delivered;2026-04-21;Intermodal;Intermodal (Dry);2026-04-21;Beauty Manufacturing Solutions Corp;RJW - Joliet;1,956.78;T128572;;;9050098201;2026-04-28
329;556379243;4500015808;true;4500015808;In Transit;Picked Up;2026-06-11;LTL;LTL (Dry);2026-06-11;Beauty Manufacturing Solutions Corp;RJW - Joliet;499.19;T4246;;;9050141501;
330;554954400;;;4500016333;Delivered;Delivered;2026-05-27;LTL;LTL (Dry);2026-05-28;General Fibre Products;Orlandi Inc.;382.21;T4446427;;;;2026-06-03
331;542417242;;;4500014326, 4500014088;Delivered;Delivered;2026-01-30;Truckload;Truckload (Dry);2026-01-30;KDC One;RJW - Joliet;1,272.74;T6000579;;;"9050089602; 9050091702";2026-01-31
332;545525953;;;4500014468;Delivered;Delivered;2026-03-04;Truckload;Truckload (Dry);2026-03-04;KDC Chemaid;Menasha (NJ);524.59;T6243218;;;9050033801;2026-03-04
333;548677745;;;6483857830;Delivered;Delivered;2026-03-30;LTL;LTL (Dry);2026-03-30;Menasha Packaging Company;SAMS CLUB;1,371.33;T2197553;;;9150206110;2026-04-02
334;545397342;;;450015260;Delivered;Delivered;2026-02-27;Truckload;Truckload (Dry);2026-02-27;PLZ MISSISSAUGA PERSONAL CARE;Fosdick NV;6,312.22;T6169587;;;;2026-03-05
335;545058303;;;4500016097;Delivered;Delivered;2026-02-25;Truckload;Truckload (Dry);2026-02-25;Menasha Packaging Company;RJW - Joliet;2,093.25;T5350638;;;"9050099402; 9050089904";2026-02-27
336;550950307;;;4500016235;Delivered;Delivered;2026-04-23;LTL;LTL (Dry);2026-04-23;Acorn;Fosdick Fulfillment;236.35;T4446427;;;6270001001;2026-04-24
337;551122293;4500016701;true;4500016701;Delivered;Delivered;2026-04-23;Truckload;Truckload (Dry);2026-04-23;RJW - Joliet;Legacy IN;1,366.97;T6098472;;;;2026-04-24
338;550453069;;;4500016702;Delivered;Delivered;2026-04-16;Truckload;Truckload (Dry);2026-04-16;Menasha Packaging Company;Fosdick Inbound;1,333.08;T6280102;;;"9200000301; 9050033801";2026-04-17
339;546614046;;;4500014331;Delivered;Delivered;2026-03-17;Intermodal;Intermodal (Dry);2026-03-17;Beauty Manufacturing Solutions Corp;RJW - Joliet;1,824.54;T3971627;;;9050092302;2026-04-03
340;540316650;;;4500014091;Delivered;Delivered;2026-01-09;Truckload;Truckload (Dry);2026-01-09;KDC One;Legacy IN;982.61;T5194942;;;9050089502;2026-01-12
341;550259761;;;4500015148;Delivered;Delivered;2026-04-17;Truckload;Truckload (Dry);2026-04-17;KDC Chemaid;Legacy;1,543.20;T6275157;;;9050096402;2026-04-20
342;543848784;;;4500015245, 4500014910;Delivered;Delivered;2026-02-13;Truckload;Truckload (Dry);2026-02-13;FM Howell;RJW - Joliet;1,914.45;T2006444;;;;2026-02-26
343;553756274;;;4500014451;Delivered;Delivered;2026-05-21;LTL;LTL (Dry);2026-05-21;Beauty Manufacturing Solutions Corp;LEGACY SCS;1,078.95;T4446427;;;9050133501;2026-05-28
344;549596234;;;4500016658;Delivered;Delivered;2026-04-13;LTL;LTL (Dry);2026-04-13;RJW IL2;Fosdick;468.66;T2359780;;;;2026-04-20
345;543212163;;;4500013374;Delivered;Delivered;2026-02-06;Truckload;Truckload (Dry);2026-02-06;PLZ MISSISSAUGA PERSONAL CARE;RJW - Joliet;1,970.11;T5268713;;;;2026-02-10
346;555930246;;;4500017506;Delivered;Delivered;2026-06-09;LTL;LTL (Dry);2026-06-09;RJW - Joliet;Fosdick Inbound;947.86;T4446427;;;;
347;553515245;;;4500016543, 4500017034;Delivered;Delivered;2026-05-14;LTL;LTL (Dry);2026-05-14;Westfall-Technik;Fosdick Outbound;1,041.34;T2295160;;;"9050099804; 9050099803";2026-05-19
348;556672907;4500015638;true;4500015638;In Transit;Picked Up;2026-06-12;LTL;LTL (Dry);2026-06-12;KDC One;Fosdick Fulfillment;455.46;T2197553;;;9050091702;
349;549314416;;;4500014941;Carrier Booked;Checked In;2026-04-08;LTL;LTL (Dry);;KDC One;Legacy IN;218.89;T2359780;;;9050091602;
350;549597684;;;4500016657;Delivered;Delivered;2026-04-10;Truckload;Truckload (Dry);2026-04-10;RJW IL2;Legacy;1,517.51;T5248011;;;;2026-04-15
351;548679883;;;6833458109;Delivered;Delivered;2026-03-31;LTL;LTL (Dry);2026-03-31;Menasha Packaging Company;Sams Club;978.86;T2295160;;;9150206110;2026-04-07
352;551267964;;;4500015916;Delivered;Delivered;2026-04-28;Truckload;Truckload (Dry);2026-04-28;FM Howell;RJW - Joliet;1,717.28;T6136743;;;;2026-04-29
353;546758549;;;4500014817, 4500014908;Ordered;Ordered;2026-03-13;Truckload;Truckload (Dry);;CG LABS;Legacy IN;;;;;;
354;547187216;;;4500014664;Carrier Booked;Checked In;2026-03-23;LTL;LTL (Dry);;Beauty Manufacturing Solutions Corp;Fosdick (CT);;T2197553;;;9050112901;
355;553196394;;;4500013295;Delivered;Delivered;2026-05-14;Intermodal;Intermodal (Dry);2026-05-14;Beauty Manufacturing Solutions Corp;RJW - Joliet;;T5613;;;9050092202;
356;545734001;;;4500014797;Carrier Booked;Checked In;2026-03-03;LTL;LTL (Dry);;CG LABS;Fosdick CT;;T2197553;;;;
357;541075023;;;4500015411,4500015411 -B;Delivered;Delivered;2026-01-26;LTL;LTL (Dry);2026-01-26;Menasha CA;RJW - Joliet;1,731.18;T2197553;;;9050092201;2026-02-05
358;553222125;;;4500017170;Delivered;Delivered;2026-05-13;Truckload;Truckload (Dry);2026-05-13;RJW - Joliet;CG Labs;3,050.12;T5195876;;;;2026-05-15
359;548431909;;;4500015350;Delivered;Delivered;2026-03-27;LTL;LTL (Dry);2026-03-27;Westfall-Technik;Fosdick Fulfillment;298.50;T2197553;;;90500144704;2026-03-31
360;552976223;;;4500017135;Delivered;Delivered;2026-05-08;LTL;LTL (Dry);2026-05-08;Fosdick Outbound;Westrock IL;259.01;T4446427;;;9050092202;2026-05-12
361;557007415;4500015524;true;4500015524;Delivered;Delivered;2026-06-12;Truckload;Truckload (Dry);2026-06-12;KDC Chemaid;RJW IL2;2,036.47;T5274632;;;9050092302;
362;556000113;;;4500016756;Delivered;Delivered;2026-06-04;LTL;LTL (Dry);2026-06-04;Acorn;Fosdick NV;221.31;T4246;;;6360043301;2026-06-05
363;550605742;;;4500015859;Delivered;Delivered;2026-04-20;Truckload;Truckload (Dry);2026-04-20;PLZ MISSISSAUGA PERSONAL CARE;Fosdick CT;2,620.31;T6271457;;;;2026-04-21
364;554496238;;;4500014940;Delivered;Delivered;2026-05-27;Truckload;Truckload (Dry);2026-05-27;KDC One;RJW - Joliet;1,738.69;T5376530;;;9050089602;2026-05-28
365;545398918;;;4500015261;Delivered;Delivered;2026-02-27;Truckload;Truckload (Dry);2026-02-27;PLZ MISSISSAUGA PERSONAL CARE;Fosdick CT;3,141.50;T6271457;;;;2026-03-02
366;542420030;;;4500014088;Delivered;Delivered;2026-01-30;Truckload;Truckload (Dry);2026-01-30;KDC One;RJW - Joliet;1,266.43;T6114063;;;9050091702;2026-02-02
367;540767888;;;4500015272, 4500012440;Delivered;Delivered;2026-01-13;Truckload;Truckload (Dry);2026-01-13;Charles Green Labs;Legacy IN;2,237.81;T6163700;;;9050089701;2026-01-15
368;550296156;;;4500014946;Delivered;Delivered;2026-04-15;LTL;LTL (Dry);2026-04-15;KDC-Knowlton;Fosdick Inbound;317.73;T2295160;;;9050093102;2026-04-17
369;544054715;;;4500015755;Delivered;Delivered;2026-02-16;Truckload;Truckload (Dry);2026-02-16;Packaging Corporation of America;Fosdick;3,127.96;T6071400;;;6360035901;2026-02-17
370;551222045;;;4500016800;Delivered;Delivered;2026-04-24;LTL;LTL (Dry);2026-04-28;RJW - Joliet;Harry's, INC. C/O Fosdick Fulfillment;597.67;T2197553;;;;2026-05-04
371;551889989;4500016159;true;4500016159, 4500016546, 4500016688, 4500016542, 4500016698;Delivered;Delivered;2026-04-29;LTL;LTL (Dry);2026-04-29;Westfall-Technik;Fosdick CT;2,879.87;T4446427;;;;2026-05-05
372;557166319;4500016732;true;4500016732, 4500016735, 4500016765, 4500016347;In Transit;Picked Up;2026-06-15;Truckload;Truckload (Dry);2026-06-15;FM Howell;RJW - Joliet;3,025.69;T6108956;;;9050068701;
373;546009367;;;4500014331;Delivered;Delivered;2026-03-10;LTL;LTL (Dry);2026-03-10;Beauty Manufacturing Solutions Corp;Fosdick Fulfillment;360.69;T2197553;;;9050092302;2026-03-13
374;542007154;;;4500015519, 4500015734;Delivered;Delivered;2026-01-28;Truckload;Truckload (Dry);2026-01-28;Fosdick Outbound;Fosdick Fulfillment;8,436.48;T6240725;;;"; 9050093401; 9050076501; 9050096401";2026-02-03
375;546429652;;;4500015534-10;Delivered;Delivered;2026-03-10;LTL;LTL (Dry);2026-03-10;Packaging Corporation of America;Legacy;914.74;T4446427;;;6360040901;2026-03-13
376;544452220;;;4500015873;Delivered;Delivered;2026-02-17;LTL;LTL (Dry);2026-02-17;Fosdick Outbound;Fosdick Fulfillment;1,439.12;T2197553;;;HPRB0299;2026-02-24
377;544065684;;;4500015870;Delivered;Delivered;2026-02-16;LTL;LTL (Dry);2026-02-16;Legacy (IN);RJW - Joliet;217.58;T2197553;;;9050096601;2026-02-18
378;553969353;;;4500014833;Delivered;Delivered;2026-05-20;LTL;LTL (Dry);2026-05-20;Orlandi Inc.;Legacy IN;237.01;T2359780;;;;2026-05-26
379;553112083;;;4500015179;Delivered;Delivered;2026-05-18;LTL;LTL (Dry);2026-05-18;KDC Chemaid;Fosdick;510.47;T4446427;;;9050137401;2026-05-19
380;553969626;;;4500014833;Delivered;Delivered;2026-05-20;LTL;LTL (Dry);2026-05-20;Orlandi Inc.;Harry's, INC. C/O Fosdick Fulfillment;301.19;T2359780;;;;2026-05-29
381;555286476;4500015463;true;4500015463;Carrier Booked;Checked In;2026-06-01;LTL;LTL (Dry);;KDC Chemaid;Fosdick Outbound;616.42;T4446427;;;9050096801;
382;554304469;;;4500014940;Delivered;Delivered;2026-05-21;LTL;LTL (Dry);2026-05-21;KDC One;Legacy IN;380.77;T2359780;;;9050089602;2026-05-22
383;539267483;;;4500012726;Delivered;Delivered;2025-12-30;Truckload;Truckload (Dry);2025-12-30;KDC One;RJW - Joliet;1,207.97;T6060848;;;9050091702;2025-12-31
384;546542008;;;4500015532-10;Delivered;Delivered;2026-03-12;Truckload;Truckload (Dry);2026-03-13;Packaging Corporation of America;Fosdick;1,532.10;T4375084;;;"6360035201; 6360035301";2026-03-13
385;546764119;;;4500016242;Delivered;Delivered;2026-03-16;Truckload;Truckload (Dry);2026-03-16;Menasha Packaging Company;RJW - Joliet;1,544.33;T6095776;;;"9050089901; 9050099305; 9050099306; 9050062103; 9050099303";2026-03-18
386;548351785;;;4500016550;Delivered;Delivered;2026-03-30;Truckload;Truckload (Dry);2026-03-30;Menasha Packaging Company;RJW - Joliet;1,908.00;T6125333;;;"9050068801; 9050114212; 9050089901";2026-04-01
387;542419925;;;4500014088;Delivered;Delivered;2026-02-04;Truckload;Truckload (Dry);2026-02-04;KDC One;RJW - Joliet;1,266.43;T4041344;;;9050091702;2026-02-05
388;554495083;;;4500017289;Delivered;Delivered;2026-05-27;LTL;LTL (Dry);2026-05-27;Legacy (IN);Fosdick (CT);931.66;T2197553;;;"9050038408; 9050038407; 9050099802";2026-05-29
389;540938709;;;4500014910, 4500014914, 4500014920;Delivered;Delivered;2026-01-16;Truckload;Truckload (Dry);2026-01-16;FM Howell;RJW - Joliet;1,910.45;T5335231;;;9050068701;2026-01-19
390;548373174;;;4500015362;Delivered;Delivered;2026-03-26;LTL;LTL (Dry);2026-03-26;Produlith;Charles Green Labs;342.90;T2295160;;;6180031201;2026-03-30
391;548235230;;;4500016515;Delivered;Delivered;2026-03-26;Truckload;Truckload (Dry);2026-03-26;Legacy (IN);RJW - Joliet;1,333.11;T6050854;;;"9050076702; 9050093501";2026-03-26
392;547146487;;;4500013997;Delivered;Delivered;2026-03-19;Truckload;Truckload (Dry);2026-03-19;KDC Chemaid;Legacy IN;1,535.48;T6049253;;;9050096601;2026-03-20
393;543731867;;;4500014279;Delivered;Delivered;2026-02-17;Intermodal;Intermodal (Dry);2026-02-17;Beauty Manufacturing Solutions Corp;RJW - Joliet;1,776.54;T5613;;;9050098201;2026-02-25
394;551267123;;;4500016801, 4500016830;Delivered;Delivered;2026-04-27;Truckload;Truckload (Dry);2026-04-27;RJW - Joliet;Legacy IN;0.00;T6317041;;;;
395;544401644;;;4500015886;Delivered;Delivered;2026-02-18;Truckload;Truckload (Dry);2026-02-18;FOSDICK FULFILMENT CENTER MMCD CT;CG Labs;924.50;T6173244;;;;2026-02-18
396;543448361;;;4500014570;Delivered;Delivered;2026-02-10;LTL;LTL (Dry);2026-02-10;KDC One;Fosdick (CT);435.84;T1934631;;;9050089502;2026-02-12
397;544811899;;;4500014471;Delivered;Delivered;2026-02-24;LTL;LTL (Dry);2026-02-24;Silgan Distribution Center;Orlandi Inc.;227.76;T2197553;;;;2026-02-26
398;555282539;;;4500017451;Delivered;Delivered;2026-06-01;LTL;LTL (Dry);2026-06-01;RJW - Joliet;Fosdick Inbound;1,065.24;T2359780;;;;2026-06-08
399;547359030;;;4500014324;Delivered;Delivered;2026-03-19;Truckload;Truckload (Dry);2026-03-19;KDC One;RJW - Joliet;1,407.62;T3356897;;;9050091602;2026-03-20
400;548678405;;;2684007101;Delivered;Delivered;2026-03-31;LTL;LTL (Dry);2026-03-31;Menasha Packaging Company;Sams Club;542.84;T2295160;;;9150206110;2026-04-03
401;543924037;;;4500015872;Delivered;Delivered;2026-02-12;LTL;LTL (Dry);2026-02-12;Fosdick Outbound;Legacy (IN);1,021.14;T4446427;;;;2026-02-17
402;545092440;;;4500014284;Delivered;Delivered;2026-02-24;LTL;LTL (Dry);2026-02-24;KDC-Knowlton;Fosdick (CT);815.34;T2295160;;;9050093202;2026-03-04
403;549746444;;;4500016676;Delivered;Delivered;2026-04-10;Truckload;Truckload (Dry);2026-04-10;Menasha Packaging Company;RJW - Joliet;1,754.22;T6174400;;;"9050088704; 9050089901; 9050089903; 9050099304";2026-04-13
404;541773600;;;4500014659;Delivered;Delivered;2026-01-22;LTL;LTL (Dry);2026-01-22;CG Labs;Fosdick;467.84;T2197553;;;;2026-01-23
405;544815602;;;4500015536-10;Delivered;Delivered;2026-02-24;Truckload;Truckload (Dry);2026-02-24;Packaging Corporation of America;Fosdick;2,780.01;T6268487;;;6360035601;2026-02-25
406;548677395;;;5739461387;Delivered;Delivered;2026-03-31;LTL;LTL (Dry);2026-03-31;Menasha Packaging Company;SAMS CLUB DC;245.23;T2295160;;;9150206110;2026-04-03
407;556840749;4500015638;true;4500015638;In Transit;Picked Up;2026-06-15;Truckload;Truckload (Dry);2026-06-15;KDC One;RJW - Joliet;1,580.83;T6013721;;;9050091702;
408;541326275;;;4500014926;Delivered;Delivered;2026-01-19;Truckload;Truckload (Dry);2026-01-19;PaperFoam;Legacy IN;2,129.77;T5313034;;;;2026-01-21
409;552617509;;;4500015778;Delivered;Delivered;2026-05-06;Truckload;Truckload (Dry);2026-05-06;Westfall-Technik;Fosdick CT;1,450.00;T6046761;;;;2026-05-07
410;556669545;4500015638;true;4500015638, 4500015317;In Transit;Picked Up;2026-06-12;LTL;LTL (Dry);2026-06-12;KDC One;Legacy IN;624.45;T2359780;;;9050091702;
411;551124025;;;4500014451;Delivered;Delivered;2026-04-29;LTL;LTL (Dry);2026-04-29;Beauty Manufacturing Solutions Corp;Legacy;638.17;T4446427;;;9050133501;2026-05-06
412;556677243;4500015686;true;4500015686;In Transit;Unloading;2026-06-10;Truckload;Truckload (Dry);2026-06-10;KDC-Knowlton;RJW - Joliet;2,321.52;T5358033;;;9050093102;
413;547485366;;;4500016319;Delivered;Delivered;2026-03-19;LTL;LTL (Dry);2026-03-19;Fosdick Outbound;RJW - Joliet;595.35;T4446427;;8197611041;9050111101;2026-03-24
414;546419090;;;4500016202;Delivered;Delivered;2026-03-13;Truckload;Truckload (Dry);2026-03-13;Fosdick Outbound;Legacy (IN);1,816.40;T6115674;;;"9050015701; 9050097201; 9050053001; 9050053101; 9050028901; 9050115901";2026-03-16
415;550951004;;;4500016235;Delivered;Delivered;2026-04-20;LTL;LTL (Dry);2026-04-21;Acorn;Fosdick CT;706.86;T2197553;;;6270001001;2026-04-28
416;545690270;;;4500014835;Delivered;Delivered;2026-03-03;LTL;LTL (Dry);2026-03-03;KDC One;Harry's, INC. C/O Fosdick Fulfillment;582.11;T2197553;;;9050089602;2026-03-09
417;550621411;;;4500016283;Delivered;Delivered;2026-04-29;Truckload;Truckload (Dry);2026-04-29;Packaging Corporation of America;Fosdick Fulfillment;5,903.50;T5005475;;;"6360035301; 6360035201";2026-05-04
418;542577109;;;4500014554;Delivered;Delivered;2026-01-29;LTL;LTL (Dry);2026-01-29;CG LABS;Fosdick CT;562.82;T4446427;;;;2026-02-03
419;540267258;;;4500015435;Delivered;Delivered;2026-01-07;Truckload;Truckload (Dry);2026-01-07;Menasha Packaging Company;RJW - Joliet;2,377.78;T6000579;;;"9050099303; 9050088704; 9050068801";2026-01-09
420;541781438;;;4500015136;Delivered;Delivered;2026-01-23;LTL;LTL (Dry);2026-01-22;MANE USA;Orlandi Inc.;277.36;T2359780;;;;2026-01-27
421;549178978;4500016189;true;4500016189;Delivered;Delivered;2026-04-03;Truckload;Truckload (Dry);2026-04-03;KDC Chemaid;RJW - Joliet;1,683.64;T5303171;;;9050132501;2026-04-06
422;543720432;;;4500015349;Delivered;Delivered;2026-02-10;Truckload;Truckload (Dry);2026-02-10;Westfall-Technik;Legacy IN;805.00;T6241387;;;;2026-02-11
423;551071027;;;4500015148,4500015464;Delivered;Delivered;2026-04-24;Truckload;Truckload (Dry);2026-04-24;KDC Chemaid;Legacy;4,213.34;T5245292;;;"9050101002; 9050096402";2026-04-25
424;540989381;;;4500015513;Delivered;Delivered;2026-01-16;Truckload;Truckload (Dry);2026-01-16;Menasha Packaging Company;RJW - Joliet;2,375.01;T3067016;;;"9050099303; 9050089902";2026-01-21
425;552769495;;;4500013295;Delivered;Delivered;2026-05-13;Intermodal;Intermodal (Dry);2026-05-13;Beauty Manufacturing Solutions Corp;RJW - Joliet;1,988.23;T128572;;;9050092202;2026-05-20
426;545256630;;;4500015349;Delivered;Delivered;2026-02-26;LTL;LTL (Dry);2026-02-26;Westfall-Technik;Legacy IN;257.22;T8154;;;;2026-03-02
427;542478493;;;SOB12600193;Delivered;Delivered;2026-01-30;LTL;LTL (Dry);2026-01-30;Harrys Inc;KDC Chemaid;2,282.04;T129576;;;6110012701;2026-02-10
428;549874032;;;4500015781;Delivered;Delivered;2026-04-09;LTL;LTL (Dry);2026-04-09;Westfall-Technik;Fosdick;270.96;T2295160;;;9050144704;2026-04-13
429;543211484;;;4500013374;Delivered;Delivered;2026-02-09;Truckload;Truckload (Dry);2026-02-10;PLZ MISSISSAUGA PERSONAL CARE;RJW - Joliet;2,196.00;T6288630;;;;2026-02-11
430;549383902;;;4500016593;Delivered;Delivered;2026-04-07;Truckload;Truckload (Dry);2026-04-07;RJW - Joliet;Legacy;1,847.27;T5194380;;;;2026-04-08
431;549535721;4500016189;true;4500016189;Delivered;Delivered;2026-04-08;Truckload;Truckload (Dry);2026-04-08;KDC Chemaid;Fosdick;1,184.68;T6300639;;Baker Hughes Oilfield LLC;9050132501;2026-04-08
432;548680429;;;9583079771;Delivered;Delivered;2026-03-30;LTL;LTL (Dry);2026-03-30;Menasha Packaging Company;Sams Club;1,715.54;T4384804;;;9150206110;2026-05-06
433;543729910;;;4500011963;Delivered;Delivered;2026-02-13;LTL;LTL (Dry);2026-02-13;KDC One;RJW - Joliet;432.50;T8154;;;9050092502;2026-02-19
434;540876935;;;4500014912, 4500015249;Delivered;Delivered;2026-01-16;Truckload;Truckload (Dry);2026-01-16;FM Howell;RJW - Joliet;1,906.54;T4884987;;;;2026-01-17
435;545029803;;;4500011963;Delivered;Delivered;2026-02-25;Truckload;Truckload (Dry);2026-02-25;KDC One;Fosdick (CT);4,026.11;T6074470;;;9050092502;2026-02-26
436;548099367;;;4500013295;Delivered;Delivered;2026-03-30;LTL;LTL (Dry);2026-03-30;Beauty Manufacturing Solutions Corp;Fosdick Fulfillment;1,001.45;T2197553;;;9050092202;2026-04-22
437;554479183;;;4500017292;Delivered;Delivered;2026-05-26;LTL;LTL (Dry);2026-05-26;RJW - Joliet;Westrock IL;157.29;T4246;;;;2026-05-27
438;554073050;;;4500015242;Delivered;Delivered;2026-05-19;LTL;LTL (Dry);2026-05-19;KDC-Knowlton;Fosdick Fulfillment;1,014.13;T2295160;;;9050092902;2026-06-03
439;557023637;;;po#;In Transit;Picked Up;2026-06-12;LTL;LTL (Dry);2026-06-12;Legacy (IN);Fosdick;442.83;T2197553;;;"9050099801; 9050038401; 9200001401";
440;545142160;;;4500014324;Delivered;Delivered;2026-02-26;LTL;LTL (Dry);2026-02-26;KDC One;RJW - Joliet;892.45;T8154;;;9050091602;2026-02-27
441;549972777;;;4500015087;Delivered;Delivered;2026-04-13;Truckload;Truckload (Dry);2026-04-13;PLZ MISSISSAUGA PERSONAL CARE;Legacy IN;2,265.84;T5354391;;;;2026-04-14
442;543351225;;;4500015817;Delivered;Delivered;2026-02-09;Truckload;Truckload (Dry);2026-02-09;Menasha Packaging Company;RJW - Joliet;2,782.06;T5233651;;;"9050089903; 9050121901";2026-02-11
443;548519137;;;4500015341;Delivered;Delivered;2026-03-30;Truckload;Truckload (Dry);2026-03-30;CG LABS;Fosdick CT;1,302.54;T6309863;;;9050130101;2026-03-31
444;548951845;;;4500014570;Delivered;Delivered;2026-04-06;LTL;LTL (Dry);2026-04-06;KDC One;RJW - Joliet;250.49;T4384804;;;9050089502;2026-04-08
445;543992510;;;4500015895;Delivered;Delivered;2026-02-16;Truckload;Truckload (Dry);2026-02-16;Menasha Packaging Company;RJW - Joliet;2,460.01;T4429951;;;9050125612;2026-02-18
446;549888412;;;PO2604AA;Delivered;Delivered;2026-04-13;LTL;LTL (Dry);2026-04-10;Chemaid;PLZ CORP;1,296.51;T129576;;;"1-252-603020301; 1-252-603020501";2026-04-18
447;556672272;4500015638;true;4500015638, 4500015317;In Transit;Picked Up;2026-06-12;LTL;LTL (Dry);2026-06-12;KDC One;Fosdick (CT);776.25;T1934631;;;9050091702;
448;550589976;;;4500015148;Delivered;Delivered;2026-04-21;LTL;LTL (Dry);2026-04-21;KDC Chemaid;Fosdick Fulfillment;587.08;T2197553;;;9050096402;2026-04-28
449;551080190;;;4500016801;Ordered;Assigned;2026-04-24;LTL;LTL (Dry);;RJW - Joliet;Legacy IN;;;;;;
450;541868658;;;4500015383;Delivered;Delivered;2026-01-23;Truckload;Truckload (Dry);2026-01-23;PCA Reading;Legacy (IN);1,835.49;T4332253;;;61200004001;2026-01-28
451;542485718;;;4500015733;Delivered;Delivered;2026-02-05;Truckload;Truckload (Dry);2026-02-05;Legacy (IN);RJW - Joliet;1,014.94;T6323026;;;"9050069201; 9200000201; 9050068901; 9050091802; 9050124901";2026-02-06
452;555919869;;;4500016077, 4500016749;Delivered;Delivered;2026-06-04;LTL;LTL (Dry);2026-06-04;MANE USA;Orlandi Inc.;222.64;T2359780;;;;2026-06-08
453;550874609;;;4500016238;Delivered;Delivered;2026-04-21;LTL;LTL (Dry);2026-04-21;PCA Landisville;Legacy;1,595.66;T4446427;;;6360040901;2026-04-23
454;546008856;;;4500014331;Delivered;Delivered;2026-03-10;LTL;LTL (Dry);2026-03-10;Beauty Manufacturing Solutions Corp;Fosdick (CT);1,352.02;T4446427;10001628207-0589;;9050092302;2026-03-16
455;556851907;;;4500015312;Delivered;Delivered;2026-06-15;Truckload;Truckload (Dry);2026-06-15;KDC One;Legacy IN;1,256.16;T5194942;;;9050092702;
456;551160516;;;4500016802;Delivered;Delivered;2026-04-22;LTL;LTL (Dry);2026-04-22;Fosdick Outbound;Legacy (IN);973.62;T2197553;;;6360027101;2026-04-27
457;549378441;;;4500016522;Delivered;Delivered;2026-04-07;Truckload;Truckload (Dry);2026-04-07;Fosdick Outbound;Fosdick Fulfillment;5,572.05;T6242692;;;"9050033101; 9050013404; 9050030701; 9050034001; 6120007301";2026-04-15
458;549744857;;;4500015570, 16015, 15568, 15917, 15596;Delivered;Delivered;2026-04-10;Truckload;Truckload (Dry);2026-04-10;FM Howell;RJW - Joliet;1,570.14;T6240725;;;9050068701;2026-04-11
459;549253327;;;4500016628;Delivered;Delivered;2026-04-08;Truckload;Truckload (Dry);2026-04-08;Legacy (IN);Westrock IL;1,221.35;T1987218;;;9050013404;2026-04-08
460;548824476;;;2784046766;Delivered;Delivered;2026-04-02;LTL;LTL (Dry);2026-04-01;Menasha Packaging Company;Sams Club;372.22;T129576;;P151138;9150206110;2026-04-29
461;542274240;;;70379;Delivered;Delivered;2026-01-28;LTL;LTL (Dry);2026-01-28;Scarbrough Warehousing;220 Laboratories c/o Absolute Amenities;245.57;T2295160;;;6100002801;2026-01-30
462;545900264;;;4500014324;Delivered;Delivered;2026-03-04;LTL;LTL (Dry);2026-03-04;KDC One;RJW17;440.32;T4384804;;;9050091602;2026-03-09
463;538709842;;;4500015324;Delivered;Delivered;2025-12-22;Truckload;Truckload (Dry);2025-12-22;Menasha Packaging Company;RJW - Joliet;2,067.23;T5160094;;;"9050089903; 9050089901";2025-12-31
464;543980160;;;4500015199;Delivered;Delivered;2026-02-13;LTL;LTL (Dry);2026-02-13;Orlandi Inc.;Legacy IN;315.05;T2359780;;;9050115901;2026-02-18
465;541010740;;;4500015191;Delivered;Delivered;2026-01-16;LTL;LTL (Dry);2026-01-16;General Fibre Products;Orlandi Inc.;311.85;T4446427;;;;2026-01-21
466;551024570;;;4500015464;Delivered;Delivered;2026-04-24;LTL;LTL (Dry);2026-04-24;KDC Chemaid;Fosdick;195.37;T2197553;;;9050101002;2026-04-27
467;544667956;;;4500014325;Delivered;Delivered;2026-02-20;LTL;LTL (Dry);2026-02-20;KDC One;RJW - Joliet;454.18;T4384804;;;9050091702;2026-02-25
468;540120394;;;4500012726;Delivered;Delivered;2026-01-09;LTL;LTL (Dry);2026-01-09;KDC One;RJW - Joliet;375.27;T8154;;;9050091702;2026-01-12
469;539702057;;;4500014916;Delivered;Delivered;2026-01-02;Truckload;Truckload (Dry);2026-01-02;FM Howell;RJW - Joliet;1,981.28;T6028434;;;;2026-01-05
470;551884682;;;4500017045;Delivered;Delivered;2026-05-01;LTL;LTL (Dry);2026-05-01;RJW - Joliet;Fosdick Inbound;2,005.30;T2197553;;;;2026-05-06
471;556005178;4500016722;true;4500016722;Carrier Booked;Checked In;2026-06-11;LTL;LTL (Dry);;Acorn;Fosdick CT;347.41;T2197553;;;6360043301;
472;538377211;;;4500013339;Delivered;Delivered;2025-12-23;Truckload;Truckload (Dry);2025-12-23;PLZ MISSISSAUGA PERSONAL CARE;RJW - Joliet;1,794.79;T5258042;;;;2025-12-29
473;549840265;;;4500016663;Delivered;Delivered;2026-04-09;Truckload;Truckload (Dry);2026-04-09;Legacy (IN);Menasha (NJ);1,095.00;T6105070;;;9050013402;2026-04-10
474;544544288;;;4500015892-1;Delivered;Delivered;2026-02-20;Truckload;Truckload (Dry);2026-02-20;RJW - Joliet;Menasha (NJ);4,421.98;T5160094;;;;2026-02-25
475;543610518;;;4500014827, 4500015488;Delivered;Delivered;2026-02-10;LTL;LTL (Dry);2026-02-10;Westfall-Technik;Fosdick Inbound;919.08;T4446427;;;6110004701;2026-02-17
476;540994157;;;4500014829;Delivered;Delivered;2026-01-14;LTL;LTL (Dry);2026-01-14;Westfall-Technik;Fosdick;209.92;T4446427;;;;2026-01-16
477;541914519;;;4500013864,4500013865,4500013866;Delivered;Delivered;2026-01-26;Truckload;Truckload (Dry);2026-01-26;KDC-Knowlton;RJW - Joliet;3,440.60;T6180312;;;"9050092902; 9050093002; 9050093102";2026-02-04
478;553475972;;;4500017137;Delivered;Delivered;2026-05-13;LTL;LTL (Dry);2026-05-13;Fosdick Outbound;Legacy (IN);976.73;T2197553;;;9050091901;2026-05-19
479;546515355;;;4500014835;Delivered;Delivered;2026-03-12;LTL;LTL (Dry);2026-03-12;KDC One;Legacy IN;485.62;T4384804;;;9050089602;2026-03-18
480;547651523;;;4500015348;Delivered;Delivered;2026-03-20;LTL;LTL (Dry);2026-03-20;Westfall-Technik;Legacy (IN);219.40;T2295160;;;;2026-03-23
481;551893195;;;4500016698, 4500016689;Delivered;Delivered;2026-04-30;LTL;LTL (Dry);2026-04-30;Westfall-Technik;Legacy IN;475.84;T8154;;;;2026-05-04
482;543845410;;;4500015245, 4500015494, 4500015306, 4500015247;Delivered;Delivered;2026-02-19;Truckload;Truckload (Dry);2026-02-19;FM Howell;RJW - Joliet;1,914.59;T6177902;;;9050068701;2026-02-20
483;544434900;4500015538;true;4500015538;Delivered;Delivered;2026-02-17;LTL;LTL (Dry);2026-02-17;Acorn;Fosdick CT;558.28;T2197553;;;6360043401;2026-02-25
484;553136908;;;4500013295;Delivered;Delivered;2026-05-13;Intermodal;Intermodal (Dry);2026-05-13;Beauty Manufacturing Solutions Corp;RJW - Joliet;;T5613;;;9050092202;
485;541883980;;;4500015257;Delivered;Delivered;2026-01-22;LTL;LTL (Dry);2026-01-22;Acorn;Fosdick (CT);448.44;T2197553;;;;2026-01-28
486;543288882;;;4500015831;Delivered;Delivered;2026-02-09;LTL;LTL (Dry);2026-02-09;RJW - Joliet;Fosdick;925.39;T8154;;;;2026-02-11
487;551996224;;;4500016569 & 4500016279;Delivered;Delivered;2026-05-04;LTL;LTL (Dry);2026-05-04;Acorn;RJW - Joliet;1,674.62;T4446427;;;6270001201;2026-05-11
488;548226627;;;4500014849;Delivered;Delivered;2026-03-30;LTL;LTL (Dry);2026-03-30;KDC Chemaid;Legacy IN;614.04;T2197553;;;9050011001;2026-04-03
489;549972680;;;4500015087;Delivered;Delivered;2026-04-13;Truckload;Truckload (Dry);2026-04-13;PLZ MISSISSAUGA PERSONAL CARE;Legacy IN;2,265.84;T5367156;;;;2026-04-16
490;545712225;;;4500015518;Delivered;Delivered;2026-03-02;LTL;LTL (Dry);2026-03-02;Fosdick Outbound;RJW - Joliet;1,170.05;T4446427;;;"9050097001; 9050101601; 9050101401; 9050089401";2026-03-05
491;545053750;;;4500011963;Delivered;Delivered;2026-02-25;Truckload;Truckload (Dry);2026-02-25;KDC One;RJW - Joliet;1,239.56;T5243950;;;9050092502;2026-02-26
492;540939295;;;4500015517;Delivered;Delivered;2026-01-19;Truckload;Truckload (Dry);2026-01-19;RJW - Joliet;Legacy IN;1,261.40;T164811;;;;2026-01-20
493;542859641;;;4500014087, 4500014091;Delivered;Delivered;2026-02-05;LTL;LTL (Dry);2026-02-05;KDC One;Fosdick Fulfillment;958.67;T2197553;;;"9050089502; 9050091602";2026-02-11
494;548437891;;;114562926;Delivered;Delivered;2026-03-27;LTL;LTL (Dry);2026-03-31;ABF Terminal c/o CH ROBINSON;RJW - Joliet;578.49;T1359245;;;;2026-04-08
495;547501771;;;4500014664;Delivered;Delivered;2026-03-19;Truckload;Truckload (Dry);2026-03-19;Beauty Manufacturing Solutions Corp;RJW - Joliet;2,181.42;T6254300;;381217462860;9050112901;2026-03-21
496;546613901;;;4500014331;Delivered;Delivered;2026-03-12;Intermodal;Intermodal (Dry);2026-03-12;Beauty Manufacturing Solutions Corp;Legacy (IN);2,675.14;T5613;;;9050092302;2026-04-15
497;545395139;;;4500016000;Delivered;Delivered;2026-02-27;Truckload;Truckload (Dry);2026-02-27;Harry's, INC. C/O Fosdick Fulfillment;Legacy IN;6,657.14;T6264611;;;"9050093101; 9050091901; 9050019401; 9050093001; 9050092901; 9050092001";2026-03-03
498;553137726;;;4500017165;Delivered;Delivered;2026-05-12;Truckload;Truckload (Dry);2026-05-12;Menasha Packaging Company;RJW - Joliet;1,880.84;T3750911;;;"9050089901; 9050089902";2026-05-23
499;553651039;;;4500014943;Delivered;Delivered;2026-05-19;Truckload;Truckload (Dry);2026-05-19;KDC One;RJW - Joliet;1,590.89;T6144700;;;9050091802;2026-05-20
500;551024270;;;4500015464;Delivered;Delivered;2026-04-24;LTL;LTL (Dry);2026-04-24;KDC Chemaid;Fosdick Fulfillment;353.94;T2197553;;;9050101002;2026-05-01
501;545753929;;;4500014324;Delivered;Delivered;2026-03-04;Truckload;Truckload (Dry);2026-03-04;KDC One;RJW - Joliet;1,196.89;T2808777;;;9050091602;2026-03-05
502;541555028;;;4500015575;Delivered;Delivered;2026-01-21;Truckload;Truckload (Dry);2026-01-21;Menasha Packaging Company;RJW - Joliet;1,890.87;T3067016;;27965975;9050121901;2026-01-23
503;553655363;;;4500015382;Delivered;Delivered;2026-05-19;Truckload;Truckload (Dry);2026-05-19;PLZ MISSISSAUGA PERSONAL CARE;RJW - Joliet;1,991.48;T5268713;;;;2026-05-20
504;555262533;;;4500015244-4500015241;Delivered;Delivered;2026-05-29;LTL;LTL (Dry);2026-05-29;KDC-Knowlton;Fosdick;720.16;T2295160;;;"9050093302; 9050093102";2026-06-04
505;548825405;;;9138857214;Delivered;Delivered;2026-04-01;LTL;LTL (Dry);2026-04-01;Menasha Packaging Company;SAMS DC 8235;1,760.26;T129576;;;9150206110;2026-04-06
506;551740918;;;4500016904;Delivered;Delivered;2026-04-28;Truckload;Truckload (Dry);2026-04-28;Menasha Packaging Company;RJW - Joliet;1,946.40;T5332808;;;"9050099402; 9050125612; 9050110202; 9050099306; 9050099401";2026-05-04
507;548225712;4500015514;true;4500015514;Delivered;Delivered;2026-03-30;LTL;LTL (Dry);2026-03-30;KDC Chemaid;Fosdick Fulfillment;1,745.55;T2197553;;;9050130901;2026-04-03
508;542165287;;;4500015643;Delivered;Delivered;2026-01-27;Truckload;Truckload (Dry);2026-01-27;Menasha Packaging Company;RJW - Joliet;2,255.20;T6052791;;;"9050099401; 9050099402; 9050099304";2026-02-03
509;538286641;;;4500012724;Delivered;Delivered;2025-12-18;LTL;LTL (Dry);2025-12-18;KDC One;Fosdick Fulfillment;520.69;T2197553;;;9050091902;2025-12-26
510;553617659;;;4500017191;Delivered;Delivered;2026-05-18;Truckload;Truckload (Dry);2026-05-18;RJW - Joliet;Legacy IN;1,617.79;T6246089;;;;2026-05-19
511;542933350;;;4500014087;Delivered;Delivered;2026-02-04;Truckload;Truckload (Dry);2026-02-04;KDC One;RJW - Joliet;1,210.21;T6227844;;;9050091602;2026-02-05
512;550952576;;;4500015148;Delivered;Delivered;2026-04-21;Truckload;Truckload (Dry);2026-04-21;KDC Chemaid;RJW - Joliet;1,795.12;T5195876;;;"9050096402; 9050101002";2026-04-23
513;553177094;;;4500017175;Delivered;Delivered;2026-05-12;Truckload;Truckload (Dry);2026-05-12;Menasha Packaging Company;RJW - Joliet;2,611.41;T4429951;;;"9050125612; 9050088706; 9050099306";2026-05-14
514;555787918;;;4500017509;Delivered;Delivered;2026-06-05;Truckload;Truckload (Dry);2026-06-05;Legacy (IN);RJW - Joliet;1,610.69;T6323026;;;"9050089301; 9050033201";
515;555791187;;;4500015344;Delivered;Delivered;2026-06-03;Truckload;Truckload (Dry);2026-06-03;CG Labs;Fosdick;1,051.09;T2964781;;;9050089701;2026-06-04
516;553037336;;;4500017136;Delivered;Delivered;2026-05-08;LTL;LTL (Dry);2026-05-11;Fosdick Outbound;Fosdick Fulfillment;281.55;T2197553;;;6120007201;2026-05-19
517;546610335;;;546262826;Ordered;Assigned;2026-03-10;LTL;LTL (Dry);;CHR Consol Center - Chicago - NPF;RJW - Joliet;;;;;;
518;538291698;;;4500014595;Delivered;Delivered;2025-12-19;Truckload;Truckload (Dry);2025-12-19;FM Howell;RJW - Joliet;1,614.70;T4767179;;;;2025-12-20
519;555265649;;;4500015241;Delivered;Delivered;2026-05-29;LTL;LTL (Dry);2026-05-29;KDC-Knowlton;Fosdick Fulfillment;933.44;T2295160;;;9050093302;2026-06-05
520;554494693;;;4500016288;In Transit;Unloading;2026-05-29;Truckload;Truckload (Dry);2026-05-29;FM Howell;RJW - Joliet;2,680.54;T4429951;;;;2026-05-30
521;551066963;;;4500016089 / 4500016090;Delivered;Delivered;2026-04-21;LTL;LTL (Dry);2026-04-22;Twincraft;Fosdick CT;1,081.95;T4446427;;;"9050107202; 9050107402";2026-04-24
522;553650138;;;4500014943;Delivered;Delivered;2026-05-19;LTL;LTL (Dry);2026-05-19;KDC One;Fosdick (CT);1,066.26;T2359780;;;9050091802;2026-05-27
523;548527307;;;4500014837;Delivered;Delivered;2026-04-01;Truckload;Truckload (Dry);2026-04-01;KDC One;RJW - Joliet;1,547.54;T5384506;;;9050091702;2026-04-02
524;550648639;;;0325NV_G+FDonation;Delivered;Delivered;2026-04-21;LTL;LTL (Dry);2026-04-21;Fosdick Fulfillment;The River Fund c/o: Good+Foundation;689.82;T2197553;;;;2026-04-29
525;547477697;4500016425;true;4500016425;Delivered;Delivered;2026-03-19;Truckload;Truckload (Dry);2026-03-19;Menasha Packaging Company;RJW - Joliet;1,632.65;T5195876;;;"9050125612; 9050082601; 9050089903";2026-03-24
526;538290549;;;4500013444, 4500012724;Delivered;Delivered;2025-12-18;Truckload;Truckload (Dry);2025-12-18;KDC One;Fosdick Inbound;2,939.49;T6098567;;;9050091902;2025-12-19
527;548527085;;;4500014327, 4500014939;Delivered;Delivered;2026-03-30;Truckload;Truckload (Dry);2026-03-30;KDC One;RJW - Joliet;1,547.54;T6017444;;;"9050098901; 9050091702";2026-03-31
528;545563418;;;4500013996;Delivered;Delivered;2026-03-05;LTL;LTL (Dry);2026-03-05;KDC Chemaid;Legacy;682.76;T4446427;;08702574;9050096801;2026-03-10
529;546424477;;;4500014468;Delivered;Delivered;2026-03-10;Truckload;Truckload (Dry);2026-03-10;KDC Chemaid;Menasha (NJ);703.38;T6095795;;;9050033801;2026-03-10
530;550454150;;;4500015916;Delivered;Delivered;2026-04-17;Truckload;Truckload (Dry);2026-04-17;FM Howell;RJW - Joliet;1,533.31;T6104372;;;;2026-04-18
531;549014726;;;4500014664;Delivered;Delivered;2026-04-02;LTL;LTL (Dry);2026-04-02;Beauty Manufacturing Solutions Corp;RJW - Joliet;433.02;T4246;;;9050112901;2026-04-10
532;540445109;;;4500015483;Delivered;Delivered;2026-01-12;Truckload;Truckload (Dry);2026-01-12;Menasha Packaging Company;RJW - Joliet;1,987.60;T285583;;;"9050099402; 9050089902";2026-01-14
533;544857568;;;4500014797;Delivered;Delivered;2026-02-25;Truckload;Truckload (Dry);2026-02-25;CG LABS;Legacy IN;2,393.06;T6314957;;;;2026-02-27
534;540436005;;;4500014801;Delivered;Delivered;2026-01-09;LTL;LTL (Dry);2026-01-09;Groupe Produlith Inc;Charles & Green & Son, Inc.;506.52;T2295160;;;6180031201;2026-01-26
535;554496748;;;4500017340;Delivered;Delivered;2026-05-23;Truckload;Truckload (Dry);2026-05-23;Menasha Packaging Company;RJW - Joliet;2,190.78;T6022188;;;"9050088702; 9050121901; 9050089903; 9050099304";2026-05-27
536;541480520;;;4500014659,4500014661;Delivered;Delivered;2026-01-21;Truckload;Truckload (Dry);2026-01-21;CHARLES GREEN;FOSDICK (CT);957.55;T2964781;;;;2026-01-21
537;553509530;;;4500017211;Delivered;Delivered;2026-05-14;Truckload;Truckload (Dry);2026-05-14;Menasha Packaging Company;RJW - Joliet;2,479.28;T6310532;;;"9050088706; 9050125612; 9050089903";2026-05-16
538;544066952;;;4500015871;Delivered;Delivered;2026-02-16;LTL;LTL (Dry);2026-02-16;Legacy (IN);Fosdick;576.16;T2197553;;;"6360027101; 9050096601";2026-02-18
539;544723639;;;4500016011;Delivered;Delivered;2026-02-24;Truckload;Truckload (Dry);2026-02-24;Menasha Packaging Company;RJW - Joliet;2,351.14;T4429951;;;9050089902;2026-02-25
540;545018910;;;4500015259;Delivered;Delivered;2026-02-25;Truckload;Truckload (Dry);2026-02-25;PLZ MISSISSAUGA PERSONAL CARE;Legacy IN;1,927.52;T5354391;;;;2026-02-26
541;555346991;;;455016544, 4500017332, 4500017332;Carrier Booked;Checked In;2026-06-01;LTL;LTL (Dry);;Westfall-Technik;Legacy (IN);227.17;T2295160;;;;
542;546117894;;;4500016201;Delivered;Delivered;2026-03-09;Truckload;Truckload (Dry);2026-03-09;RJW - Joliet;Legacy;1,362.18;T4150604;;;;2026-03-10
543;540743751;;;12082025-1;Delivered;Delivered;2026-01-13;Truckload;Truckload (Dry);2026-01-13;Concept Matrix Solutions;Fosdick (CT);2,725.00;T5308066;;;;2026-01-16
544;547425776;;;4500014523,4500014557;Delivered;Delivered;2026-03-19;Truckload;Truckload (Dry);2026-03-19;KDC-Knowlton;RJW - Joliet;4,268.55;T6053954;;R&O;"9050093002; 9050093102";2026-03-25
545;546165102;;;4500014817;Delivered;Delivered;2026-03-06;LTL;LTL (Dry);2026-03-06;CG LABS;Fosdick Fulfillment;872.48;T2197553;;;;2026-03-13
546;547590135;;;4500014954;Delivered;Delivered;2026-03-23;Truckload;Truckload (Dry);2026-03-23;KDC Chemaid;RJW - Joliet;1,694.76;T4429951;;;9050087301;2026-03-24
547;545106568;;;4500016137;Delivered;Delivered;2026-02-25;Truckload;Truckload (Dry);2026-02-25;Tessy Plastics;RJW - Joliet;2,521.99;T6142948;;;HPRB0232;2026-02-26
548;545774893;;;4500014835;Delivered;Delivered;2026-03-03;Truckload;Truckload (Dry);2026-03-03;KDC One;Legacy IN;793.93;T5194942;;;9050089602;2026-03-03
549;548677159;;;5238219670;Delivered;Delivered;2026-03-31;LTL;LTL (Dry);2026-03-31;Menasha Packaging Company;SAMS CLUB;263.34;T2295160;;;990510473;2026-04-14
550;545394068;;;4500015246, 4500015306, 4500015571;Delivered;Delivered;2026-03-03;Truckload;Truckload (Dry);2026-03-03;FM Howell;RJW - Joliet;1,707.78;T4429951;;;9050068701;2026-03-04
551;556295771;;;4500016243;Delivered;Delivered;2026-06-08;Truckload;Truckload (Dry);2026-06-08;PLZ MISSISSAUGA PERSONAL CARE;Legacy IN;1,752.91;T5268713;;;;2026-06-10
552;545726579;;;4500014797;Delivered;Delivered;2026-03-04;LTL;LTL (Dry);2026-03-04;CG Labs;Fosdick;303.63;T2197553;;;;2026-03-05
553;546796666;;;4500013997;Delivered;Delivered;2026-03-16;LTL;LTL (Dry);2026-03-16;KDC Chemaid;Fosdick Fulfillment;367.39;T2197553;;;9050096601;2026-03-23
554;538550251;;;4500015214;Delivered;Delivered;2025-12-23;Truckload;Truckload (Dry);2025-12-23;Legacy (IN);RJW - Joliet;959.20;T6191598;;;"9050089502; 9050096401; 9050044301";2025-12-24
555;538863609;;;4500013438, 4500013436;Delivered;Delivered;2025-12-29;Truckload;Truckload (Dry);2025-12-29;KDC One;RJW - Joliet;1,206.64;T6027220;;;9050091602;2025-12-30
556;546605295;;;261084;Delivered;Delivered;2026-03-11;Truckload;Truckload (Dry);2026-03-11;MANE USA;KDC/ONE MAIN RECEIVING;1,025.00;T6105070;;;;2026-03-12
557;545017935;;;4500015259;Delivered;Delivered;2026-02-25;Truckload;Truckload (Dry);2026-02-25;PLZ MISSISSAUGA PERSONAL CARE;Legacy IN;1,927.52;T5354391;;;;2026-02-26
558;546796585;;;4500013997,4500013997 -B;Delivered;Delivered;2026-03-16;LTL;LTL (Dry);2026-03-16;KDC Chemaid;Fosdick;376.47;T2197553;;;9050096601;2026-03-17
559;543351623;;;4500015836;Delivered;Delivered;2026-02-09;Truckload;Truckload (Dry);2026-02-09;Menasha Packaging Company;RJW - Joliet;2,428.35;T4429951;;;;2026-02-11
560;541602203;;;4500013430;Delivered;Delivered;2026-01-29;LTL;LTL (Dry);2026-01-29;KDC-Knowlton;Fosdick (CT);299.08;T2295160;;;9050093202;2026-03-04
561;545690042;;;4500014324;Delivered;Delivered;2026-03-04;Truckload;Truckload (Dry);2026-03-04;KDC One;RJW - Joliet;1,196.89;T1481819;;;9050091602;2026-03-05
562;540318671;;;4500014091;Delivered;Delivered;2026-01-09;LTL;LTL (Dry);2026-01-09;KDC One;Fosdick (CT);681.48;T1934631;;;9050089502;2026-01-13
563;552768981;;;4500017042;Delivered;Delivered;2026-05-07;Truckload;Truckload (Dry);2026-05-07;Fosdick Outbound;Fosdick Fulfillment;5,985.47;T6272556;;;"6120007101; 9050013404; 9050034001; 6120007201; 9050092202; 9050098701";2026-05-11
564;545564720;;;test123;Carrier Booked;Checked In;2026-02-27;LTL;LTL (Dry);;KDC Chemaid;RJW - Joliet;;T4384804;;;;
565;550470663;;;4500016483;Delivered;Delivered;2026-04-16;Truckload;Truckload (Dry);2026-04-16;International Paper;Fosdick Outbound;1,402.57;T6154516;;;6120007101;2026-04-17
566;545131598;;;4500016141;Delivered;Delivered;2026-02-26;LTL;LTL (Dry);2026-02-26;Legacy (IN);Fosdick Inbound;751.04;T8154;;;"9050076703; 9050107201; 9050074101";2026-03-02
567;541993175;;;55598620;Delivered;Delivered;2026-01-22;LTL;LTL (Dry);2026-01-27;menasha;Legacy IN;208.42;T4446427;;;;2026-02-05
568;548065108;;;4500016512;Delivered;Delivered;2026-03-24;Truckload;Truckload (Dry);2026-03-24;Tessy Plastics;FM Howell;1,383.81;T5263939;;;HPRB0232;2026-03-25
569;545053939;;;4500014324;Delivered;Delivered;2026-02-25;Truckload;Truckload (Dry);2026-02-25;KDC One;RJW - Joliet;1,239.56;T5247278;;;9050091602;2026-02-26
570;539022012;;;4500014596/14915/14599/14597/14582;Delivered;Delivered;2025-12-29;Truckload;Truckload (Dry);2025-12-29;FM Howell;RJW - Joliet;2,278.54;T6172338;;;9050068701;2025-12-30
571;547191510;;;4500015785, 4500016164;Delivered;Delivered;2026-03-18;LTL;LTL (Dry);2026-03-18;Westfall-Technik;Fosdick (CT);657.71;T2359780;;;;2026-03-24
572;542410255;;;4500014935;Delivered;Delivered;2026-01-30;Truckload;Truckload (Dry);2026-01-30;Tessy Plastics;Menasha (NJ);1,668.46;T6029012;;;9050013404;2026-02-02
573;541733327;;;4500014326, 4500014090;Delivered;Delivered;2026-01-23;Truckload;Truckload (Dry);2026-01-23;KDC One;RJW - Joliet;1,064.19;T6000552;;;9050089602;2026-01-26
574;539268664;;;4500015347;Delivered;Delivered;2025-12-29;Truckload;Truckload (Dry);2025-12-29;RJW - Joliet;Legacy IN;1,378.87;T5365677;;;;2025-12-30
575;548433131;;;4500015757, 4500015354;Delivered;Delivered;2026-03-30;LTL;LTL (Dry);2026-03-30;Westfall-Technik;Menasha (NJ);329.29;T4446427;;;9200002301;2026-04-06
576;553113745;;;4500015179;Delivered;Delivered;2026-05-20;LTL;LTL (Dry);2026-05-20;KDC Chemaid;Fosdick Fulfillment;683.06;T4446427;;;9050137401;2026-05-28
577;556840010;4500015638;true;4500015638;In Transit;Picked Up;2026-06-15;Truckload;Truckload (Dry);2026-06-15;KDC One;RJW - Joliet;1,580.83;T4851938;;;9050091702;
578;545098342;;;4500014426,4500014428,4500014284;Delivered;Delivered;2026-02-25;Truckload;Truckload (Dry);2026-02-25;KDC-Knowlton;RJW - Joliet;4,498.30;T6180312;;;"9050092902; 9050093102; 9050093202";2026-03-03
579;557136408;4500016162;true;4500016162, 16540, 16159;In Transit;Picked Up;2026-06-15;Truckload;Truckload (Dry);2026-06-15;Westfall-Technik;Twin Health, Inc;3,515.52;T6183998;;;;
580;538861821;;;99--22457078;Delivered;Delivered;2025-12-22;LTL;LTL (Dry);2025-12-22;Fosdick Outbound;Harry's;356.30;T2359780;;;;2026-01-05
581;550750295;;;4500016704;Delivered;Delivered;2026-04-17;LTL;LTL (Dry);2026-04-17;Fosdick Inbound;Legacy (IN);773.30;T4446427;;;"9050098401; 9050028901";2026-04-22
582;549015679;;;4500014917;Delivered;Delivered;2026-04-01;Truckload;Truckload (Dry);2026-04-01;CG Labs;Legacy IN;1,754.22;T5291608;;;9050109701;2026-04-29
583;545432324;;;4500014555;Delivered;Delivered;2026-03-03;Truckload;Truckload (Dry);2026-03-03;CG LABS;Fosdick CT;1,463.33;T5184058;;;;2026-03-04
584;540917325;;;4500015516;Delivered;Delivered;2026-01-19;LTL;LTL (Dry);2026-01-19;CVS;Fosdick;1,845.26;T8154;;;;2026-02-26
585;554304960;;;4500013280;Delivered;Delivered;2026-05-22;LTL;LTL (Dry);2026-05-22;KDC One;RJW - Joliet;517.93;T218939;;;9050092702;2026-05-26
586;555666459;;;4500017501;Delivered;Delivered;2026-06-01;LTL;LTL (Dry);2026-06-01;Fosdick Outbound;Menasha Packaging Company;200.22;T2197553;;;9050091602;2026-06-02
587;554102145;;;4500017186;Delivered;Delivered;2026-05-20;Truckload;Truckload (Dry);2026-05-20;Fosdick Outbound;RJW - Joliet;2,933.40;T3911708;;;"9050100301; 9050013404";2026-06-03
588;544198697;;;4500015907;Delivered;Delivered;2026-02-19;LTL;LTL (Dry);2026-02-23;RJW - Joliet;HFC;781.49;T4446427;;;;2026-02-27
589;542398275;;;4500014088;Delivered;Delivered;2026-02-10;LTL;LTL (Dry);2026-02-10;KDC One;Fosdick (CT);1,582.04;T4446427;;;9050091702;2026-02-17
590;554713092;;;117570280;Delivered;Delivered;2026-05-22;LTL;LTL (Dry);2026-05-22;Westrock;BJS WHOLESALE CLUB;1,529.73;T2197553;;;;2026-05-29
591;548126809;4500015651;true;55625509;Delivered;Delivered;2026-03-25;LTL;LTL (Dry);2026-03-25;menasha;RJWIL2;1,300.66;T4446427;;;;2026-03-30
592;555001411;;;4500015242-4500015243-4500015244;Delivered;Delivered;2026-05-27;Truckload;Truckload (Dry);2026-05-27;KDC-Knowlton;RJW - Joliet;3,474.10;T6180312;;;"9050093002; 9050093102; 9050092902";2026-06-03
593;549744378;;;4500015521;Delivered;Delivered;2026-04-09;Truckload;Truckload (Dry);2026-04-09;Tessy Plastics;Menasha (NJ);1,905.06;T6244762;;;9050013404;2026-04-10
594;542988632;;;4500014661;Delivered;Delivered;2026-02-06;Truckload;Truckload (Dry);2026-02-06;CG LABS;Fosdick CT;1,591.50;T6309863;;;;2026-02-09
595;538306291;;;4500013336;Delivered;Delivered;2025-12-18;LTL;LTL (Dry);2025-12-18;PLZ MISSISSAUGA PERSONAL CARE;Fosdick NV;1,708.74;T2295160;;;;2026-01-09
596;556549772;4500017551;true;4500017551;In Transit;Picked Up;2026-06-09;LTL;LTL (Dry);2026-06-09;PLZ MISSISSAUGA PERSONAL CARE;Fosdick CT;1,198.30;T2295160;;;;
597;546051749;;;4500013372;Delivered;Delivered;2026-03-06;Truckload;Truckload (Dry);2026-03-06;PLZ MISSISSAUGA PERSONAL CARE;RJW - Joliet;1,768.68;T5367156;;;;2026-03-10
598;555349508;4500016978;true;4500016978;In Transit;Picked Up;2026-06-15;LTL;LTL (Dry);2026-06-15;Acorn;Legacy IN;723.22;T2197553;;;6360007701;
599;541031245;;;4500015525;Delivered;Delivered;2026-01-16;Truckload;Truckload (Dry);2026-01-16;Menasha Packaging Company;RJW - Joliet;1,957.28;T6086982;;;"9050099301; 9050125612; 9050099402";2026-01-18
600;553650073;4500017187;true;4500017187;Delivered;Delivered;2026-05-15;Truckload;Truckload (Dry);2026-05-15;Fosdick Outbound;Legacy (IN);3,168.36;T5235958;;;"9050011001; 9050033801; 9050034001; 9050093501";2026-05-18
601;550460967;;;4500014945,4500014946;Delivered;Delivered;2026-04-16;Truckload;Truckload (Dry);2026-04-16;KDC-Knowlton;RJW - Joliet;3,443.01;T6180312;;;"9050092902; 9050093102";2026-04-20
602;552193614;;;4500015199;Delivered;Delivered;2026-05-04;Truckload;Truckload (Dry);2026-05-04;Orlandi Inc.;Legacy IN;2,369.43;T6307198;;;"9050115801; 9050115701; 9050115901";2026-05-06
603;552564154;;;4500015916/16289/16347/16289/16285/16287;Delivered;Delivered;2026-05-06;Truckload;Truckload (Dry);2026-05-06;FM Howell;RJW - Joliet;2,693.34;T6227657;;;9050068701;2026-05-07
604;549976902;;;4500016674;Delivered;Delivered;2026-04-13;LTL;LTL (Dry);2026-04-10;Legacy (IN);RJW - Joliet;260.23;T2197553;;;;2026-04-15
605;546692509;;;4500016245  -B,4500016245;Delivered;Delivered;2026-03-17;LTL;LTL (Dry);2026-03-17;RJW - Joliet;Fosdick;519.24;T2359780;;;;2026-03-23
606;541786247;;;4500015597 & 4500013740;Delivered;Delivered;2026-01-27;Truckload;Truckload (Dry);2026-01-27;Menasha Packaging Company;RJW - Joliet;1,986.88;T4878091;;;"9050088702; 9050068002; 9050088704";2026-01-28
607;544988097;;;4500015997;Delivered;Delivered;2026-02-24;LTL;LTL (Dry);2026-02-24;Legacy (IN);Fosdick;263.10;T8154;;;9050038404;2026-02-26
608;546425697;;;4500014468;Delivered;Delivered;2026-03-10;Truckload;Truckload (Dry);2026-03-10;KDC Chemaid;Menasha (NJ);703.38;T6174375;;;9050033801;2026-03-10
609;553136847;;;4500013295;Delivered;Delivered;2026-05-13;Intermodal;Intermodal (Dry);2026-05-13;Beauty Manufacturing Solutions Corp;RJW - Joliet;;T5613;;;9050092202;
610;543760446;;;4500014335;Delivered;Delivered;2026-02-17;LTL;LTL (Dry);2026-02-17;Beauty Manufacturing Solutions Corp;Legacy (IN);561.79;T4446427;;;9050097001;2026-02-24
611;540377468;;;4500014147;Delivered;Delivered;2026-01-08;LTL;LTL (Dry);2026-01-08;DMI Corporation;Fodick Corp;254.77;T1934631;;;;2026-01-09
612;555320576;4500017469;true;4500017469;Delivered;Delivered;2026-06-01;Truckload;Truckload (Dry);2026-06-01;Menasha Packaging Company;RJW - Joliet;2,028.90;T4429951;;;"9050121901; 9050088704; 9050099305; 9050068801";2026-06-04
613;549372992;;;4500016595 / 4500016626 -B,4500016595 / 4500016626;Delivered;Delivered;2026-04-07;LTL;LTL (Dry);2026-04-07;RJW - Joliet;Fosdick (CT);688.01;T2295160;;;;2026-04-10
614;545575418;;;4500013996;Delivered;Delivered;2026-03-04;Truckload;Truckload (Dry);2026-03-04;KDC Chemaid;RJW - Joliet;1,596.40;T4429951;;;9050096801;2026-03-06
615;548341795;;;202175145;Delivered;Delivered;2026-01-27;LTL;LTL (Dry);2026-01-27;Menasha (York Facility);RJW IL2;333.23;T2197553;;;;2026-03-26
616;543868090;;;4500015593;Delivered;Delivered;2026-02-13;Truckload;Truckload (Dry);2026-02-13;Fosdick Outbound;Legacy (IN);2,635.33;T4332253;;;"9050092301; 9050085701; 9050033901; 9050092401; 9050093001; 9050089301; 9050091701; 9050093401; 9050091901";2026-02-16
617;555493682;4500016732;true;4500016732, 4500016765;Delivered;Delivered;2026-06-02;Truckload;Truckload (Dry);2026-06-02;FM Howell;RJW - Joliet;2,386.93;T6256330;;;9050068701;2026-06-03
618;555302628;;;4500015244-4500015240-4500015241;Delivered;Delivered;2026-05-29;Truckload;Truckload (Dry);2026-05-29;KDC-Knowlton;RJW - Joliet;3,413.16;T6180312;;;"9050093202; 9050093302; 9050093102";2026-06-02
619;538549656;;;4500015213;Delivered;Delivered;2025-12-23;Truckload;Truckload (Dry);2025-12-23;Legacy (IN);Harry's, INC. C/O Fosdick Fulfillment;5,709.14;T5380188;;;"9050013402; 9050097701; 9050101001";2025-12-29
620;539264568;;;4500014787;Delivered;Delivered;2025-12-29;Truckload;Truckload (Dry);2025-12-29;Tessy Plastics;Menasha (NJ);1,475.90;T6006912;;;9050013404;2025-12-29
621;538709371;;;P2511-080-256007;Delivered;Delivered;2025-12-23;Truckload;Truckload (Dry);2025-12-23;RJW Group;H.E.Butt Grocery Company;3,816.91;T6265969;;;;2025-12-29
622;540898578;;;GFDonation121825-7101;Delivered;Delivered;2026-01-20;LTL;LTL (Dry);2026-01-22;RJW - Joliet;The River Fund c/o Good+Foundation;825.43;T4446427;;;;2026-01-28
623;543782227;;;4500015754;Delivered;Delivered;2026-02-13;Truckload;Truckload (Dry);2026-02-13;Packaging Corporation of America;Fosdick;3,012.18;T5159496;;;6360035601;2026-02-16
624;545394509;;;4500015245, 4500015246;Delivered;Delivered;2026-02-27;Truckload;Truckload (Dry);2026-02-27;FM Howell;RJW - Joliet;2,289.47;T5305814;;;;2026-03-03
625;541074510;;;4500015413;Delivered;Delivered;2026-01-15;LTL;LTL (Dry);2026-01-15;Menasha CA;Harry's, INC. C/O Fosdick Fulfillment;958.24;T4446427;;;"9080013404; 9050092201";2026-01-19
626;547584528;;;4500016322;Delivered;Delivered;2026-03-20;LTL;LTL (Dry);2026-03-20;Legacy (IN);Westrock IL;302.65;T2197553;;;9200003702;2026-03-23
627;540902405;;;4500014781;Delivered;Delivered;2026-01-21;Truckload;Truckload (Dry);2026-01-21;Packaging Corporation of America;Fosdick;886.22;T6300639;;;6360035201;2026-01-22
628;546854254;;;4500016270;Delivered;Delivered;2026-03-13;Truckload;Truckload (Dry);2026-03-13;Menasha Packaging Company;RJW - Joliet;2,297.57;T1004802;;;"9050099305; 9050114212; 9050099401; 9050088706";2026-03-16
629;544683677;;;4500014325;Delivered;Delivered;2026-02-20;Truckload;Truckload (Dry);2026-02-20;KDC One;RJW - Joliet;1,346.10;T5178969;;;9050091702;2026-02-23
630;556573129;;;4500014944, 4500015314;Delivered;Delivered;2026-06-10;Truckload;Truckload (Dry);2026-06-10;KDC One;RJW - Joliet;1,769.96;T6230087;;;"9050124901; 9050091602";2026-06-11
631;543352679;;;4500015835;Delivered;Delivered;2026-02-10;Truckload;Truckload (Dry);2026-02-11;RJW - Joliet;Legacy IN;1,374.55;T6149039;;;;2026-02-11
632;540148354;;;4500014597, 4500014912;Delivered;Delivered;2026-01-08;Truckload;Truckload (Dry);2026-01-08;FM Howell;RJW - Joliet;1,978.35;T3819636;;;;2026-01-09
633;552307558;;;4500017107;Delivered;Delivered;2026-05-06;LTL;LTL (Dry);2026-05-07;RJW - Joliet;Fosdick Inbound;843.01;T2359780;;;;2026-05-13
634;550482534;;;4500014836;Delivered;Delivered;2026-04-17;LTL;LTL (Dry);2026-04-17;KDC One;Harry's, INC. C/O Fosdick Fulfillment;1,008.67;T2197553;;;9050091802;2026-04-29
635;546899202;;;4500014817, 4500014908;Delivered;Delivered;2026-03-13;Truckload;Truckload (Dry);2026-03-13;CG LABS;Legacy (IN);1,574.88;T5291608;;;;2026-03-17
636;552619434;;;4500017120;Delivered;Delivered;2026-05-06;Truckload;Truckload (Dry);2026-05-06;Menasha Packaging Company;RJW - Joliet;2,090.74;T6062773;;;"9050121901; 9050089901; 9050125612; 9050110202; 9050099401";2026-05-08
637;546415366;;;4500013372;Delivered;Delivered;2026-03-10;Truckload;Truckload (Dry);2026-03-10;PLZ MISSISSAUGA PERSONAL CARE;RJW - Joliet;1,820.68;T6213307;;;;2026-03-12
638;548824977;;;9138857214;Delivered;Delivered;2026-03-31;LTL;LTL (Dry);2026-03-31;Menasha Packaging Company;SAMS DC 8231;185.76;T1934631;;;9150206110;2026-04-02
639;550512576;;;4500014917;Delivered;Delivered;2026-04-16;LTL;LTL (Dry);2026-04-16;CG Labs;Legacy;1,131.21;T4446427;;;9050109701;2026-04-22
640;554408279;;;4500014331;Delivered;Delivered;2026-05-26;Intermodal;Intermodal (Dry);2026-05-26;Beauty Manufacturing Solutions Corp;RJW - Joliet;;T128572;;;9050092302;
641;550770166;;;4500016737;Delivered;Delivered;2026-04-20;Truckload;Truckload (Dry);2026-04-20;Menasha Packaging Company;RJW - Joliet;1,772.87;T6095776;;;"9050099305; 9050110201; 9050125612; 9050099301; 9050099306";2026-04-22
642;553507448;;;4500013295;Delivered;Delivered;2026-05-15;Intermodal;Intermodal (Dry);2026-05-15;Beauty Manufacturing Solutions Corp;RJW - Joliet;2,344.19;T1641117;;;9050092202;2026-05-22
643;547651289;;;4500015778, 4500015776;Delivered;Delivered;2026-03-20;LTL;LTL (Dry);2026-03-20;Westfall-Technik;Twin Health, Inc;626.58;T2197553;;;;2026-03-24
644;546051625;;;4500014331;Delivered;Delivered;2026-03-11;Truckload;Truckload (Dry);2026-03-11;Beauty Manufacturing Solutions Corp;Legacy (IN);2,378.95;T6024034;;;9050092302;2026-03-12
645;547213084;;;4500014941;Delivered;Delivered;2026-03-19;Truckload;Truckload (Dry);2026-03-19;KDC One;Legacy IN;643.26;T2244688;;;9050091602;2026-03-24
646;544981731;;;4500015998;Delivered;Delivered;2026-02-25;LTL;LTL (Dry);2026-02-25;Legacy (IN);Fosdick Fulfillment;1,800.17;T4446427;;;"9050091802; 9050097701";2026-03-04
647;543211714;;;4500013374;Delivered;Delivered;2026-02-09;Truckload;Truckload (Dry);2026-02-09;PLZ MISSISSAUGA PERSONAL CARE;RJW - Joliet;2,196.00;T5338852;;;;2026-02-10
648;557007153;;;0527CT_G+FDonation;In Transit;Picked Up;2026-06-12;LTL;LTL (Dry);2026-06-12;Fosdick;Good+Foundation;520.75;T4446427;;;;
649;556831697;;;4500015317;Delivered;Delivered;2026-06-11;Truckload;Truckload (Dry);2026-06-11;KDC One;RJW - Joliet;1,948.85;T1696181;;;9050091702;
650;544495954;;;4500014426,4500014428;Delivered;Delivered;2026-02-20;Truckload;Truckload (Dry);2026-02-20;KDC-Knowlton;RJW - Joliet;4,147.07;T6189012;;;"9050092902; 9050093102";2026-02-23
651;548676521;;;1734124661,1734124661 -B;Delivered;Delivered;2026-03-31;LTL;LTL (Dry);2026-03-31;Menasha Packaging Company;Sams Club;315.16;T2295160;;;9150206110;2026-04-06
652;546050380;;;4500014324;Delivered;Delivered;2026-03-06;Truckload;Truckload (Dry);2026-03-06;KDC One;RJW - Joliet;1,023.72;T5246877;;;9050091602;2026-03-09
653;556285662;;;4500015684;Delivered;Delivered;2026-06-08;Truckload;Truckload (Dry);2026-06-08;KDC-Knowlton;RJW - Joliet;3,368.68;T6180312;;;9050092902;2026-06-11
654;548128728;;;4500016513;Delivered;Delivered;2026-03-31;Truckload;Truckload (Dry);2026-03-31;RJW - Joliet;Legacy;1,601.43;T4385591;;;;2026-04-01
655;543390988;;;4500015627;Delivered;Delivered;2026-02-06;LTL;LTL (Dry);2026-02-06;Fosdick Outbound;RJW - Joliet;262.23;T8154;;08670198;9050085901;2026-02-12
656;542491826;;;4500014096-IL;Delivered;Delivered;2026-01-29;LTL;LTL (Dry);2026-01-29;OXYGEN DEVELOPMENT MAIN WAREHOUSE;RJW - Joliet;258.41;T8154;;;9050097301;2026-02-04
657;546392055;;;4500016204;Delivered;Delivered;2026-03-11;Truckload;Truckload (Dry);2026-03-11;Fosdick Outbound;Fosdick Fulfillment;5,717.84;T6242692;;;"9050033505; 9050096401; 9050115701; 9050121901; 9050013404";2026-03-18
658;544766328;;;4500013331;Delivered;Delivered;2026-02-23;Truckload;Truckload (Dry);2026-02-23;AEROFIL;RJWIL;1,657.70;T5247684;;;;2026-02-27
659;550596799;;;4500014836;Delivered;Delivered;2026-04-17;Truckload;Truckload (Dry);2026-04-17;KDC One;RJW - Joliet;1,204.13;T5363;;;9050091802;2026-04-18
660;541757186;;;4500013864,4500013430;Delivered;Delivered;2026-01-22;Truckload;Truckload (Dry);2026-01-22;KDC-Knowlton;RJW - Joliet;3,088.23;T6246931;0;;"9050093202; 9050092902";2026-01-30
661;556811874;;;4500015312;In Transit;Picked Up;2026-06-15;LTL;LTL (Dry);2026-06-15;KDC One;Fosdick (CT);488.23;T1934631;;;9050092702;
662;543980556;;;4500015199;Delivered;Delivered;2026-02-13;LTL;LTL (Dry);2026-02-13;Orlandi Inc.;Fosdick Fulfillment;524.71;T2197553;;;9050115901;2026-02-23
663;548052516;;;4500016506;Delivered;Delivered;2026-03-25;Truckload;Truckload (Dry);2026-03-25;Legacy (IN);RJW - Joliet;854.50;T5350638;;;;2026-03-25
664;541639651;;;4500014920, 4500014914, 4500014910;Delivered;Delivered;2026-01-23;Truckload;Truckload (Dry);2026-01-23;FM Howell;RJW - Joliet;1,784.50;T6240725;;;9050068701;2026-01-24
665;551068367;;;4500016089 / 4500016090;Delivered;Delivered;2026-04-21;LTL;LTL (Dry);2026-04-22;Twincraft;Fosdick NV;1,408.08;T4446427;;;"9050107202; 9050107402";2026-04-30
666;555790132;;;4500017510;Carrier Booked;Checked In;2026-06-08;LTL;LTL (Dry);;Legacy (IN);Fosdick;223.91;T2197553;;;9050038405;
667;555183746;;;4500016288, 4500016286;Delivered;Delivered;2026-06-01;Truckload;Truckload (Dry);2026-06-01;FM Howell;RJW - Joliet;1,872.34;T5365207;;;;2026-06-02
668;550260135;;;4500015148;Delivered;Delivered;2026-04-17;Truckload;Truckload (Dry);2026-04-17;KDC Chemaid;RJW - Joliet;1,758.14;T6004148;;;9050096402;2026-04-20
669;541984645;;;4500014028;Delivered;Delivered;2026-01-26;LTL;LTL (Dry);2026-01-26;PLZ MISSISSAUGA PERSONAL CARE;RJW IL2;1,306.63;T2295160;;;;2026-01-29
670;550176698;;;4500014992 - 1;Delivered;Delivered;2026-04-15;LTL;LTL (Dry);2026-04-15;APEX SHAKOPEE;Legacy IN;608.05;T2359780;;;;2026-04-20
671;545057462;;;4500015256;Delivered;Delivered;2026-02-25;Truckload;Truckload (Dry);2026-02-25;AEROFIL;RJWIL;1,433.30;T6072510;;;;2026-03-04
672;547897661;;;4500016505;Delivered;Delivered;2026-03-23;Truckload;Truckload (Dry);2026-03-23;Westrock IL;RJW - Joliet;582.26;T5236727;;;;2026-03-24
673;538290268;;;4500013444, 4500012724, 4500012084;Delivered;Delivered;2025-12-19;Truckload;Truckload (Dry);2025-12-19;KDC One;RJW - Joliet;1,154.01;T482;;;"9050091902; 9050091701";2025-12-22
674;547155569;;;4500014838;Delivered;Delivered;2026-03-18;Truckload;Truckload (Dry);2026-03-19;KDC One;RJW - Joliet;994.97;T6017444;;;9050124901;2026-03-19
675;542859535;;;4500014087;Delivered;Delivered;2026-02-05;LTL;LTL (Dry);2026-02-05;KDC One;Fosdick (CT);500.91;T1934631;;;9050091602;2026-02-09
676;551742562;;;4500016282;Delivered;Delivered;2026-04-29;Truckload;Truckload (Dry);2026-04-29;PCA Landisville;Fosdick CT;2,250.46;T3323405;;;6360035301;2026-04-30
677;539304825;;;4500015401;Delivered;Delivered;2025-12-29;Truckload;Truckload (Dry);2025-12-29;Menasha Packaging Company;RJW - Joliet;2,325.97;T6027220;;;"9050121901; 9050089904; 9050099304; 9050082601; 9050068801";2025-12-30
678;541732879;;;4500014090;Delivered;Delivered;2026-01-23;Truckload;Truckload (Dry);2026-01-23;KDC One;Legacy IN;934.61;T2244688;;;9050089602;2026-01-27
679;543843239;;;4500014820;Delivered;Delivered;2026-02-11;LTL;LTL (Dry);2026-02-11;SMITH AND VANDIVER CORP;PREMIER PACKING - LUME DEODORANT;674.00;T2197553;;;;2026-02-17
680;556573804;;;4500015314;Delivered;Delivered;2026-06-11;Truckload;Truckload (Dry);2026-06-11;KDC One;RJW - Joliet;1,558.46;T5183656;;;9050091602;2026-06-12
681;553794502;;;4500013295;Delivered;Delivered;2026-05-27;Intermodal;Intermodal (Dry);2026-05-27;Beauty Manufacturing Solutions Corp;RJW - Joliet;;T6057752;;;9050092202;
682;554408592;;;4500014331;Delivered;Delivered;2026-05-26;Intermodal;Intermodal (Dry);2026-05-26;Beauty Manufacturing Solutions Corp;RJW - Joliet;;T295993;;;9050092302;
683;555689307;;;4500017489;Delivered;Delivered;2026-06-05;Truckload;Truckload (Dry);2026-06-05;Legacy (IN);RJW - Joliet;1,519.43;T4150604;;;9050067905;2026-06-06
684;545257510;;;4500015349,4500015349 -B;Delivered;Delivered;2026-02-26;LTL;LTL (Dry);2026-02-26;Westfall-Technik;Fosdick;581.23;T8154;;;;2026-03-02
685;550771745;;;4500014945;Delivered;Delivered;2026-04-20;Truckload;Truckload (Dry);2026-04-21;KDC-Knowlton;RJW - Joliet;3,286.74;T6180312;;;9050092902;2026-04-22
686;544063151;;;4500015348;Delivered;Delivered;2026-02-13;Truckload;Truckload (Dry);2026-02-13;Westfall-Technik;Fosdick;1,500.00;T5301354;;;;2026-02-16
687;541917420;;;4500014332;Delivered;Delivered;2026-01-28;Truckload;Truckload (Dry);2026-01-28;Beauty Manufacturing Solutions Corp;RJW - Joliet;2,076.12;T4140258;;;9050092202;2026-01-30
688;546189491;;;4500016228;Delivered;Delivered;2026-03-09;Truckload;Truckload (Dry);2026-03-09;Menasha Packaging Company;RJW - Joliet;1,596.82;T5160094;;;"9050089902; 9050099302; 9050089901; 9050099301; 9050099304; 9050088702";2026-03-12
689;554147934;;;4500014197;Delivered;Delivered;2026-05-21;LTL;LTL (Dry);2026-05-21;Westfall-Technik;Menasha (NJ);267.24;T4446427;;;;2026-05-26
690;554234442;;;4500017288;Delivered;Delivered;2026-05-20;LTL;LTL (Dry);2026-05-20;Fosdick Outbound;Legacy (IN);422.05;T4446427;;;9050096501;2026-05-26
691;550662909;;;4500016280;Delivered;Delivered;2026-04-21;Truckload;Truckload (Dry);2026-04-21;Packaging Corporation of America;Fosdick CT;1,395.15;T1962051;;;6360035201;2026-04-22
692;543005972;;;4500015729;Delivered;Delivered;2026-02-06;Truckload;Truckload (Dry);2026-02-06;Legacy (IN);Fosdick;4,744.36;T6257350;;;"6360030501; 9050038401; 9050091802; 9050096701";2026-02-09
693;556088932;;;4500017502;Delivered;Delivered;2026-06-04;Truckload;Truckload (Dry);2026-06-04;Legacy (IN);FM Howell;3,046.45;T5264244;;;9200000201;2026-06-05
694;548351604;;;4500013295;Delivered;Delivered;2026-03-30;Intermodal;Intermodal (Dry);2026-03-30;Beauty Manufacturing Solutions Corp;Legacy;2,755.97;T6057752;;;9050092202;2026-04-03
695;547352964;;;4500016321;Delivered;Delivered;2026-03-20;Truckload;Truckload (Dry);2026-03-20;RJW - Joliet;Legacy;1,070.36;T5363;;380269721814;;2026-03-23
696;547455364;;;4500016318;Delivered;Delivered;2026-03-19;LTL;LTL (Dry);2026-03-19;Fosdick Outbound;Westrock IL;403.09;T4384804;;;9050109501;2026-03-24
697;555780908;4500016759;true;4500016759-10;Delivered;Delivered;2026-06-02;LTL;LTL (Dry);2026-06-02;Packaging Corporation of America;Fosdick;591.79;T1934631;;;6360041001;2026-06-03
698;556702864;4500015808;true;4500015808;In Transit;Picked Up;2026-06-11;LTL;LTL (Dry);2026-06-11;Beauty Manufacturing Solutions Corp;Fosdick Inbound;1,040.63;T2197553;;;9050141501;
699;543558422;;;4500015850;Delivered;Delivered;2026-02-11;Truckload;Truckload (Dry);2026-02-11;Menasha Packaging Company;RJW - Joliet;2,122.58;T6095776;;;9050089901;2026-02-13
700;552768753;;;4500017139;In Transit;Picked Up;2026-05-08;Truckload;Truckload (Dry);2026-05-08;Legacy;RJW - Joliet;1,207.80;T5327608;;;"9050092402; 9050013404; 9050089602; 9050093102";2026-05-11
701;548824157;;;1084224203;Delivered;Delivered;2026-04-01;LTL;LTL (Dry);2026-04-01;Menasha Packaging Company;SAMS CLUB;2,256.50;T2197553;;;9150206110;2026-04-07
702;544494645;;;4500012713;Delivered;Delivered;2026-02-24;LTL;LTL (Dry);2026-02-24;Beauty Manufacturing Solutions Corp;Fosdick Fulfillment;780.87;T2197553;;;"9050098401; 9050098301";2026-02-27
703;543847341;;;4500015876;Delivered;Delivered;2026-02-16;Truckload;Truckload (Dry);2026-02-16;Menasha Packaging Company;RJW - Joliet;2,098.29;T3067016;;;9050089901;2026-02-18
704;545451189;;;4500016001;Delivered;Delivered;2026-03-02;LTL;LTL (Dry);2026-03-02;Fosdick Outbound;RJW - Joliet;398.79;T4384804;;;9050111101;2026-03-06
705;547752851;;;4500015596, 4500015567;Delivered;Delivered;2026-03-24;Truckload;Truckload (Dry);2026-03-24;FM Howell;RJW - Joliet;2,274.59;T5342509;;;9050068701;2026-03-25
706;553507745;;;4500013295;Delivered;Delivered;2026-05-19;Intermodal;Intermodal (Dry);2026-05-19;Beauty Manufacturing Solutions Corp;RJW - Joliet;2,384.57;T5613;;;9050092202;2026-05-28
707;547638046;;;4500016317;Delivered;Delivered;2026-03-24;Truckload;Truckload (Dry);2026-03-24;Fosdick Outbound;Legacy (IN);2,649.90;T6244891;;;"9050033801; 9050028901; 9050101001; 9050115801";2026-03-26
708;552110466;;;4500015916, 4500015918;Delivered;Delivered;2026-05-01;Truckload;Truckload (Dry);2026-05-01;FM Howell;RJW - Joliet;2,551.47;T6150580;;;;2026-05-03
709;538441162;;;4500014190;Delivered;Delivered;2025-12-18;LTL;LTL (Dry);2025-12-18;Westfall Technik, LLC;Fosdick Inbound;523.48;T2295160;983820637;;;2025-12-23
710;538543871;;;4500015253;Delivered;Delivered;2025-12-19;Truckload;Truckload (Dry);2025-12-19;Menasha Packaging Company;RJW - Joliet;2,000.19;T3276695;;;;2025-12-23
711;541433867;;;4500014189, 4500014829, 4500014828;Delivered;Delivered;2026-01-19;LTL;LTL (Dry);2026-01-19;Westfall-Technik;Fosdick;907.93;T4446427;;;9050103104;2026-01-23
712;543981942;;;4500015887;Delivered;Delivered;2026-02-16;Truckload;Truckload (Dry);2026-02-16;Menasha Packaging Company;RJW - Joliet;2,460.01;T3974791;;;"9050125612; 9050089902";2026-02-18
713;545697531;;;4500015261;Delivered;Delivered;2026-03-03;Truckload;Truckload (Dry);2026-03-03;PLZ MISSISSAUGA PERSONAL CARE;Fosdick CT;2,990.18;T6271457;;;;2026-03-04
714;557007366;4500015524;true;4500015524;Delivered;Delivered;2026-06-12;Truckload;Truckload (Dry);2026-06-12;KDC Chemaid;RJW IL2;2,202.42;T5305814;;;9050092302;
715;550766182;;;4500016703;Delivered;Delivered;2026-04-21;LTL;LTL (Dry);2026-04-21;Fosdick Outbound;Fosdick Fulfillment;2,925.45;T4446427;;;"9050013404; 6360040901";2026-04-28
716;548528078;;;4500014838;Delivered;Delivered;2026-03-31;Truckload;Truckload (Dry);2026-03-31;KDC One;RJW - Joliet;1,505.44;T6144700;;;9050124901;2026-04-01
717;554752285;;;4500017290, 4500017334;Delivered;Delivered;2026-05-26;Truckload;Truckload (Dry);2026-05-26;RJW - Joliet;Legacy IN;1,622.42;T6266040;;;;2026-05-27
718;543979856;;;4500015199;Delivered;Delivered;2026-02-13;LTL;LTL (Dry);2026-02-13;Orlandi Inc.;Fosdick;371.05;T2359780;;;9050115901;2026-02-17
719;549873540;;;4500015350, 4500015780,4500016165;Delivered;Delivered;2026-04-10;LTL;LTL (Dry);2026-04-09;Westfall-Technik;Legacy IN;338.01;T2295160;;;9050144704;2026-04-14
720;540328742;;;4500014091;Delivered;Delivered;2026-01-08;Truckload;Truckload (Dry);2026-01-08;KDC One;RJW - Joliet;1,242.42;T4926643;;;9050089502;2026-01-09
721;552742548;;;4500017140;Delivered;Delivered;2026-05-12;LTL;LTL (Dry);2026-05-12;RJW - Joliet;Fosdick Inbound;854.41;T4446427;;;;2026-05-14
722;550470854;;;4500016284;Delivered;Delivered;2026-04-17;Truckload;Truckload (Dry);2026-04-17;International Paper;Fosdick Outbound;1,377.87;T4750043;;;"6120007301; 6120007201";2026-04-20
723;553507510;;;4500013295;Delivered;Delivered;2026-05-19;Intermodal;Intermodal (Dry);2026-05-20;Beauty Manufacturing Solutions Corp;RJW - Joliet;2,267.22;T6057752;;;9050092202;2026-05-28
724;555982791;;;4500015779;Delivered;Delivered;2026-06-03;Truckload;Truckload (Dry);2026-06-04;Westfall-Technik;Legacy (IN);750.00;T6241387;;;9050099802;
725;554135210;;;4500017266;Delivered;Delivered;2026-05-20;LTL;LTL (Dry);2026-05-20;Fosdick Outbound;RJW - Joliet;329.66;T4446427;;;9050132501;2026-05-22
726;548771288;;;4500014939, 4500014941;Delivered;Delivered;2026-04-01;Truckload;Truckload (Dry);2026-04-01;KDC One;Legacy IN;1,435.99;T5194942;;;"9050091602; 9050091702";2026-04-07
727;541317575;;;4500014978, 4500014768;Delivered;Delivered;2026-01-20;Truckload;Truckload (Dry);2026-01-20;KDC Chemaid;Fosdick;947.31;T2964781;;;"9050130501; 9050100901";2026-01-20
728;544892679;;;4500016002;Delivered;Delivered;2026-02-25;Truckload;Truckload (Dry);2026-02-25;RJW - Joliet;Fosdick;3,170.57;T2076049;;;;2026-02-27
729;544425362;;;4500014115;Delivered;Delivered;2026-02-18;Truckload;Truckload (Dry);2026-02-18;KDC One;RJW - Joliet;1,394.02;T6295933;;;"9050091702; 9050089502; 9050092502";2026-02-19
730;544690117;;;4500014426,4500014428;Delivered;Delivered;2026-02-20;Truckload;Truckload (Dry);2026-02-20;KDC-Knowlton;RJW - Joliet;4,792.01;T6180312;;;"9050092902; 9050093102";2026-02-26
731;544840190;;;4500015245, 4500015306;Delivered;Delivered;2026-02-23;Truckload;Truckload (Dry);2026-02-23;FM Howell;RJW - Joliet;2,239.40;T5334460;;;9050068701;2026-02-24
732;538898828;;;GFDonation121825-1712;Delivered;Delivered;2025-12-22;LTL;LTL (Dry);2025-12-22;Fosdick Fulfillment;The River Fund c/o Good+Foundation;752.76;T4446427;;;;2026-01-02
733;551244208;;;4500014626;Delivered;Delivered;2026-04-24;Truckload;Truckload (Dry);2026-04-24;PLZ MISSISSAUGA PERSONAL CARE;RJW IL2;1,993.10;T5367156;;;;2026-05-06
734;544420712;;;100ml-Cologne-LT-2026-NYC;Delivered;Delivered;2026-02-19;LTL;LTL (Dry);2026-02-18;Orlandi Inc.;Harry's;290.94;T2359780;;;;2026-02-20
735;549964689;;;0325LEG_G+FDonation;Delivered;Delivered;2026-04-13;LTL;LTL (Dry);2026-04-10;Legacy;The River Fund c/o: Good+Foundation;305.84;T2359780;;;;2026-04-28
736;545539836;;;4500012442;Delivered;Delivered;2026-03-02;LTL;LTL (Dry);2026-03-02;Orlandi Inc.;Fosdick Fulfillment;255.29;T2359780;;;;2026-03-16
737;541917519;;;4500014332;Delivered;Delivered;2026-01-27;Truckload;Truckload (Dry);2026-01-27;Beauty Manufacturing Solutions Corp;RJW - Joliet;3,218.10;T5312482;;;9050092202;2026-01-29
738;540580455;;;4500013429;Delivered;Delivered;2026-01-12;LTL;LTL (Dry);2026-01-12;KDC-Knowlton;Fosdick (CT);639.50;T2295160;;;9050093302;2026-01-19
739;555493538;;;4500017470;Delivered;Delivered;2026-06-02;Truckload;Truckload (Dry);2026-06-02;Menasha Packaging Company;RJW - Joliet;2,076.92;T4737147;;;"9050099402; 9050089903";2026-06-04
740;549013592;;;4500014664;Delivered;Delivered;2026-04-02;LTL;LTL (Dry);2026-04-02;Beauty Manufacturing Solutions Corp;Fosdick (CT);424.06;T2197553;;;9050112901;2026-04-08
741;542932583;;;4500014121;Delivered;Delivered;2026-02-04;Truckload;Truckload (Dry);2026-02-04;KDC One;RJW - Joliet;1,210.21;T3276695;;;9050091602;2026-02-05
742;541434185;;;4500014196, 4500014199;Delivered;Delivered;2026-01-19;LTL;LTL (Dry);2026-01-19;Westfall-Technik;Menasha (NJ);290.51;T4446427;;;;2026-01-22
743;555951404;;;0528RJWRiverFund;Delivered;Delivered;2026-06-09;LTL;LTL (Dry);2026-06-09;RJW - Joliet;The River Fund c/o: Good+Foundation;930.60;T4446427;;;;
744;555767392;4500015463;true;4500015463;Delivered;Delivered;2026-06-05;Truckload;Truckload (Dry);2026-06-05;KDC Chemaid;RJW IL2;1,977.29;T285583;;;9050096801;2026-06-09
745;539682883;;;4500015410;Delivered;Delivered;2026-01-02;Truckload;Truckload (Dry);2026-01-02;Menasha Packaging Company;RJW - Joliet;2,650.93;T2316864;;;9050092201;2026-01-08
746;544069131;;;4500014468;Delivered;Delivered;2026-02-18;Truckload;Truckload (Dry);2026-02-18;KDC Chemaid;Menasha (NJ);704.72;T5271547;;;9050033801;2026-02-18
747;539304470;;;4500015367;Delivered;Delivered;2025-12-29;Truckload;Truckload (Dry);2025-12-29;Menasha Packaging Company;RJW - Joliet;2,702.97;T6240725;;;"9050121901; 9050089903";2025-12-31
748;544719235;;;4500016012;Delivered;Delivered;2026-02-20;Truckload;Truckload (Dry);2026-02-20;Menasha Packaging Company;RJW - Joliet;2,351.14;T6174400;;;"9050099303; 9050099402";2026-02-23
749;547195747;;;4500015785, 4500016164;Delivered;Delivered;2026-03-18;LTL;LTL (Dry);2026-03-18;Westfall-Technik;Legacy;289.19;T2295160;;;"9050126503; 9050099803";2026-03-19
750;544850382;;;4500015348;Delivered;Delivered;2026-02-23;LTL;LTL (Dry);2026-02-23;Westfall-Technik;Fosdick;302.83;T4446427;;;;2026-02-27
751;553591934;;;4500017192;Delivered;Delivered;2026-05-20;LTL;LTL (Dry);2026-05-27;RJW - Joliet;Fosdick Inbound;1,840.12;T4446427;;;;2026-06-03
752;538863076;;;4500013889, 4500011966;Delivered;Delivered;2025-12-29;Truckload;Truckload (Dry);2025-12-29;KDC One;RJW - Joliet;1,206.64;T6031123;;;"9050091602; 9050089601";2025-12-30
753;545849481;;;4500015245, 4500015247, 4500015571, 4500015306;In Transit;Unloading;2026-03-05;Truckload;Truckload (Dry);2026-03-05;FM Howell;RJW - Joliet;1,979.99;T4429951;;;9050068701;2026-03-06
754;542756727;;;4500013352;Delivered;Delivered;2026-02-05;Truckload;Truckload (Dry);2026-02-05;RJW - Joliet;FDA;3,056.59;T5236373;;;;2026-02-09
755;550270622;;;4500016706;Delivered;Delivered;2026-04-16;LTL;LTL (Dry);2026-04-16;Legacy (IN);Fosdick Inbound;673.16;T2197553;;;"6270001001; 9050038401; HPRB0269; 9050074101; 9050038402";2026-04-20
756;546763884;;;4500013372;Delivered;Delivered;2026-03-16;Truckload;Truckload (Dry);2026-03-16;PLZ MISSISSAUGA PERSONAL CARE;RJW - Joliet;2,066.53;T6161725;;;;2026-03-20
757;548127393;;;4500015567;Delivered;Delivered;2026-03-27;Truckload;Truckload (Dry);2026-03-27;FM Howell;RJW - Joliet;2,323.01;T5228887;;;;2026-03-30
758;550768513;;;4500015818;Delivered;Delivered;2026-04-20;Truckload;Truckload (Dry);2026-04-20;PaperFoam;Legacy IN;2,001.24;T5379242;;;;2026-04-22
759;544068633;;;4500014468;Delivered;Delivered;2026-02-17;Truckload;Truckload (Dry);2026-02-17;KDC Chemaid;Menasha (NJ);704.72;T6294110;;;9050033801;2026-02-18
760;553794246;;;4500013295;Delivered;Delivered;2026-05-21;Intermodal;Intermodal (Dry);2026-05-21;Beauty Manufacturing Solutions Corp;RJW - Joliet;1,931.75;T6057752;;;9050092202;2026-06-02
761;543761848;;;4500014335;Delivered;Delivered;2026-02-17;Truckload;Truckload (Dry);2026-02-18;Beauty Manufacturing Solutions Corp;Fosdick (CT);3,827.56;T6253615;;;9050097001;2026-03-16
762;545093124;;;4500014284;Delivered;Delivered;2026-02-24;LTL;LTL (Dry);2026-02-24;KDC-Knowlton;Fosdick Fulfillment;877.20;T2295160;;;9050093202;2026-03-03
763;557007260;4500015524;true;4500015524;Delivered;Delivered;2026-06-12;Truckload;Truckload (Dry);2026-06-12;KDC Chemaid;RJW IL2;2,765.69;T5274427;;;"9050092302; 9050096801";
764;543839490;;;4500015874;Delivered;Delivered;2026-02-16;LTL;LTL (Dry);2026-02-16;RJW - Joliet;Legacy IN;215.02;T102231;;;;2026-02-19
765;539998379;;;4500015422;Delivered;Delivered;2026-01-06;Truckload;Truckload (Dry);2026-01-06;Menasha Packaging Company;RJW - Joliet;2,081.29;T5195876;;;9050125612;2026-01-08
766;547956625;;;4500015567, 4500015570;Delivered;Delivered;2026-03-26;Truckload;Truckload (Dry);2026-03-26;FM Howell;RJW - Joliet;2,291.95;T5193621;;;;2026-03-27
767;549314476;;;4500014088;Carrier Booked;Checked In;2026-04-08;LTL;LTL (Dry);;KDC One;RJW - Joliet;347.20;T218939;;;9050091702;
768;550473270;;;4500016483;Delivered;Delivered;2026-04-16;LTL;LTL (Dry);2026-04-16;International Paper;Fosdick Fulfillment;1,306.65;T4446427;;;6120007101;2026-04-23
769;551707208;;;4500017025;Delivered;Delivered;2026-05-04;LTL;LTL (Dry);2026-05-01;RJW - Joliet;PCA;452.57;T4446427;;;;2026-05-05
770;544046607;;;4500015889 -B,4500015889;Delivered;Delivered;2026-02-18;LTL;LTL (Dry);2026-02-18;RJW - Joliet;Fosdick;881.24;T8154;;;;2026-02-20
771;541716846;;;4500014471;Delivered;Delivered;2026-01-23;LTL;LTL (Dry);2026-01-21;Silgan Distribution Center;Orlandi Inc.;149.87;T2197553;;;;2026-01-22
772;546897468;;;4500015834;Delivered;Delivered;2026-03-16;Truckload;Truckload (Dry);2026-03-16;Fosdick Outbound;Legacy (IN);1,603.92;T2767478;;;"HPRB0299; 9050034001; 9050096201; 9050079601; 9050089601; 9050076501";2026-03-18
773;550026056;;;4500016549;Carrier Booked;Checked In;2026-04-13;Truckload;Truckload (Dry);;Fosdick Fulfillment;Fosdick;;T6098593;;;;
774;543340117;;;4500013352;Ordered;Ordered;2026-02-10;Truckload;Truckload (Dry);;USCBP-DETROIT SERVICE PORT;RJW - Joliet;;;;;;
