delivery;item;item_category;created_by;time;created_on;material;material_group;plant;storage_location;delivery_quantity;base_unit_of_measure;actual_delivery_qty;item_description;reference_document;reference_item;movement_type;overall_status;item_1;billing_item;packing_item;picking_putaway_item;delivery_item;goods_mvt_item;goods_movement_status;shipping_point_receiving_pt;delivery_type;delivery_date;incoterms;changed_by;changed_on;bill_of_lading;supplier;document_date;act_goods_movement_date;external_delivery_id
180030493;10;ELN;BATCH_USER;22:30:34;2026-01-21;9050114301;1001;1711;171A;2;EA;2;H '25 PLUS SHAVE SET GREEN US WMT;4500015583;10;101;A;C;C;C;C;C;C;A;1711;EL;2026-01-21;EXW;;00:00:00;;1714;2026-01-21;;0080180482
180030502;10;ELN;FARKASB;16:30:25;2026-01-22;9050117603;6001;7814;178A;19104;EA;19104;LUME AP SPRAY 4.3 OZ CLEAN TANGERINE;4500015547;10;101;A;C;C;C;C;C;C;A;7814;EL;2026-01-15;DAP;;00:00:00;;7803;2026-01-22;;0080180594
180030559;10;ZELN;COLEYC;01:06:34;2026-01-26;6360044101;1;1711;171A;5000;EA;5000;H' SMALL SHIPPER 8X5X2, BR25;4500015492;10;109;C;C;C;C;C;C;C;C;1711;ZEL;2026-01-13;EXW;COLEYC;2026-01-26 00:00:00;;1000851;2026-01-13;2026-01-13;
180030879;10;ELN;COLEYC;19:18:29;2026-02-05;6360044101;1;1714;171A;2;EA;2;H' SMALL SHIPPER 8X5X2, BR25;4500015431;10;101;A;C;C;C;C;C;C;A;1714;EL;2026-01-09;EXW;;00:00:00;;1711;2026-02-05;;0080178028
180030879;20;ELN;COLEYC;19:18:29;2026-02-05;6360035302;1;1714;171A;2;EA;2;H' MEDIUM SHIPPER 9X5X2, BR25;4500015431;20;101;A;C;C;C;C;C;C;A;1714;EL;2026-01-09;EXW;;00:00:00;;1711;2026-02-05;;0080178028
180031214;10;ZELN;COLEYC;15:28:34;2026-02-20;9050103104;1001;1711;171A;20160;EA;20160;H '25 PLUS PILOT LINE REFILL 4CT US;4500015488;10;109;C;C;C;C;C;C;C;C;1711;ZEL;2026-02-10;;COLEYC;2026-02-20 00:00:00;;1012603;2026-02-10;2026-02-19;
180031344;10;ZELN;CHIUA;17:40:09;2026-02-25;6350067601;1;7101;171A;4050;EA;4050;OUTER CASE X 24, F' 8CT REFILL;4500015650;20;109;C;C;C;C;C;C;C;C;7101;ZEL;2026-02-24;EXW;CHIUA;2026-02-25 00:00:00;;1002282;2026-02-24;2026-02-24;
180031362;10;ZELN;COLEYC;21:17:56;2026-02-25;6360043401;1;1711;171A;47000;EA;47000;BAG, H' MYSTERY BAG, LARGE 2025;4500015538;20;109;C;C;C;C;C;C;C;C;1711;ZEL;2026-02-25;EXW;COLEYC;2026-03-02 00:00:00;544434900;1000017;2026-02-25;2026-02-27;
180031459;10;ZELN;CHIUA;20:27:24;2026-02-27;6350067501;1;7101;171A;24575;EA;24575;INNER CASE X 6, F' 8CT REFILL;4500015650;10;109;C;C;C;C;C;C;C;C;7101;ZEL;2026-02-25;EXW;CHIUA;2026-02-27 00:00:00;;1002282;2026-02-25;2026-02-25;
180031468;10;ELN;SAP_WFRT;02:31:41;2026-02-28;9050089902;1001;1722;171A;5004;EA;5004;H '26 PLUS PACK ONYX US RTL;4500015903;10;101;C;C;C;C;C;C;C;C;1722;EL;2026-02-27;DAP;CHIUA;2026-03-02 00:00:00;99999999;1003563;2026-02-27;2026-02-27;3026272
180031815;10;ZELN;CHIUA;14:48:57;2026-03-16;6350067301;1;7101;171A;42100;EA;42100;INNER CASE X 6, F' 4CT REFILL;4500015648;10;109;C;C;C;C;C;C;C;C;7101;ZEL;2026-03-14;EXW;CHIUA;2026-03-16 00:00:00;;1002282;2026-03-14;2026-03-14;
180031815;20;ZELN;CHIUA;14:48:57;2026-03-16;6350067401;1;7101;171A;7815;EA;7815;OUTER CASE X 36, F' 4CT REFILL;4500015648;20;109;C;C;C;C;C;C;C;C;7101;ZEL;2026-03-14;EXW;CHIUA;2026-03-16 00:00:00;;1002282;2026-03-14;2026-03-14;
180031984;10;ELN;CHIUA;17:00:54;2026-03-23;9050074101;2002;1711;171A;16848;EA;16848;F' FACE DEPILATORY 40ML;4500016320;10;101;C;C;C;C;C;C;C;C;1711;EL;2026-03-16;EXW;COLEYC;2026-03-27 00:00:00;547352211;7101;2026-03-23;2026-03-24;0080188122
180031984;20;ELN;CHIUA;17:00:54;2026-03-23;9050082501;1001;1711;171A;180;EA;180;F '23 REFILL 4CT CAN RTL;4500016320;20;101;C;C;C;C;C;C;C;C;1711;EL;2026-03-16;EXW;COLEYC;2026-03-27 00:00:00;547352211;7101;2026-03-23;2026-03-24;0080188122
180031984;30;ELN;CHIUA;17:00:54;2026-03-23;9050082601;1001;1711;171A;144;EA;144;F '23 REFILL 8CT CAN RTL;4500016320;30;101;C;C;C;C;C;C;C;C;1711;EL;2026-03-16;EXW;COLEYC;2026-03-27 00:00:00;547352211;7101;2026-03-23;2026-03-24;0080188122
180031984;40;ELN;CHIUA;17:00:54;2026-03-23;9050092502;3001;1711;171A;9240;EA;9240;H '26 2-IN-1 SHAMPOO ASPEN 14OZ US;4500016320;40;101;C;C;C;C;C;C;C;C;1711;EL;2026-03-16;EXW;COLEYC;2026-03-27 00:00:00;547352211;7101;2026-03-23;2026-03-24;0080188122
180031984;50;ELN;CHIUA;17:00:54;2026-03-23;9050098801;1003;1711;171A;150;EA;150;F '25 SHAVE GEL 6.7OZ CAN;4500016320;50;101;C;C;C;C;C;C;C;C;1711;EL;2026-03-16;EXW;COLEYC;2026-03-27 00:00:00;547352211;7101;2026-03-23;2026-03-24;0080188122
180031984;60;ELN;CHIUA;17:00:54;2026-03-23;9050108001;1001;1711;171A;180;EA;180;F '25 PUBIC RAZOR PACK CAN RTL;4500016320;60;101;A;C;C;C;C;C;C;A;1711;EL;2026-03-16;EXW;COLEYC;2026-03-27 00:00:00;547352211;7101;2026-03-23;2026-03-24;0080188122
180031984;70;ELN;CHIUA;17:00:54;2026-03-23;9050108101;1001;1711;171A;180;EA;180;F '25 PUBIC REFILL 4CT CAN RTL;4500016320;70;101;C;C;C;C;C;C;C;C;1711;EL;2026-03-16;EXW;COLEYC;2026-03-27 00:00:00;547352211;7101;2026-03-23;2026-03-24;0080188122
180031992;10;ELN;BATCH_USER;19:40:43;2026-03-23;9050089903;1001;7101;171A;7560;EA;7560;H '26 PLUS VALUE PK MOSS US RTL;4500016425;10;101;C;C;C;C;C;C;C;C;7101;EL;2026-03-19;DAP;CHIUA;2026-03-26 00:00:00;8127312594;1722;2026-03-23;2026-03-25;0080188651
180031992;20;ELN;BATCH_USER;19:40:43;2026-03-23;9050082601;1001;7101;171A;3840;EA;3840;F '23 REFILL 8CT CAN RTL;4500016425;20;101;C;C;C;C;C;C;C;C;7101;EL;2026-03-19;DAP;CHIUA;2026-03-26 00:00:00;8127312594;1722;2026-03-23;2026-03-25;0080188651
180031992;30;ELN;BATCH_USER;19:40:43;2026-03-23;9050125612;1001;7101;171A;20736;EA;20736;H '25 REFILL G2++ 12CT BILLBOARD US RTL;4500016425;30;101;B;C;C;C;C;C;C;B;7101;EL;2026-03-19;DAP;CHIUA;2026-03-26 00:00:00;8127312594;1722;2026-03-23;2026-03-25;0080188651
180032007;10;ZELN;SAP_WFRT;13:10:06;2026-03-24;9050130901;4001;1711;171A;648;EA;648;H '26 LTO BODY WASH COLD PLUNGE 16.9OZ;4500015514;10;109;C;C;C;C;C;C;C;C;1711;ZEL;2026-03-22;EXW;SAP_WFRT;2026-03-24 00:00:00;547900071;1000776;2026-03-23;2026-03-24;3812
180032053;10;ZELN;SAP_WFRT;11:35:05;2026-03-25;9050130901;4001;1711;171A;5112;EA;5112;H '26 LTO BODY WASH COLD PLUNGE 16.9OZ;4500015514;10;109;C;C;C;C;C;C;C;C;1711;ZEL;2026-03-23;EXW;COLEYC;2026-03-27 00:00:00;547783215;1000776;2026-03-24;2026-03-26;3816
180032091;10;ZELN;SAP_WFRT;15:05:06;2026-03-26;9050013401;1001;9999;171A;270000;EA;270000;G2++ SINGLE BLADES WITH COVER;4500015695;10;109;A;C;C;C;C;C;C;A;1711;ZEL;2026-03-25;EXW;SAP_WFRT;2026-03-26 00:00:00;133119.001-1;1000026;2026-03-26;;0049017082
180032092;10;ZELN;SAP_WFRT;15:05:12;2026-03-26;9200002301;1001;9999;171A;75000;EA;75000;H '24 G3 PLUS CARTRIDGE W/ PROT CAP;4500015712;10;109;A;C;C;C;C;C;C;A;1711;ZEL;2026-03-25;EXW;SAP_WFRT;2026-03-26 00:00:00;133119.001-1;1000026;2026-03-26;;0049017081
180032094;10;ZELN;SAP_WFRT;15:05:23;2026-03-26;9050013404;1001;9999;171A;27000;EA;27000;4CT BLADE PACK - G2++;4500015697;10;109;A;C;C;C;C;C;C;A;1711;ZEL;2026-03-25;EXW;SAP_WFRT;2026-03-26 00:00:00;133119.001-1;1000026;2026-03-26;;0049017083
180032095;10;ZELN;SAP_WFRT;15:05:29;2026-03-26;9050013401;1001;9998;171A;54000;EA;54000;G2++ SINGLE BLADES WITH COVER;4500015696;10;109;A;C;C;C;C;C;C;A;171E;ZEL;2026-03-25;EXW;SAP_WFRT;2026-03-26 00:00:00;133119.001-1;1000026;2026-03-26;;0049017084
180032098;10;ZELN;COLEYC;17:51:46;2026-03-26;6350067901;1;7101;171A;238400;EA;238400;CARTON, F' 4CT REFILL;4500015651;10;109;C;C;C;C;C;C;C;C;7101;ZEL;2026-03-26;EXW;CHIUA;2026-04-01 00:00:00;548126809;1003563;2026-03-26;2026-03-31;
180032100;10;ZELN;ALLENC;17:55:46;2026-03-26;6350034602;1;9997;178A;52578;EA;52578;PKG BODY WASH 7OZ TUBE LAVENDER FC R3;4500015813;10;109;C;C;C;C;C;C;C;C;9997;ZEL;2026-03-26;EXW;ALLENC;2026-03-26 00:00:00;;1000019;2026-03-26;2026-03-26;
180032173;10;ZELN;SAP_WFRT;14:05:23;2026-03-30;9050013404;1001;1113;111A;9000;EA;9000;4CT BLADE PACK - G2++;4500015707;10;109;A;C;C;C;C;C;C;A;111E;ZEL;2026-03-30;EXW;COLEYC;2026-04-01 00:00:00;UNKNOWN;1000026;2026-03-30;;0049017088
180032202;10;ZELN;SAP_WFRT;11:50:05;2026-03-31;9050130901;4001;1711;171A;3180;EA;3180;H '26 LTO BODY WASH COLD PLUNGE 16.9OZ;4500015514;10;109;A;C;C;C;C;C;C;A;1711;ZEL;2026-03-29;EXW;SAP_WFRT;2026-03-31 00:00:00;548225712;1000776;2026-03-30;;3821
180032242;10;ZELN;SAP_WFRT;20:35:11;2026-03-31;9050059006;6002;1786;178A;9312;EA;9312;SOLID DEO 2.6OZ STICK ALPINE;4500015741;20;109;C;C;C;C;C;C;C;C;1786;ZEL;2026-03-30;EXW;BLANTOS;2026-04-03 00:00:00;2117800;1010837;2026-03-31;2026-04-03;2603SDH00089217
180032252;10;ELN;BATCH_USER;21:40:24;2026-03-31;9200000307;1005;1711;171A;400;EA;400;F' SHOWER HOLDER - FLAMINGO PINK BULK;4500016594;10;101;A;C;C;C;C;C;C;A;1711;EL;2026-03-31;EXW;;00:00:00;;1714;2026-03-31;;0080190240
180032310;10;ZELN;SAP_WFRT;13:25:05;2026-04-02;9050130901;4001;1711;171A;10800;EA;10800;H '26 LTO BODY WASH COLD PLUNGE 16.9OZ;4500015514;10;109;C;C;C;C;C;C;C;C;1711;ZEL;2026-03-30;EXW;COLEYC;2026-04-13 00:00:00;548525360;1000776;2026-03-31;2026-04-03;3828
180032354;10;ZELN;CHIUA;19:07:58;2026-04-03;9200000201;1001;9999;171A;84000;EA;84000;FLAMINGO BIC - U.S 5B BULK CARTRIDGE;4500016170;10;109;A;C;C;C;C;C;C;A;1711;ZEL;2026-03-30;EXW;CHIUA;2026-04-03 00:00:00;;1005551;2026-03-30;;
180032355;20;ZELN;FIELDSC;19:38:13;2026-04-03;9050059005;6002;1787;178A;7680;EA;7680;SOLID DEO 2.6OZ STICK PEONY;4500015741;70;109;C;C;C;C;C;C;C;C;1787;ZEL;2026-04-03;EXW;BLANTOS;2026-04-03 00:00:00;;1010837;2026-04-03;2026-04-03;
180032362;10;ZELN;CHIUA;16:22:47;2026-04-06;9050059010;6002;7816;;161208;EA;161208;SOLID DEO 2.6 OZ STICK POWDER;4500015915;20;109;C;C;C;C;C;C;C;C;7815;ZEL;2026-04-01;EXW;CHIUA;2026-04-06 00:00:00;;1010110;2026-04-01;2026-04-02;
180032367;10;ZELN;CHIUA;16:28:41;2026-04-06;9050059005;6002;7803;;2400;EA;2400;SOLID DEO 2.6OZ STICK PEONY;4500015741;10;109;C;C;C;C;C;C;C;C;7803;ZEL;2026-04-01;EXW;FINERB;2026-04-08 00:00:00;;1010837;2026-04-01;2026-04-08;
180032383;10;ZELN;SAP_WFRT;13:15:05;2026-04-07;9050132501;4001;1711;171A;900;EA;900;H '26 LTO BODY WASH GREENSKEEPER 18OZ US;4500016189;10;109;C;C;C;C;C;C;C;C;1711;ZEL;2026-04-06;EXW;SAP_WFRT;2026-04-08 00:00:00;549201533;1000776;2026-04-07;2026-04-08;3832
180032392;20;ZELN;CHIUA;17:54:48;2026-04-07;9050059010;6002;7816;178A;45408;EA;45408;SOLID DEO 2.6 OZ STICK POWDER;4500015915;20;109;C;C;C;C;C;C;C;C;7815;ZEL;2026-04-07;EXW;CHIUA;2026-04-07 00:00:00;2114668;1010110;2026-04-07;2026-04-02;
180032395;10;ZELN;SAP_WFRT;18:20:05;2026-04-07;9050059009;6002;1786;178A;11520;EA;11520;SOLID DEO 2.6 OZ STICK MINTED;4500015741;30;109;C;C;C;C;C;C;C;C;1786;ZEL;2026-04-06;EXW;BLANTOS;2026-04-08 00:00:00;2122899;1010837;2026-04-07;2026-04-08;2604SDH00089274
180032403;10;ZELN;SAP_WFRT;19:30:05;2026-04-07;9050126201;6002;1786;178A;20016;EA;20016;LUME DEO WIPES 15COUNT POUCH SOFT POWDER;4500015783;50;109;A;C;C;C;C;C;C;A;1786;ZEL;2026-05-07;EXW;SAP_WFRT;2026-04-07 00:00:00;WS-311441;1010091;2026-04-07;;163
180032405;10;ZELN;SAP_WFRT;19:40:05;2026-04-07;9050126201;6002;1787;178A;57888;EA;57888;LUME DEO WIPES 15COUNT POUCH SOFT POWDER;4500015970;10;109;C;C;C;C;C;C;C;C;1787;ZEL;2026-05-10;EXW;BLANTOS;2026-04-14 00:00:00;WS-311440;1010091;2026-04-07;2026-04-14;165
180032416;10;ZELN;SAP_WFRT;04:05:11;2026-04-08;9200004601;1001;9999;171A;18360;EA;18360;H '25 BULK HANDLE WITH CART G3 BLACK DTC;4500015673;10;109;A;C;C;C;C;C;C;A;1711;ZEL;2026-05-19;EXW;;00:00:00;XM12603AVAJ6;1001040;2026-04-07;;2114047315
180032416;20;ZELN;SAP_WFRT;04:05:11;2026-04-08;9200004604;1001;9999;171A;12240;EA;12240;H '25 BULK HANDLE WITH CART G3 RED DTC;4500015675;10;109;A;C;C;C;C;C;C;A;1711;ZEL;2026-05-19;EXW;;00:00:00;XM12603AVAJ6;1001040;2026-04-07;;2114047315
180032438;10;ZELN;COLEYC;21:40:46;2026-04-08;9050130901;4001;1712;171A;3180;EA;3180;H '26 LTO BODY WASH COLD PLUNGE 16.9OZ;4500015514;20;109;C;C;C;C;C;C;C;C;1712;ZEL;2026-04-08;EXW;COLEYC;2026-04-13 00:00:00;548225712;1000776;2026-04-08;2026-04-09;
180032450;10;ZELN;SAP_WFRT;12:55:05;2026-04-09;9050132501;4001;1711;171A;7272;EA;7272;H '26 LTO BODY WASH GREENSKEEPER 18OZ US;4500016189;10;109;C;C;C;C;C;C;C;C;1711;ZEL;2026-04-07;EXW;COLEYC;2026-04-13 00:00:00;549535721;1000776;2026-04-08;2026-04-09;3833
180032464;10;ZELN;CHIUA;18:48:08;2026-04-09;9050059009;6002;7803;178A;2400;EA;2400;SOLID DEO 2.6 OZ STICK MINTED;4500015741;80;109;C;C;C;C;C;C;C;C;7803;ZEL;2026-04-08;EXW;FINERB;2026-04-09 00:00:00;2122900;1010837;2026-04-08;2026-04-08;
180032503;10;ZELN;CHIUA;16:54:17;2026-04-13;9050132501;4001;7101;171A;1500;EA;1500;H '26 LTO BODY WASH GREENSKEEPER 18OZ US;4500016189;20;109;C;C;C;C;C;C;C;C;7101;ZEL;2026-04-09;EXW;CHIUA;2026-04-16 00:00:00;549178978;1000776;2026-04-09;2026-04-09;
180032508;10;ZELN;SAP_WFRT;19:15:06;2026-04-13;9050058308;6002;1787;178A;14496;EA;14496;DEO WIPES 45 COUNT POUCH CUCUMBER;4500015783;30;109;C;C;C;C;C;C;C;C;1787;ZEL;2026-05-07;EXW;BLANTOS;2026-04-20 00:00:00;WS#311706;1010091;2026-04-13;2026-04-20;171
180032509;10;ZELN;SAP_WFRT;19:15:11;2026-04-13;9050058308;6002;1786;178A;13776;EA;13776;DEO WIPES 45 COUNT POUCH CUCUMBER;4500015783;10;109;C;C;C;C;C;C;C;C;1786;ZEL;2026-05-07;EXW;BLANTOS;2026-04-20 00:00:00;WS#311706;1010091;2026-04-13;2026-04-20;170
180032541;10;ZELN;SAP_WFRT;21:30:07;2026-04-14;9050058308;6002;7803;178A;18918;EA;18918;DEO WIPES 45 COUNT POUCH CUCUMBER;4500015783;20;109;C;C;C;C;C;C;C;C;7803;ZEL;2026-05-07;EXW;FINERB;2026-04-18 00:00:00;WS#311705;1010091;2026-04-14;2026-04-17;173
180032543;60;ZELN;SAP_WFRT;22:20:05;2026-04-14;9050056204;6002;1787;178A;9984;EA;9984;DEO CREAM 2.2OZ STICK COCONUT;4500015762;40;109;C;C;C;C;C;C;C;C;1787;ZEL;2026-04-13;EXW;BLANTOS;2026-04-20 00:00:00;064738;1009986;2026-04-14;2026-04-16;483
180032563;10;ELN;SAP_WFRT;01:25:17;2026-04-16;9050110202;1001;1722;171A;792;EA;792;H '26 PLUS PACK ONYX CAN RTL;4500015588;10;101;C;C;C;C;C;C;C;C;1722;EL;2026-04-29;DAP;SAP_WFRT;2026-04-16 00:00:00;99999999;1003563;2026-04-15;2026-04-15;3079171
180032576;10;ZELN;SAP_WFRT;14:05:06;2026-04-16;9050013401;1001;9999;171A;486000;EA;486000;G2++ SINGLE BLADES WITH COVER;4500016039;10;109;A;C;C;C;C;C;C;A;9999;ZEL;2026-04-15;EXW;SAP_WFRT;2026-04-16 00:00:00;XMN5352081;1000026;2026-04-16;;0049017104
180032577;10;ZELN;SAP_WFRT;14:05:12;2026-04-16;9200001301;1001;9999;171A;54000;EA;54000;F '23 PUBIC SINGLE BLADES W/ COVER G2++;4500016025;10;109;A;C;C;C;C;C;C;A;9999;ZEL;2026-04-15;EXW;SAP_WFRT;2026-04-16 00:00:00;XMN5352081;1000026;2026-04-16;;0049017105
180032580;10;ELN;SAP_WFRT;15:52:21;2026-04-16;9050110202;1001;1722;171A;3240;EA;3240;H '26 PLUS PACK ONYX CAN RTL;4500015588;10;101;C;C;C;C;C;C;C;C;1722;EL;2026-04-29;DAP;SAP_WFRT;2026-04-16 00:00:00;99999999;1003563;2026-04-16;2026-04-16;3082347
180032690;10;ZELN;SAP_WFRT;04:05:11;2026-04-22;9050099402;1001;7101;171A;34632;EA;34632;H '25 WINSTON VALUE PK G2++ INK US RTL;4500016107;10;109;A;C;C;C;C;C;C;A;7101;ZEL;2026-06-14;EXW;;00:00:00;XM12603AVQT4;1001040;2026-04-22;;2114047389
180032692;10;ZELN;SAP_WFRT;04:05:22;2026-04-22;9050099402;1001;7101;171A;9360;EA;9360;H '25 WINSTON VALUE PK G2++ INK US RTL;4500016107;10;109;A;C;C;C;C;C;C;A;7101;ZEL;2026-06-14;EXW;;00:00:00;XM12603AVQT4;1001040;2026-04-20;;2114047390
180032692;20;ZELN;SAP_WFRT;04:05:22;2026-04-22;9050099306;1001;7101;171A;9360;EA;9360;H '25 TRUMAN VALUE PK G2++ EMBER US RTL;4500016105;10;109;A;C;C;C;C;C;C;A;7101;ZEL;2026-06-14;EXW;;00:00:00;XM12603AVQT4;1001040;2026-04-20;;2114047390
180032692;30;ZELN;SAP_WFRT;04:05:22;2026-04-22;9050099401;1001;7101;171A;7560;EA;7560;H '25 WINSTON PACK G2++ SMOKE NA RTL;4500016106;10;109;A;C;C;C;C;C;C;A;7101;ZEL;2026-06-14;EXW;;00:00:00;XM12603AVQT4;1001040;2026-04-20;;2114047390
180032694;10;ZELN;SAP_WFRT;04:05:33;2026-04-22;9050033019;1001;7101;171A;2808;EA;2808;F' HANDLE LILAC CAN - RRD;4500016080;10;109;A;C;C;C;C;C;C;A;7101;ZEL;2026-06-21;EXW;;00:00:00;XM12603AVQT4;1001040;2026-04-20;;2114047391
180032694;20;ZELN;SAP_WFRT;04:05:33;2026-04-22;9050067911;1001;7101;171A;9360;EA;9360;F’ 26 HANDLE MATCHA US RTL;4500016074;10;109;A;C;C;C;C;C;C;A;7101;ZEL;2026-06-21;EXW;;00:00:00;XM12603AVQT4;1001040;2026-04-20;;2114047391
180032696;20;ZELN;SAP_WFRT;05:10:05;2026-04-22;9050116501;1005;1714;171A;51000;EA;51000;H '25 PLUS TRAVEL BLADE COVER;4500016114;10;109;C;C;C;C;C;C;C;C;1714;ZEL;2026-06-14;EXW;SAP_WFRT;2026-06-19 00:00:00;XM12603AVQT4;1001040;2026-04-22;2026-06-19;2114047388
180032713;10;ZELN;SAP_WFRT;21:35:05;2026-04-22;9050061704;4001;1787;178A;5004;EA;5004;BODY WASH 8.5OZ TUBE COCONUT;4500015761;50;109;C;C;C;C;C;C;C;C;1787;ZEL;2026-04-21;EXW;BLANTOS;2026-04-24 00:00:00;2132732;1010837;2026-04-22;2026-04-23;2604SDH00089381
180032715;10;ZELN;SAP_WFRT;21:35:16;2026-04-22;9050059001;6002;1786;178A;3840;EA;3840;SOLID DEO 2.6OZ STICK UNSCENTED;4500015968;150;109;C;C;C;C;C;C;C;C;1786;ZEL;2026-04-21;EXW;BLANTOS;2026-04-24 00:00:00;2132732;1010837;2026-04-22;2026-04-23;2604SDH00089380
180032716;10;ELN;BATCH_USER;22:11:04;2026-04-22;9050038405;1001;1711;171A;384;EA;384;F '25 DOLPHIN RAZOR FLAMINGO PINK US DTC;4500016806;10;101;A;C;C;C;C;C;C;A;1711;EL;2026-04-22;EXW;;00:00:00;;1714;2026-04-22;;0080193250
180032771;10;ZELN;CHIUA;16:30:17;2026-04-24;9050061704;4001;1786;178A;5004;EA;5004;BODY WASH 8.5OZ TUBE COCONUT;4500015761;30;109;C;C;C;C;C;C;C;C;1786;ZEL;2026-04-22;EXW;BLANTOS;2026-04-24 00:00:00;;1010837;2026-04-22;2026-04-23;
180032772;10;ZELN;CHIUA;16:32:45;2026-04-24;9050059001;6002;1787;178A;7680;EA;7680;SOLID DEO 2.6OZ STICK UNSCENTED;4500015968;160;109;C;C;C;C;C;C;C;C;1787;ZEL;2026-04-22;EXW;BLANTOS;2026-04-24 00:00:00;;1010837;2026-04-22;2026-04-23;
180032773;10;ZELN;CHIUA;16:34:33;2026-04-24;9050054304;4001;1786;178A;5040;EA;5040;BODY WASH 1.5OZ MINI TUBE COCONUT;4500015815;10;109;C;C;C;C;C;C;C;C;1786;ZEL;2026-04-22;EXW;BLANTOS;2026-04-24 00:00:00;;1010837;2026-04-22;2026-04-23;
180032776;10;ELN;CHIUA;18:33:23;2026-04-24;9200004101;1005;1714;171A;17280;EA;17280;F '26 TRAVEL RAZOR CASE US;4500016701;10;101;C;C;C;C;C;C;C;C;1714;EL;2026-04-23;EXW;CHIUA;2026-05-05 00:00:00;551122293;7101;2026-04-24;2026-04-27;0080192185
180032776;20;ELN;CHIUA;18:33:23;2026-04-24;9050093001;6001;1714;171A;59676;EA;59676;H '25 EXTRA AP RW 2.5OZ US;4500016701;20;101;B;C;C;C;C;C;C;B;1714;EL;2026-04-23;EXW;CHIUA;2026-05-05 00:00:00;551122293;7101;2026-04-24;2026-04-27;0080192185
180032776;30;ELN;CHIUA;18:33:23;2026-04-24;9050089502;3001;1714;171A;6600;EA;6600;H '26 2-IN-1 SHAMPOO STONE 14OZ US;4500016701;30;101;C;C;C;C;C;C;C;C;1714;EL;2026-04-23;EXW;CHIUA;2026-05-05 00:00:00;551122293;7101;2026-04-24;2026-04-27;0080192185
180032778;10;ZELN;CHIUA;18:35:29;2026-04-24;9200000201;1001;9999;171A;140000;EA;140000;FLAMINGO BIC - U.S 5B BULK CARTRIDGE;4500016169;10;109;A;C;C;C;C;C;C;A;9999;ZEL;2026-04-23;EXW;CHIUA;2026-04-24 00:00:00;;1005551;2026-04-23;;
180032798;20;ZELN;CHIUA;17:37:26;2026-04-27;9050061704;4001;7803;178A;5016;EA;5016;BODY WASH 8.5OZ TUBE COCONUT;4500015761;40;109;C;C;C;C;C;C;C;C;7803;ZEL;2026-04-22;EXW;FINERB;2026-04-29 00:00:00;;1010837;2026-04-22;2026-04-22;
180032798;30;ZELN;CHIUA;17:37:26;2026-04-27;9050064724;6002;7803;178A;12696;EA;12696;MANDO SOLID DEO 2.6 OZ STICK BOURBON;4500016175;170;109;C;C;C;C;C;C;C;C;7803;ZEL;2026-04-22;EXW;FINERB;2026-04-29 00:00:00;;1010837;2026-04-22;2026-04-22;
180032810;10;ZELN;SAP_WFRT;14:10:05;2026-04-28;9050013404;1001;1721;171A;180000;EA;180000;4CT BLADE PACK - G2++;4500016049;10;109;C;C;C;C;C;C;C;C;1721;ZEL;2026-04-28;EXW;SAP_WFRT;2026-06-11 00:00:00;LAX5352085;1000026;2026-04-29;2026-06-11;0049017136
180032813;20;ZELN;SAP_WFRT;20:00:07;2026-04-28;9050068701;1001;7101;171A;36288;EA;36288;F' 4CT REFILL - DOLPHIN REFRESH 2023;4500016347;10;109;C;C;C;C;C;C;C;C;7101;ZEL;2026-06-04;EXW;CHIUA;2026-05-01 00:00:00;551267954;1005970;2026-04-28;2026-05-01;178740
180032827;10;ZELN;SAP_WFRT;22:35:11;2026-04-28;9050059001;6002;1787;178A;23040;EA;23040;SOLID DEO 2.6OZ STICK UNSCENTED;4500015968;160;109;C;C;C;C;C;C;C;C;1787;ZEL;2026-04-27;EXW;BLANTOS;2026-04-29 00:00:00;2136423;1010837;2026-04-28;2026-04-29;2604SDH00089413
180032828;10;ZELN;SAP_WFRT;22:35:16;2026-04-28;9050054304;4001;1786;178A;6672;EA;6672;BODY WASH 1.5OZ MINI TUBE COCONUT;4500015815;10;109;C;C;C;C;C;C;C;C;1786;ZEL;2026-04-27;EXW;BLANTOS;2026-04-29 00:00:00;2136423;1010837;2026-04-28;2026-04-29;2604SDH00089410
180032830;10;ZELN;SAP_WFRT;02:20:05;2026-04-29;9200002701;1001;1722;171A;187200;EA;187200;F '23 MOISTURE+ CARTRIDGE;4500016158;10;109;A;C;C;C;C;C;C;A;1722;ZEL;2026-05-31;EXW;SAP_WFRT;2026-04-29 00:00:00;VNNYC5385838;1009011;2026-04-28;;92
180032831;10;ZELN;SAP_WFRT;04:05:05;2026-04-29;9050099306;1001;7101;171A;22464;EA;22464;H '25 TRUMAN VALUE PK G2++ EMBER US RTL;4500016105;10;109;A;C;C;C;C;C;C;A;7101;ZEL;2026-07-14;EXW;;00:00:00;OOLU2168639800;1001040;2026-04-27;;2114047441
180032833;10;ZELN;SAP_WFRT;04:05:17;2026-04-29;9200004701;1001;9999;171A;48960;EA;48960;H '25 BULK HNDLE W CART G3 BLACK RETAIL;4500016120;10;109;A;C;C;C;C;C;C;A;9999;ZEL;2026-06-14;EXW;;00:00:00;OOLU2168639800;1001040;2026-04-27;;2114047440
180032833;20;ZELN;SAP_WFRT;04:05:17;2026-04-29;9200004702;1001;9999;171A;48960;EA;48960;H '25 BULK HNDLE W CART G3 BLUE RETAIL;4500016121;10;109;A;C;C;C;C;C;C;A;9999;ZEL;2026-06-14;EXW;;00:00:00;OOLU2168639800;1001040;2026-04-27;;2114047440
180032840;10;ZELN;SAP_WFRT;14:05:06;2026-04-29;9050013404;1001;9999;171A;45000;EA;45000;4CT BLADE PACK - G2++;4500016041;10;109;A;C;C;C;C;C;C;A;9999;ZEL;2026-04-28;EXW;SAP_WFRT;2026-04-29 00:00:00;UNKNOWN;1000026;2026-04-29;;0049017135
180032841;10;ZELN;SAP_WFRT;14:05:11;2026-04-29;9050013404;1001;9998;171A;27000;EA;27000;4CT BLADE PACK - G2++;4500016042;10;109;A;C;C;C;C;C;C;A;171E;ZEL;2026-04-28;EXW;SAP_WFRT;2026-04-29 00:00:00;UNKNOWN;1000026;2026-04-29;;0049017134
180032842;10;ZELN;SAP_WFRT;14:05:17;2026-04-29;9050013404;1001;1721;171A;378000;EA;378000;4CT BLADE PACK - G2++;4500016049;10;109;C;C;C;C;C;C;C;C;1721;ZEL;2026-04-28;EXW;CHIUA;2026-06-12 00:00:00;LAX5352085;1000026;2026-04-29;2026-06-11;0049017133
180032866;10;ZELN;COLEYC;21:41:28;2026-04-29;9050133701;5002;1711;171A;3520;EA;3520;H '26 RAPID REST EYE PATCHES 6PK US DTC;4500015476;10;109;C;C;C;C;C;C;C;C;1711;ZEL;2026-04-01;;COLEYC;2026-04-29 00:00:00;;1013876;2026-04-01;2026-04-09;
180032868;10;ELN;BATCH_USER;22:11:57;2026-04-29;9050076501;1001;1711;171A;144;EA;144;H' WINSTON VALUE G2++ BLACK US RETAIL;4500017035;10;101;A;C;C;C;C;C;C;A;1711;EL;2026-04-29;EXW;;00:00:00;;1712;2026-04-29;;0080194170
180032888;10;ZELN;CHIUA;18:47:38;2026-04-30;9050059001;6002;7803;178A;5496;EA;5496;SOLID DEO 2.6OZ STICK UNSCENTED;4500015968;10;109;C;C;C;C;C;C;C;C;7803;ZEL;2026-04-29;EXW;FINERB;2026-05-01 00:00:00;2136415;1010837;2026-04-29;2026-04-29;
180032913;10;ZELN;SAP_WFRT;15:40:07;2026-05-01;9050061510;4001;1787;178A;10008;EA;10008;BODY WASH 8.5 OZ TUBE POWDER;4500015509;20;109;A;C;C;C;C;C;C;A;1787;ZEL;2026-05-07;EXW;;00:00:00;99995006;1000776;2026-04-30;;3914
180032913;20;ZELN;SAP_WFRT;15:40:07;2026-05-01;9050054310;4001;1787;178A;5712;EA;5712;BODY WASH 1.5 OZ MINI TUBE POWDER;4500015509;50;109;A;C;C;C;C;C;C;A;1787;ZEL;2026-05-07;EXW;;00:00:00;99995006;1000776;2026-04-30;;3914
180032917;10;ZELN;SAP_WFRT;16:40:06;2026-05-01;9050061510;4001;1787;178A;9480;EA;9480;BODY WASH 8.5 OZ TUBE POWDER;4500015509;20;109;C;C;C;C;C;C;C;C;1787;ZEL;2026-05-07;EXW;CHIUA;2026-05-04 00:00:00;99995042;1000776;2026-04-30;2026-05-04;3924
180032920;10;ZELN;SIDDIQZ;17:00:55;2026-05-01;9050061510;4001;1786;178A;1800;EA;1800;BODY WASH 8.5 OZ TUBE POWDER;4500015509;10;109;C;C;C;C;C;C;C;C;1786;ZEL;2026-05-07;EXW;CHIUA;2026-05-04 00:00:00;99995045;1000776;2026-04-30;2026-05-04;3927
180032922;10;ZELN;SAP_WFRT;18:30:07;2026-05-01;9050056010;6002;7803;178A;9984;EA;9984;DEO CREAM 2.2 OZ TUBE POWDER PC;4500016014;30;109;C;C;C;C;C;C;C;C;7803;ZEL;2026-04-29;EXW;FINERB;2026-05-07 00:00:00;065007;1009986;2026-04-30;2026-05-01;488
180032932;10;ZELN;CHIUA;19:21:46;2026-05-01;9050061510;4001;7803;178A;5400;EA;5400;BODY WASH 8.5 OZ TUBE POWDER;4500015509;30;109;C;C;C;C;C;C;C;C;7803;ZEL;2026-04-30;EXW;CHIUA;2026-05-04 00:00:00;;1000776;2026-04-30;2026-05-01;
180032938;10;ZELN;TEST_PEOUM;21:09:26;2026-05-01;9050058208;6002;1787;178A;50016;EA;50016;DEO WIPES 15 COUNT POUCH CUCUMBER;4500015783;60;109;C;C;C;C;C;C;C;C;1787;ZEL;2026-05-01;EXW;BLANTOS;2026-05-05 00:00:00;;1010091;2026-05-01;2026-05-05;
180032953;10;ZELN;CHIUA;13:33:38;2026-05-04;9050059010;6002;7816;178A;672;EA;672;SOLID DEO 2.6 OZ STICK POWDER;4500015915;20;109;C;C;C;C;C;C;C;C;7815;ZEL;2026-04-03;EXW;CHIUA;2026-05-04 00:00:00;;1010110;2026-04-03;2026-04-03;
180032956;10;ZELN;CHIUA;15:46:48;2026-05-04;6350014510;1;9997;178A;47625;EA;47625;PKG BODY WASH 8.5 OZ TUBE POWDER H;4500015814;20;109;C;C;C;C;C;C;C;C;9997;ZEL;2026-04-01;EXW;CHIUA;2026-05-04 00:00:00;;1000019;2026-04-01;2026-04-01;
180032960;10;ZELN;SAP_WFRT;17:10:05;2026-05-04;9050054310;4001;1786;178A;10008;EA;10008;BODY WASH 1.5 OZ MINI TUBE POWDER;4500015509;40;109;C;C;C;C;C;C;C;C;1786;ZEL;2026-05-07;EXW;BLANTOS;2026-06-03 00:00:00;99995005;1000776;2026-04-30;2026-05-04;3931
180032972;10;ELN;BATCH_USER;22:10:52;2026-05-04;9050082501;1001;7101;171A;10512;EA;10512;F '23 REFILL 4CT CAN RTL;4500017111;10;101;B;C;C;C;C;C;C;B;7101;EL;2026-05-04;DAP;FINERB;2026-05-11 00:00:00;8127982997;1722;2026-05-04;2026-05-11;0080195003
180032977;10;ZELN;CHIUA;13:42:56;2026-05-05;9050099801;1001;1711;171A;4680;EA;4680;H '25 PLUS ONYX DTC;4500016159;10;109;C;C;C;C;C;C;C;C;1711;ZEL;2026-04-28;;COLEYC;2026-05-11 00:00:00;;1012603;2026-04-28;2026-05-05;
180032984;10;ZELN;TEST_PEOUM;19:08:18;2026-05-05;6350056701;1;9997;178A;160000;EA;160000;LUME DEO SPRAY SALVACO ECO-VALVE B;4500016271;10;109;C;C;C;C;C;C;C;C;9997;ZEL;2026-05-05;EXW;TEST_PEOUM;2026-06-09 00:00:00;;1013036;2026-05-05;2026-06-08;
180032994;10;ZELN;SAP_WFRT;22:35:05;2026-05-05;9050059004;6002;1787;178A;33360;EA;33360;SOLID DEO 2.6OZ STICK COCONUT;4500015968;140;109;C;C;C;C;C;C;C;C;1787;ZEL;2026-05-04;EXW;BLANTOS;2026-05-06 00:00:00;2141330;1010837;2026-05-05;2026-05-06;2605SDH00089448
180032995;10;ZELN;SAP_WFRT;22:35:11;2026-05-05;9050059010;6002;1786;178A;9240;EA;9240;SOLID DEO 2.6 OZ STICK POWDER;4500015741;60;109;C;C;C;C;C;C;C;C;1786;ZEL;2026-05-04;EXW;BLANTOS;2026-05-06 00:00:00;2114330;1010837;2026-05-05;2026-05-06;2605SDH00089447
180033000;10;ELN;BATCH_USER;23:55:13;2026-05-05;9050056201;6002;7813;178A;408;EA;408;DEO CREAM 2.2OZ STICK UNSCENTED;4500016902;10;101;A;C;C;C;C;C;C;A;7813;EL;2026-04-22;DAP;;00:00:00;;7803;2026-05-05;;0080193559
180033000;20;ELN;BATCH_USER;23:55:13;2026-05-05;9050056202;6002;7813;178A;96;EA;96;DEO CREAM 2.2OZ STICK LAVENDER;4500016902;20;101;A;C;C;C;C;C;C;A;7813;EL;2026-04-22;DAP;;00:00:00;;7803;2026-05-05;;0080193559
180033000;30;ELN;BATCH_USER;23:55:13;2026-05-05;9050056204;6002;7813;178A;600;EA;600;DEO CREAM 2.2OZ STICK COCONUT;4500016902;30;101;A;C;C;C;C;C;C;A;7813;EL;2026-04-22;DAP;;00:00:00;;7803;2026-05-05;;0080193559
180033000;40;ELN;BATCH_USER;23:55:13;2026-05-05;9050056205;6002;7813;178A;312;EA;312;DEO CREAM 2.2OZ STICK PEONY;4500016902;40;101;A;C;C;C;C;C;C;A;7813;EL;2026-04-22;DAP;;00:00:00;;7803;2026-05-05;;0080193559
180033000;50;ELN;BATCH_USER;23:55:13;2026-05-05;9050059006;6002;7813;178A;120;EA;120;SOLID DEO 2.6OZ STICK ALPINE;4500016902;50;101;A;C;C;C;C;C;C;A;7813;EL;2026-04-22;DAP;;00:00:00;;7803;2026-05-05;;0080193559
180033004;10;ZELN;SAP_WFRT;04:05:05;2026-05-06;9050099305;1001;7101;171A;34560;EA;34560;H '25 TRUMAN PACK G2++ GLACIER NA RTL;4500016104;10;109;A;C;C;C;C;C;C;A;7101;ZEL;2026-07-14;EXW;;00:00:00;XIA1859733;1001040;2026-05-05;;2114047467
180033004;20;ZELN;SAP_WFRT;04:05:05;2026-05-06;9050099306;1001;7101;171A;7488;EA;7488;H '25 TRUMAN VALUE PK G2++ EMBER US RTL;4500016105;10;109;A;C;C;C;C;C;C;A;7101;ZEL;2026-07-14;EXW;;00:00:00;XIA1859733;1001040;2026-05-05;;2114047467
180033009;10;ELN;BATCH_USER;17:56:02;2026-05-06;9050139426;6001;7803;178A;804;EA;804;MANDO AP SPRAY 4.3 OZ CLOVER WOODS OL;4500017159;10;101;C;C;C;C;C;C;C;C;7803;EL;2026-04-30;DAP;FINERB;2026-06-18 00:00:00;260506135202;1786;2026-05-06;2026-06-01;0080195623
180033010;10;ELN;BATCH_USER;18:00:02;2026-05-06;9050119627;6002;7803;178A;6660;EA;6660;MANDO DEO SPRAY 3.6 OZ CEDAR GROVE;4500017160;10;101;C;C;C;C;C;C;C;C;7803;EL;2026-04-30;DAP;FINERB;2026-06-18 00:00:00;260506135721;1787;2026-05-06;2026-06-01;0080195624
180033018;10;ZELN;CHIUA;20:00:29;2026-05-06;9050059010;6002;7803;178A;89232;EA;89232;SOLID DEO 2.6 OZ STICK POWDER;4500015741;40;109;C;C;C;C;C;C;C;C;7803;ZEL;2026-05-05;EXW;FINERB;2026-05-12 00:00:00;;1010837;2026-05-05;2026-05-06;
180033019;10;ZELN;CHIUA;20:01:50;2026-05-06;9050059004;6002;7803;178A;18768;EA;18768;SOLID DEO 2.6OZ STICK COCONUT;4500015968;50;109;C;C;C;C;C;C;C;C;7803;ZEL;2026-05-05;EXW;FINERB;2026-05-13 00:00:00;;1010837;2026-05-05;2026-05-06;
180033024;10;ZELN;SAP_WFRT;12:35:05;2026-05-07;9050068701;1001;7101;171A;7776;EA;7776;F' 4CT REFILL - DOLPHIN REFRESH 2023;4500016347;10;109;C;C;C;C;C;C;C;C;7101;ZEL;2026-06-04;EXW;SAP_WFRT;2026-05-08 00:00:00;552564154;1005970;2026-05-06;2026-05-07;178828
180033047;10;ZELN;SAP_WFRT;02:25:05;2026-05-08;9200003903;1001;1722;171A;12000;EA;12000;F '26 JUICYFRUIT M+ HANDLE US BULK;4500016138;10;109;A;C;C;C;C;C;C;A;1722;ZEL;2026-06-14;EXW;;00:00:00;VNNYC5397208;1009089;2026-05-07;;145
180033051;10;ZELN;SAP_WFRT;08:40:05;2026-05-08;9050077909;1001;7101;171A;34632;EA;34632;F '26 HANDLE PINK US RTL - 1CT;4500016461;10;109;A;C;C;C;C;C;C;A;7101;ZEL;2026-07-19;EXW;;00:00:00;ZIMUXIA8556780;1001040;2026-05-08;;2114047480
180033052;10;ZELN;SAP_WFRT;08:40:11;2026-05-08;9200004704;1001;9999;171A;30600;EA;30600;H '25 BULK HNDLE W CART G3 RED RETAIL;4500016122;10;109;A;C;C;C;C;C;C;A;9999;ZEL;2026-06-24;EXW;;00:00:00;ZIMUXIA8556780;1001040;2026-05-08;;2114047483
180033053;20;ZELN;SAP_WFRT;08:40:17;2026-05-08;9200004701;1001;1722;171A;79560;EA;79560;H '25 BULK HNDLE W CART G3 BLACK RETAIL;4500016123;10;109;A;C;C;C;C;C;C;A;1722;ZEL;2026-06-14;EXW;;00:00:00;ZIMUXIA8556641;1001040;2026-05-08;;2114047468
180033054;10;ZELN;SAP_WFRT;08:40:22;2026-05-08;9050099302;1001;7101;171A;8640;EA;8640;H '25 TRUMAN PACK G2++ EMBER NA RTL;4500016101;10;109;A;C;C;C;C;C;C;A;7101;ZEL;2026-07-14;EXW;;00:00:00;ZIMUXIA8556780;1001040;2026-05-08;;2114047482
180033054;20;ZELN;SAP_WFRT;08:40:22;2026-05-08;9050099301;1001;7101;171A;17280;EA;17280;H '25 TRUMAN PACK G2++ CHARCOAL NA RTL;4500016100;10;109;A;C;C;C;C;C;C;A;7101;ZEL;2026-07-14;EXW;;00:00:00;ZIMUXIA8556780;1001040;2026-05-08;;2114047482
180033054;30;ZELN;SAP_WFRT;08:40:22;2026-05-08;9050099306;1001;7101;171A;8424;EA;8424;H '25 TRUMAN VALUE PK G2++ EMBER US RTL;4500016105;10;109;A;C;C;C;C;C;C;A;7101;ZEL;2026-07-14;EXW;;00:00:00;ZIMUXIA8556780;1001040;2026-05-08;;2114047482
180033056;10;ZELN;SAP_WFRT;14:05:05;2026-05-08;9050013404;1001;1721;171A;72000;EA;72000;4CT BLADE PACK - G2++;4500016049;10;109;A;C;C;C;C;C;C;A;1721;ZEL;2026-05-05;EXW;SAP_WFRT;2026-05-08 00:00:00;LAX5400822;1000026;2026-05-06;;0049017141
180033057;10;ELN;CHIUA;14:21:41;2026-05-08;9150240301;6002;7816;178A;27160;EA;27160;L '26 POWDERSS 2.6OZ 2PK+0.5OZ COSTCO V2;4500016708;20;101;C;C;C;C;C;C;C;C;7815;EL;2026-05-07;DAP;CHIUA;2026-05-08 00:00:00;;1003563;2026-05-07;2026-05-07;
180033060;10;ZELN;SAP_WFRT;14:45:06;2026-05-08;9050061510;4001;7803;178A;5400;EA;5400;BODY WASH 8.5 OZ TUBE POWDER;4500015509;30;109;A;C;C;C;C;C;C;A;7803;ZEL;2026-05-07;EXW;;00:00:00;99995044;1000776;2026-04-30;;3946
180033067;10;ZELN;CHIUA;17:03:02;2026-05-08;6350002299;1;9997;;580000;EA;580000;PKG DEO SOLID 2.6OZ STICK PLUG;4500016223;10;109;C;C;C;C;C;C;C;C;9997;ZEL;2026-05-05;;CHIUA;2026-06-03 00:00:00;;1011162;2026-05-05;2026-05-06;
180033067;20;ZELN;CHIUA;17:03:02;2026-05-08;6350002702;1;9997;;88320;EA;88320;PKG SOLID DEO 2.6 OZ STICK LAVENDER R3;4500016223;20;109;C;C;C;C;C;C;C;C;9997;ZEL;2026-05-05;;CHIUA;2026-06-03 00:00:00;;1011162;2026-05-05;2026-05-06;
180033067;30;ZELN;CHIUA;17:03:02;2026-05-08;6350002704;1;9997;;65780;EA;65780;PKG SOLID DEO 2.6 OZ STICK COCONUT R3;4500016223;30;109;C;C;C;C;C;C;C;C;9997;ZEL;2026-05-05;;CHIUA;2026-06-03 00:00:00;;1011162;2026-05-05;2026-05-06;
180033067;40;ZELN;CHIUA;17:03:02;2026-05-08;6350002705;1;9997;;33120;EA;33120;PKG SOLID DEO 2.6 OZ STICK PEONY R3;4500016223;40;109;C;C;C;C;C;C;C;C;9997;ZEL;2026-05-05;;CHIUA;2026-06-03 00:00:00;;1011162;2026-05-05;2026-05-06;
180033067;50;ZELN;CHIUA;17:03:02;2026-05-08;6350002709;1;9997;;33120;EA;33120;PKG SOLID DEO 2.6 OZ STICK MINTED R3;4500016223;50;109;C;C;C;C;C;C;C;C;9997;ZEL;2026-05-05;;CHIUA;2026-06-03 00:00:00;;1011162;2026-05-05;2026-05-06;
180033067;60;ZELN;CHIUA;17:03:02;2026-05-08;6350002710;1;9997;;41400;EA;41400;PKG SOLID DEO 2.6 OZ STICK POWDER R3;4500016223;60;109;C;C;C;C;C;C;C;C;9997;ZEL;2026-05-05;;CHIUA;2026-06-03 00:00:00;;1011162;2026-05-05;2026-05-06;
180033067;70;ZELN;CHIUA;17:03:02;2026-05-08;6350042111;1;9997;;115920;EA;115920;PKG SOLID DEO 2.6 OZ STICK VANILLA B;4500016223;70;109;C;C;C;C;C;C;C;C;9997;ZEL;2026-05-05;;CHIUA;2026-06-03 00:00:00;;1011162;2026-05-05;2026-05-06;
180033067;80;ZELN;CHIUA;17:03:02;2026-05-08;63500109;1;9997;;33120;EA;33120;PKG SOLID PLUG 2.6 OZ MANDO GENERIC H;4500016223;100;109;C;C;C;C;C;C;C;C;9997;ZEL;2026-05-05;;CHIUA;2026-06-03 00:00:00;;1011162;2026-05-05;2026-05-06;
180033068;10;ZELN;CHIUA;17:04:31;2026-05-08;6350064727;1;9997;;66240;EA;66240;PKG MANDO AP SOLID 2.6OZ CEDAR GROVE R1;4500016260;10;109;C;C;C;C;C;C;C;C;9997;ZEL;2026-05-07;EXW;CHIUA;2026-06-03 00:00:00;;1011162;2026-05-07;2026-05-30;
180033068;20;ZELN;CHIUA;17:04:31;2026-05-08;63500109;1;9997;;66240;EA;66240;PKG SOLID PLUG 2.6 OZ MANDO GENERIC H;4500016260;20;109;C;C;C;C;C;C;C;C;9997;ZEL;2026-05-07;EXW;CHIUA;2026-06-03 00:00:00;;1011162;2026-05-07;2026-05-30;
180033068;30;ZELN;CHIUA;17:04:31;2026-05-08;6350002299;1;9997;;140760;EA;140760;PKG DEO SOLID 2.6OZ STICK PLUG;4500016260;50;109;A;C;C;C;C;C;C;A;9997;ZEL;2026-05-07;EXW;CHIUA;2026-06-03 00:00:00;;1011162;2026-05-07;2026-05-30;
180033088;10;ZELN;SAP_WFRT;04:05:11;2026-05-11;9050099302;1001;7101;171A;43200;EA;43200;H '25 TRUMAN PACK G2++ EMBER NA RTL;4500016101;10;109;A;C;C;C;C;C;C;A;7101;ZEL;2026-06-29;EXW;;00:00:00;ZIMUXIA8556780;1001040;2026-05-08;;2114047481
180033093;10;ELN;CHIUA;13:58:05;2026-05-11;9150240301;6002;7816;178A;3640;EA;3640;L '26 POWDERSS 2.6OZ 2PK+0.5OZ COSTCO V2;4500016708;20;101;C;C;C;C;C;C;C;C;7815;EL;2026-05-08;DAP;CHIUA;2026-05-11 00:00:00;;1003563;2026-05-08;2026-05-08;
180033094;10;ELN;CHIUA;13:58:53;2026-05-11;9150240301;6002;7816;178A;3640;EA;3640;L '26 POWDERSS 2.6OZ 2PK+0.5OZ COSTCO V2;4500016708;20;101;C;C;C;C;C;C;C;C;7815;EL;2026-05-08;DAP;CHIUA;2026-05-11 00:00:00;;1003563;2026-05-08;2026-05-08;3100669
180033095;10;ELN;CHIUA;13:59:26;2026-05-11;9150240301;6002;7816;178A;2520;EA;2520;L '26 POWDERSS 2.6OZ 2PK+0.5OZ COSTCO V2;4500016708;20;101;C;C;C;C;C;C;C;C;7815;EL;2026-05-08;DAP;CHIUA;2026-05-11 00:00:00;;1003563;2026-05-08;2026-05-08;3100673
180033096;10;ELN;CHIUA;14:47:10;2026-05-11;9150240301;6002;7816;178A;1120;EA;1120;L '26 POWDERSS 2.6OZ 2PK+0.5OZ COSTCO V2;4500016708;20;101;C;C;C;C;C;C;C;C;7815;EL;2026-05-09;DAP;CHIUA;2026-05-11 00:00:00;;1003563;2026-05-09;2026-05-09;3100667
180033097;10;ZELN;SAP_WFRT;15:15:06;2026-05-11;9050061510;4001;1787;178A;6000;EA;6000;BODY WASH 8.5 OZ TUBE POWDER;4500015509;20;109;C;C;C;C;C;C;C;C;1787;ZEL;2026-05-07;EXW;BLANTOS;2026-05-11 00:00:00;99995054;1000776;2026-05-08;2026-05-11;3949
180033112;10;ELN;CHIUA;14:01:31;2026-05-12;9150240301;6002;7816;178A;3920;EA;3920;L '26 POWDERSS 2.6OZ 2PK+0.5OZ COSTCO V2;4500016708;20;101;C;C;C;C;C;C;C;C;7815;EL;2026-05-11;DAP;CHIUA;2026-05-12 00:00:00;;1003563;2026-05-11;2026-05-11;3098949
180033113;10;ELN;CHIUA;14:02:11;2026-05-12;9150240301;6002;7816;178A;3080;EA;3080;L '26 POWDERSS 2.6OZ 2PK+0.5OZ COSTCO V2;4500016708;20;101;C;C;C;C;C;C;C;C;7815;EL;2026-05-11;DAP;CHIUA;2026-05-12 00:00:00;;1003563;2026-05-11;2026-05-11;3108411
180033115;10;ZELN;SAP_WFRT;14:05:11;2026-05-12;9050013401;1001;9999;171A;540000;EA;540000;G2++ SINGLE BLADES WITH COVER;4500016412;10;109;A;C;C;C;C;C;C;A;9999;ZEL;2026-05-10;EXW;SAP_WFRT;2026-05-12 00:00:00;XMN5377661;1000026;2026-05-11;;0049017144
180033116;10;ZELN;SAP_WFRT;14:05:17;2026-05-12;9050013404;1001;9998;111A;27000;EA;27000;4CT BLADE PACK - G2++;4500016415;10;109;A;C;C;C;C;C;C;A;9998;ZEL;2026-05-11;EXW;SAP_WFRT;2026-05-12 00:00:00;XMN5377661;1000026;2026-05-11;;0049017146
180033117;10;ZELN;SAP_WFRT;14:05:22;2026-05-12;9050013401;1001;9998;111A;54000;EA;54000;G2++ SINGLE BLADES WITH COVER;4500016413;10;109;A;C;C;C;C;C;C;A;9998;ZEL;2026-05-11;EXW;SAP_WFRT;2026-05-12 00:00:00;XMN5377661;1000026;2026-05-11;;0049017145
180033118;10;ZELN;SAP_WFRT;14:05:28;2026-05-12;9200002301;1001;9999;171A;225000;EA;225000;H '24 G3 PLUS CARTRIDGE W/ PROT CAP;4500016389;10;109;A;C;C;C;C;C;C;A;9999;ZEL;2026-05-10;EXW;SAP_WFRT;2026-05-12 00:00:00;XMN5377661;1000026;2026-05-11;;0049017148
180033120;10;ZELN;SAP_WFRT;14:05:40;2026-05-12;9200001301;1001;9999;171A;54000;EA;54000;F '23 PUBIC SINGLE BLADES W/ COVER G2++;4500016472;10;109;A;C;C;C;C;C;C;A;9999;ZEL;2026-05-10;EXW;SAP_WFRT;2026-05-12 00:00:00;XMN5377661;1000026;2026-05-11;;0049017147
180033121;10;ELN;CHIUA;14:08:55;2026-05-12;9150240301;6002;7815;178A;5040;EA;5040;L '26 POWDERSS 2.6OZ 2PK+0.5OZ COSTCO V2;4500016747;10;101;C;C;C;C;C;C;C;C;7815;EL;2026-05-11;DAP;CHIUA;2026-05-12 00:00:00;;1003563;2026-05-11;2026-05-11;3107479
180033123;10;ELN;CHIUA;14:09:25;2026-05-12;9150240301;6002;7815;178A;5600;EA;5600;L '26 POWDERSS 2.6OZ 2PK+0.5OZ COSTCO V2;4500016747;10;101;C;C;C;C;C;C;C;C;7815;EL;2026-05-11;DAP;CHIUA;2026-05-12 00:00:00;;1003563;2026-05-11;2026-05-11;3107582
180033129;10;ZELN;CHIUA;19:12:31;2026-05-12;6350074401;1;9997;;82800;EA;82800;ASSEMBLY, LUME 2.65OZ, SPICED SANDALWOOD;4500016261;10;109;C;C;C;C;C;C;C;C;9997;ZEL;2026-05-13;EXW;CHIUA;2026-06-01 00:00:00;;1011162;2026-05-13;2026-05-21;
180033129;20;ZELN;CHIUA;19:12:31;2026-05-12;6350074301;1;9997;;86940;EA;86940;ASSEMBLY, LUME 2.65OZ, MOONLIGHT AMBER;4500016261;20;109;C;C;C;C;C;C;C;C;9997;ZEL;2026-05-13;EXW;CHIUA;2026-06-01 00:00:00;;1011162;2026-05-13;2026-05-21;
180033129;30;ZELN;CHIUA;19:12:31;2026-05-12;6350074201;1;9997;;33120;EA;33120;ASSEMBLY, LUME 2.65OZ, VANILLA CASHMERE;4500016261;30;109;C;C;C;C;C;C;C;C;9997;ZEL;2026-05-13;EXW;CHIUA;2026-06-01 00:00:00;;1011162;2026-05-13;2026-05-21;
180033129;40;ZELN;CHIUA;19:12:31;2026-05-12;6350002299;1;9997;;207000;EA;207000;PKG DEO SOLID 2.6OZ STICK PLUG;4500016261;40;109;C;C;C;C;C;C;C;C;9997;ZEL;2026-05-13;EXW;CHIUA;2026-06-01 00:00:00;;1011162;2026-05-13;2026-05-21;
180033132;10;ZELN;SAP_WFRT;23:50:05;2026-05-12;9050126101;6002;1786;178A;21834;EA;21834;LUME DEO WIPES 45COUNT POUCH SOFT POWDER;4500015783;40;109;C;C;C;C;C;C;C;C;1786;ZEL;2026-05-11;EXW;BLANTOS;2026-05-19 00:00:00;SO#1405102;1010091;2026-05-12;2026-05-19;174
180033137;10;ELN;CHIUA;13:56:56;2026-05-13;9150240301;6002;7816;178A;4760;EA;4760;L '26 POWDERSS 2.6OZ 2PK+0.5OZ COSTCO V2;4500016708;20;101;C;C;C;C;C;C;C;C;7815;EL;2026-05-12;DAP;CHIUA;2026-05-13 00:00:00;;1003563;2026-05-12;2026-05-12;3108392
180033138;10;ELN;CHIUA;13:57:28;2026-05-13;9150240301;6002;7816;178A;2240;EA;2240;L '26 POWDERSS 2.6OZ 2PK+0.5OZ COSTCO V2;4500016708;20;101;C;C;C;C;C;C;C;C;7815;EL;2026-05-12;DAP;CHIUA;2026-05-13 00:00:00;;1003563;2026-05-12;2026-05-12;3108411
180033139;10;ELN;CHIUA;13:59:26;2026-05-13;9150240301;6002;7815;178A;2240;EA;2240;L '26 POWDERSS 2.6OZ 2PK+0.5OZ COSTCO V2;4500016747;10;101;C;C;C;C;C;C;C;C;7815;EL;2026-05-12;DAP;CHIUA;2026-05-13 00:00:00;;1003563;2026-05-12;2026-05-12;3107585
180033141;10;ELN;CHIUA;14:00:00;2026-05-13;9150240301;6002;7815;178A;2240;EA;2240;L '26 POWDERSS 2.6OZ 2PK+0.5OZ COSTCO V2;4500016747;10;101;C;C;C;C;C;C;C;C;7815;EL;2026-05-12;DAP;CHIUA;2026-05-13 00:00:00;;1003563;2026-05-12;2026-05-12;3110218
180033142;10;ELN;CHIUA;14:00:33;2026-05-13;9150240301;6002;7815;178A;1680;EA;1680;L '26 POWDERSS 2.6OZ 2PK+0.5OZ COSTCO V2;4500016747;10;101;C;C;C;C;C;C;C;C;7815;EL;2026-05-12;DAP;CHIUA;2026-05-13 00:00:00;;1003563;2026-05-12;2026-05-12;3110459
180033152;10;ZELN;CHIUA;18:40:42;2026-05-13;6350002703;1;9997;;53820;EA;53820;PKG SOLID DEO 2.6 OZ STICK TANGERINE R3;4500016260;30;109;C;C;C;C;C;C;C;C;9997;ZEL;2026-05-13;EXW;CHIUA;2026-06-01 00:00:00;;1011162;2026-05-13;2026-05-15;
180033152;20;ZELN;CHIUA;18:40:42;2026-05-13;6350002701;1;9997;;86940;EA;86940;PKG SOLID DEO 2.6 OZ STICK UNSCENTED R3;4500016260;40;109;C;C;C;C;C;C;C;C;9997;ZEL;2026-05-13;EXW;CHIUA;2026-06-01 00:00:00;;1011162;2026-05-13;2026-05-15;
180033153;10;ZELN;CHIUA;18:41:58;2026-05-13;6350064411;1;9997;;37260;EA;37260;PKG LUME AP SOLID 2.6OZ VANILLA R1;4500016223;110;109;C;C;C;C;C;C;C;C;9997;ZEL;2026-05-13;;CHIUA;2026-06-01 00:00:00;;1011162;2026-05-13;2026-05-15;
180033153;20;ZELN;CHIUA;18:41:58;2026-05-13;6350065731;1;9997;;49680;EA;49680;PKG LUME AP SOLID 2.6OZ FRESH SPRING;4500016223;120;109;C;C;C;C;C;C;C;C;9997;ZEL;2026-05-13;;CHIUA;2026-06-01 00:00:00;;1011162;2026-05-13;2026-05-15;
180033157;10;ZELN;CHIUA;18:50:30;2026-05-13;6350024803;1;9997;178A;25792;EA;25792;PKG DEO CREAM 3.0OZ SC TUBE TANGERINE R2;4500015814;10;109;C;C;C;C;C;C;C;C;9997;ZEL;2026-05-12;EXW;CHIUA;2026-05-13 00:00:00;;1000019;2026-05-12;2026-05-12;
180033171;10;ZELN;SAP_WFRT;13:20:06;2026-05-14;9050068701;1001;7101;171A;31104;EA;31104;F' 4CT REFILL - DOLPHIN REFRESH 2023;4500016347;10;109;C;C;C;C;C;C;C;C;7101;ZEL;2026-06-04;EXW;SAP_WFRT;2026-05-16 00:00:00;553222782;1005970;2026-05-13;2026-05-16;178888
180033175;10;ZELN;CHIUA;18:23:22;2026-05-14;6350007724;1;9997;178A;18542;EA;18542;PKG MANDO BODY WASH 8.5 OZ BOURBON;4500016020;90;109;C;C;C;C;C;C;C;C;9997;ZEL;2026-05-04;EXW;CHIUA;2026-05-14 00:00:00;;1000019;2026-05-04;2026-05-04;
180033175;20;ZELN;CHIUA;18:23:22;2026-05-14;6350013523;1;9997;178A;16764;EA;16764;PKG MANDO BODY WASH 8.5 OZ PRO SPORT R3;4500016020;100;109;C;C;C;C;C;C;C;C;9997;ZEL;2026-05-04;EXW;CHIUA;2026-05-14 00:00:00;;1000019;2026-05-04;2026-05-04;
180033177;10;ZELN;CHIUA;18:26:35;2026-05-14;6350014304;1;9997;178A;25908;EA;25908;PKG BODY WAS 8.5 OZ TUBE COCONUT R3;4500016020;60;109;C;C;C;C;C;C;C;C;9997;ZEL;2026-05-04;EXW;CHIUA;2026-05-14 00:00:00;;1000019;2026-05-04;2026-05-04;
180033177;20;ZELN;CHIUA;18:26:35;2026-05-14;6350024901;1;9997;178A;24800;EA;24800;PKG DEO CREAM 3.0OZ SC TUBE UNSCENTED R2;4500016020;110;109;C;C;C;C;C;C;C;C;9997;ZEL;2026-05-04;EXW;CHIUA;2026-05-14 00:00:00;;1000019;2026-05-04;2026-05-04;
180033177;30;ZELN;CHIUA;18:26:35;2026-05-14;6350025110;1;9997;178A;25792;EA;25792;PKG DEO CREAM 3.0OZ SC TUBE POWDER R2;4500016020;120;109;C;C;C;C;C;C;C;C;9997;ZEL;2026-05-04;EXW;CHIUA;2026-05-14 00:00:00;;1000019;2026-05-04;2026-05-04;
180033180;10;ELN;CHIUA;19:14:00;2026-05-14;9150240301;6002;7816;178A;3360;EA;3360;L '26 POWDERSS 2.6OZ 2PK+0.5OZ COSTCO V2;4500016708;20;101;C;C;C;C;C;C;C;C;7815;EL;2026-05-13;DAP;CHIUA;2026-05-14 00:00:00;;1003563;2026-05-13;2026-05-13;3108392
180033181;10;ELN;CHIUA;19:16:40;2026-05-14;9150240301;6002;7815;178A;7840;EA;7840;L '26 POWDERSS 2.6OZ 2PK+0.5OZ COSTCO V2;4500016747;10;101;C;C;C;C;C;C;C;C;7815;EL;2026-05-13;DAP;CHIUA;2026-05-14 00:00:00;;1003563;2026-05-13;2026-05-13;3107584
180033182;10;ELN;CHIUA;19:18:35;2026-05-14;9150240301;6002;7815;178A;5320;EA;5320;L '26 POWDERSS 2.6OZ 2PK+0.5OZ COSTCO V2;4500016747;10;101;C;C;C;C;C;C;C;C;7815;EL;2026-05-13;DAP;CHIUA;2026-05-14 00:00:00;;1003563;2026-05-13;2026-05-13;3110458
180033186;10;ZELN;SAP_WFRT;20:05:05;2026-05-14;9050068701;1001;7101;171A;20736;EA;20736;F' 4CT REFILL - DOLPHIN REFRESH 2023;4500016347;10;109;C;C;C;C;C;C;C;C;7101;ZEL;2026-06-04;EXW;SAP_WFRT;2026-05-16 00:00:00;553223536;1005970;2026-05-14;2026-05-16;178901
180033188;20;ZELN;CHIUA;20:13:53;2026-05-14;9050059002;6002;7803;178A;45432;EA;45432;SOLID DEO 2.6OZ STICK LAVENDER;4500015968;30;109;C;C;C;C;C;C;C;C;7803;ZEL;2026-05-14;EXW;FINERB;2026-05-20 00:00:00;2146840;1010837;2026-05-14;2026-05-18;
180033188;30;ZELN;CHIUA;20:13:53;2026-05-14;9050087804;6002;7803;178A;9952;EA;9952;LUME SOLID DEO 2.6OZ STICK COCONUT CAN;4500015968;90;109;C;C;C;C;C;C;C;C;7803;ZEL;2026-05-14;EXW;FINERB;2026-05-20 00:00:00;2146840;1010837;2026-05-14;2026-05-18;
180033188;40;ZELN;CHIUA;20:13:53;2026-05-14;9050087811;6002;7803;178A;9112;EA;9112;LUME SOLID DEO 2.6OZ STICK VANILLA CAN;4500015968;100;109;C;C;C;C;C;C;C;C;7803;ZEL;2026-05-14;EXW;FINERB;2026-05-20 00:00:00;2146840;1010837;2026-05-14;2026-05-18;
180033188;50;ZELN;CHIUA;20:13:53;2026-05-14;9050059002;6002;7803;178A;23040;EA;23040;SOLID DEO 2.6OZ STICK LAVENDER;4500016175;40;109;C;C;C;C;C;C;C;C;7803;ZEL;2026-05-14;EXW;FINERB;2026-05-20 00:00:00;2146840;1010837;2026-05-14;2026-05-18;
180033198;10;ZELN;SAP_WFRT;04:05:05;2026-05-15;9200004702;1001;1722;171A;85680;EA;85680;H '25 BULK HNDLE W CART G3 BLUE RETAIL;4500016124;10;109;A;C;C;C;C;C;C;A;1722;ZEL;2026-07-09;EXW;SAP_WFRT;2026-05-15 00:00:00;XIA1859742;1001040;2026-05-13;;2114047502
180033198;20;ZELN;SAP_WFRT;04:05:05;2026-05-15;9050109501;1005;1722;171A;64512;EA;64512;H '25 TRAVEL BLADE COVER;4500016430;10;109;A;C;C;C;C;C;C;A;1722;ZEL;2026-07-09;EXW;SAP_WFRT;2026-05-15 00:00:00;XIA1859742;1001040;2026-05-13;;2114047502
180033199;10;ZELN;SAP_WFRT;04:05:06;2026-05-15;9050109501;1005;1711;171A;21504;EA;21504;H '25 TRAVEL BLADE COVER;4500016428;10;109;A;C;C;C;C;C;C;A;1711;ZEL;2026-07-09;EXW;SAP_WFRT;2026-05-15 00:00:00;XIA1859742;1001040;2026-05-13;;2114047503
180033200;10;ZELN;SAP_WFRT;04:05:11;2026-05-15;9050067301;1001;1721;171A;73440;EA;73440;H WINSTON CHROME HANDLE BULK G2++ CART;4500016427;10;109;A;C;C;C;C;C;C;A;1721;ZEL;2026-07-09;EXW;;00:00:00;XM12604AYFK6;1001040;2026-05-13;;2114047501
180033206;10;ELN;HUGHESJ;16:19:54;2026-05-15;9050059005;6002;7803;178A;4196;EA;4196;SOLID DEO 2.6OZ STICK PEONY;4500017250;10;101;C;C;C;C;C;C;C;C;7803;EL;2026-05-15;DAP;FINERB;2026-06-18 00:00:00;260515121656;1786;2026-05-15;2026-06-01;0080196822
180033207;10;ELN;CHIUA;17:08:50;2026-05-15;9150240301;6002;7815;178A;6720;EA;6720;L '26 POWDERSS 2.6OZ 2PK+0.5OZ COSTCO V2;4500016747;10;101;C;C;C;C;C;C;C;C;7815;EL;2026-05-14;DAP;CHIUA;2026-05-15 00:00:00;;1003563;2026-05-14;2026-05-14;3112318
180033208;10;ELN;CHIUA;17:09:29;2026-05-15;9150240301;6002;7815;178A;6160;EA;6160;L '26 POWDERSS 2.6OZ 2PK+0.5OZ COSTCO V2;4500016747;10;101;C;C;C;C;C;C;C;C;7815;EL;2026-05-14;DAP;CHIUA;2026-05-15 00:00:00;;1003563;2026-05-14;2026-05-14;3112389
180033209;10;ELN;CHIUA;17:09:57;2026-05-15;9150240301;6002;7815;178A;280;EA;280;L '26 POWDERSS 2.6OZ 2PK+0.5OZ COSTCO V2;4500016747;10;101;C;C;C;C;C;C;C;C;7815;EL;2026-05-14;DAP;CHIUA;2026-05-15 00:00:00;;1003563;2026-05-14;2026-05-14;3112836
180033210;10;ELN;CHIUA;17:10:55;2026-05-15;9150240301;6002;7816;178A;4200;EA;4200;L '26 POWDERSS 2.6OZ 2PK+0.5OZ COSTCO V2;4500016708;20;101;C;C;C;C;C;C;C;C;7815;EL;2026-05-14;DAP;CHIUA;2026-05-15 00:00:00;;1003563;2026-05-14;2026-05-14;3108412
180033218;10;ZELN;CHIUA;17:43:01;2026-05-15;9200000201;1001;9999;171A;56000;EA;56000;FLAMINGO BIC - U.S 5B BULK CARTRIDGE;4500016473;10;109;A;C;C;C;C;C;C;A;9999;ZEL;2026-05-14;EXW;CHIUA;2026-05-15 00:00:00;;1005551;2026-05-14;2026-05-14;
180033219;10;ZELN;CHIUA;17:43:40;2026-05-15;9200003202;1001;1722;171A;32000;EA;32000;H TRUMAN OCEAN HANDLE BULK - NO CART;4500015681;10;109;A;C;C;C;C;C;C;A;1722;ZEL;2026-05-14;EXW;CHIUA;2026-05-15 00:00:00;;1013720;2026-05-14;;
180033222;10;ELN;BATCH_USER;19:25:43;2026-05-15;9050046902;2002;1714;171A;10800;EA;10800;FLAMINGO BODY DEPILATORY 200ML;4500017187;10;101;C;C;C;C;C;C;C;C;1714;EL;2026-05-15;EXW;CHIUA;2026-05-20 00:00:00;553650073;1711;2026-05-15;2026-05-19;0080196245
180033222;20;ELN;BATCH_USER;19:25:43;2026-05-15;9050033801;5003;1714;171A;3672;EA;3672;F' MOISTURIZING LOTION 10OZ PKG REFRESH;4500017187;20;101;C;C;C;C;C;C;C;C;1714;EL;2026-05-15;EXW;CHIUA;2026-05-20 00:00:00;553650073;1711;2026-05-15;2026-05-19;0080196245
180033222;30;ELN;BATCH_USER;19:25:43;2026-05-15;9050011001;5003;1714;171A;1848;EA;1848;FLAMINGO DML 3 OZ US;4500017187;30;101;C;C;C;C;C;C;C;C;1714;EL;2026-05-15;EXW;CHIUA;2026-05-20 00:00:00;553650073;1711;2026-05-15;2026-05-19;0080196245
180033222;40;ELN;BATCH_USER;19:25:43;2026-05-15;9050034001;5003;1714;171A;11520;EA;11520;FLAMINGO LHS 6.7 FL OZ US;4500017187;40;101;C;C;C;C;C;C;C;C;1714;EL;2026-05-15;EXW;CHIUA;2026-05-20 00:00:00;553650073;1711;2026-05-15;2026-05-19;0080196245
180033222;50;ELN;BATCH_USER;19:25:43;2026-05-15;9050103301;5003;1714;171A;7776;EA;7776;H '24 LIP BALM 0.15OZ US DTC;4500017187;50;101;B;C;C;C;C;C;C;B;1714;EL;2026-05-15;EXW;CHIUA;2026-05-20 00:00:00;553650073;1711;2026-05-15;2026-05-19;0080196245
180033222;60;ELN;BATCH_USER;19:25:43;2026-05-15;9050093501;3003;1714;171A;4800;EA;4800;H '25 HAIR PUTTY 2.5OZ US;4500017187;60;101;C;C;C;C;C;C;C;C;1714;EL;2026-05-15;EXW;CHIUA;2026-05-20 00:00:00;553650073;1711;2026-05-15;2026-05-19;0080196245
180033237;10;ZELN;SAP_WFRT;07:15:05;2026-05-18;9050076702;1007;7101;171A;12096;EA;12096;F' ND DERMAPLANE RETAIL HANDLE, US;4500016518;10;109;A;C;C;C;C;C;C;A;7101;ZEL;2026-07-19;EXW;SAP_WFRT;2026-05-18 00:00:00;SZCHI5411908;1010267;2026-05-18;;77
180033238;10;ELN;CHIUA;13:58:15;2026-05-18;9150240301;6002;7816;178A;7280;EA;7280;L '26 POWDERSS 2.6OZ 2PK+0.5OZ COSTCO V2;4500016708;20;101;C;C;C;C;C;C;C;C;7815;EL;2026-05-16;DAP;CHIUA;2026-05-18 00:00:00;;1003563;2026-05-16;2026-05-16;3108385
180033239;10;ELN;CHIUA;13:59:16;2026-05-18;9150240301;6002;7816;178A;3920;EA;3920;L '26 POWDERSS 2.6OZ 2PK+0.5OZ COSTCO V2;4500016708;20;101;C;C;C;C;C;C;C;C;7815;EL;2026-05-15;DAP;CHIUA;2026-05-18 00:00:00;;1003563;2026-05-15;2026-05-15;3108412
180033240;10;ELN;CHIUA;13:59:47;2026-05-18;9150240301;6002;7816;178A;5320;EA;5320;L '26 POWDERSS 2.6OZ 2PK+0.5OZ COSTCO V2;4500016708;20;101;C;C;C;C;C;C;C;C;7815;EL;2026-05-16;DAP;CHIUA;2026-05-18 00:00:00;;1003563;2026-05-16;2026-05-16;3108413
180033241;10;ELN;CHIUA;14:02:44;2026-05-18;9150240301;6002;7815;178A;5880;EA;5880;L '26 POWDERSS 2.6OZ 2PK+0.5OZ COSTCO V2;4500016747;10;101;C;C;C;C;C;C;C;C;7815;EL;2026-05-15;DAP;CHIUA;2026-05-18 00:00:00;;1003563;2026-05-15;2026-05-15;3112387
180033242;10;ELN;CHIUA;14:03:22;2026-05-18;9150240301;6002;7815;178A;6720;EA;6720;L '26 POWDERSS 2.6OZ 2PK+0.5OZ COSTCO V2;4500016747;10;101;C;C;C;C;C;C;C;C;7815;EL;2026-05-15;DAP;CHIUA;2026-05-18 00:00:00;;1003563;2026-05-15;2026-05-15;3112388
180033249;10;ZELN;CHIUA;20:34:24;2026-05-18;9050058308;6002;7803;178A;20214;EA;20214;DEO WIPES 45 COUNT POUCH CUCUMBER;4500015970;40;109;C;C;C;C;C;C;C;C;7803;ZEL;2026-05-12;EXW;FINERB;2026-05-19 00:00:00;;1010091;2026-05-12;2026-05-18;
180033259;10;ZELN;SAP_WFRT;07:25:05;2026-05-19;9050033201;1002;7101;171A;26208;EA;26208;DISPOSABLES 4CT (RED, DKBLU, LTBLU,GRN);4500016466;10;109;A;C;C;C;C;C;C;A;7101;ZEL;2026-07-19;EXW;;00:00:00;VNCHI5409006;1009089;2026-05-19;;147
180033260;10;ZELN;SAP_WFRT;07:25:11;2026-05-19;9050033201;1002;7101;171A;26208;EA;26208;DISPOSABLES 4CT (RED, DKBLU, LTBLU,GRN);4500016466;10;109;A;C;C;C;C;C;C;A;7101;ZEL;2026-07-19;EXW;;00:00:00;VNCHI5409006;1009089;2026-05-19;;146
180033263;10;ZELN;SAP_WFRT;14:05:05;2026-05-19;9200000504;1001;9999;171A;1440000;EA;1440000;5 BLADE G2 HOUSING;4500016409;10;109;A;C;C;C;C;C;C;A;9999;ZEL;2026-05-18;EXW;SAP_WFRT;2026-05-19 00:00:00;NYC5377665;1000026;2026-05-19;;0049017159
180033264;10;ZELN;SAP_WFRT;14:05:11;2026-05-19;9200000503;1001;9999;171A;1440000;EA;1440000;5 BLADE G2 FRAME;4500016408;10;109;A;C;C;C;C;C;C;A;9999;ZEL;2026-05-18;EXW;SAP_WFRT;2026-05-19 00:00:00;NYC5377665;1000026;2026-05-19;;0049017157
180033265;10;ZELN;SAP_WFRT;14:05:16;2026-05-19;9050013402;1001;1714;171A;96000;EA;96000;2CT BLADE PACK - G2++;4500016399;10;109;C;C;C;C;C;C;C;C;1714;ZEL;2026-05-18;EXW;SAP_WFRT;2026-06-17 00:00:00;CHI5377663;1000026;2026-05-19;2026-06-17;0049017155
180033266;10;ZELN;SAP_WFRT;14:05:22;2026-05-19;9050013404;1001;1714;171A;270000;EA;270000;4CT BLADE PACK - G2++;4500016388;10;109;C;C;C;C;C;C;C;C;1714;ZEL;2026-05-18;EXW;SAP_WFRT;2026-06-17 00:00:00;CHI5377663;1000026;2026-05-19;2026-06-17;0049017154
180033267;10;ZELN;SAP_WFRT;14:05:28;2026-05-19;9050013404;1001;1722;171A;360000;EA;360000;4CT BLADE PACK - G2++;4500016378;10;109;A;C;C;C;C;C;C;A;1722;ZEL;2026-05-19;EXW;SAP_WFRT;2026-05-19 00:00:00;NYC5377662;1000026;2026-05-20;;0049017161
180033268;10;ZELN;SAP_WFRT;14:05:33;2026-05-19;9200002301;1001;1714;171A;75000;EA;75000;H '24 G3 PLUS CARTRIDGE W/ PROT CAP;4500016391;10;109;C;C;C;C;C;C;C;C;1714;ZEL;2026-05-18;EXW;SAP_WFRT;2026-06-17 00:00:00;CHI5377663;1000026;2026-05-19;2026-06-17;0049017156
180033269;10;ZELN;SAP_WFRT;14:05:39;2026-05-19;9200000504;1001;9999;171A;60000;EA;60000;5 BLADE G2 HOUSING;4500016409;10;109;A;C;C;C;C;C;C;A;9999;ZEL;2026-05-18;EXW;SAP_WFRT;2026-05-19 00:00:00;NYC5377665;1000026;2026-05-19;;0049017158
180033273;10;ELN;CHIUA;14:24:40;2026-05-19;9150240301;6002;7816;178A;6720;EA;6720;L '26 POWDERSS 2.6OZ 2PK+0.5OZ COSTCO V2;4500016708;20;101;C;C;C;C;C;C;C;C;7815;EL;2026-05-18;DAP;CHIUA;2026-05-19 00:00:00;;1003563;2026-05-18;2026-05-18;3108409
180033274;10;ELN;CHIUA;14:25:15;2026-05-19;9150240301;6002;7816;178A;5600;EA;5600;L '26 POWDERSS 2.6OZ 2PK+0.5OZ COSTCO V2;4500016708;20;101;C;C;C;C;C;C;C;C;7815;EL;2026-05-18;DAP;CHIUA;2026-05-19 00:00:00;;1003563;2026-05-18;2026-05-18;3108410
180033275;10;ELN;CHIUA;14:25:51;2026-05-19;9150240301;6002;7816;178A;5040;EA;5040;L '26 POWDERSS 2.6OZ 2PK+0.5OZ COSTCO V2;4500016708;20;101;C;C;C;C;C;C;C;C;7815;EL;2026-05-18;DAP;CHIUA;2026-05-19 00:00:00;;1003563;2026-05-18;2026-05-18;3115624
180033276;10;ELN;CHIUA;14:27:29;2026-05-19;9150240301;6002;7815;178A;6720;EA;6720;L '26 POWDERSS 2.6OZ 2PK+0.5OZ COSTCO V2;4500016747;10;101;C;C;C;C;C;C;C;C;7815;EL;2026-05-18;DAP;CHIUA;2026-05-19 00:00:00;;1003563;2026-05-18;2026-05-18;3112386
180033277;10;ELN;CHIUA;14:28:03;2026-05-19;9150240301;6002;7815;178A;8960;EA;8960;L '26 POWDERSS 2.6OZ 2PK+0.5OZ COSTCO V2;4500016747;10;101;C;C;C;C;C;C;C;C;7815;EL;2026-05-18;DAP;CHIUA;2026-05-19 00:00:00;;1003563;2026-05-18;2026-05-18;3112391
180033279;10;ZELN;SAP_WFRT;15:35:05;2026-05-19;9050059002;6002;1786;178A;7680;EA;7680;SOLID DEO 2.6OZ STICK LAVENDER;4500016175;180;109;C;C;C;C;C;C;C;C;1786;ZEL;2026-05-17;EXW;BLANTOS;2026-05-20 00:00:00;2146874;1010837;2026-05-18;2026-05-20;2605SDH00089525
180033282;10;ZELN;SAP_WFRT;16:05:17;2026-05-19;9050059002;6002;1787;178A;20304;EA;20304;SOLID DEO 2.6OZ STICK LAVENDER;4500016175;50;109;C;C;C;C;C;C;C;C;1787;ZEL;2026-05-17;EXW;BLANTOS;2026-05-20 00:00:00;2146874;1010837;2026-05-18;2026-05-20;2605SDH00089526
180033292;10;ELN;SAP_WFRT;19:04:07;2026-05-19;9150240301;6002;7815;178A;4040;EA;4040;L '26 POWDERSS 2.6OZ 2PK+0.5OZ COSTCO V2;4500016747;10;101;C;C;C;C;C;C;C;C;7815;EL;2026-05-18;DAP;SAP_WFRT;2026-05-19 00:00:00;99999999;1003563;2026-05-19;2026-05-19;3112392
180033293;10;ELN;SAP_WFRT;19:04:08;2026-05-19;9150240301;6002;7815;178A;3240;EA;3240;L '26 POWDERSS 2.6OZ 2PK+0.5OZ COSTCO V2;4500016747;10;101;C;C;C;C;C;C;C;C;7815;EL;2026-05-18;DAP;SAP_WFRT;2026-05-19 00:00:00;99999999;1003563;2026-05-19;2026-05-19;3112392
180033298;10;ELN;SAP_WFRT;21:19:31;2026-05-19;9150240301;6002;7816;178A;3360;EA;3360;L '26 POWDERSS 2.6OZ 2PK+0.5OZ COSTCO V2;4500016708;20;101;C;C;C;C;C;C;C;C;7815;EL;2026-05-18;DAP;SAP_WFRT;2026-05-19 00:00:00;99999999;1003563;2026-05-19;2026-05-19;3115623
180033299;10;ELN;SAP_WFRT;21:33:34;2026-05-19;9150240301;6002;7816;178A;280;EA;280;L '26 POWDERSS 2.6OZ 2PK+0.5OZ COSTCO V2;4500016708;20;101;C;C;C;C;C;C;C;C;7815;EL;2026-05-18;DAP;SAP_WFRT;2026-05-19 00:00:00;99999999;1003563;2026-05-19;2026-05-19;3115626
180033301;10;ELN;SIDDIQZ;22:00:17;2026-05-19;9150240301;6002;7816;178A;2240;EA;2240;L '26 POWDERSS 2.6OZ 2PK+0.5OZ COSTCO V2;4500016708;20;101;C;C;C;C;C;C;C;C;7815;EL;2026-05-19;DAP;SIDDIQZ;2026-05-19 00:00:00;99999999;1003563;2026-05-19;2026-05-19;3115623
180033302;10;ELN;SIDDIQZ;22:00:17;2026-05-19;9150240301;6002;7816;178A;1960;EA;1960;L '26 POWDERSS 2.6OZ 2PK+0.5OZ COSTCO V2;4500016708;20;101;C;C;C;C;C;C;C;C;7815;EL;2026-05-19;DAP;SIDDIQZ;2026-05-19 00:00:00;99999999;1003563;2026-05-19;2026-05-19;3115623
180033303;10;ELN;SIDDIQZ;22:00:17;2026-05-19;9150240301;6002;7816;178A;2800;EA;2800;L '26 POWDERSS 2.6OZ 2PK+0.5OZ COSTCO V2;4500016708;20;101;C;C;C;C;C;C;C;C;7815;EL;2026-05-19;DAP;SIDDIQZ;2026-05-19 00:00:00;99999999;1003563;2026-05-19;2026-05-19;3115626
180033304;10;ELN;SIDDIQZ;22:00:18;2026-05-19;9150240301;6002;7816;178A;3920;EA;3920;L '26 POWDERSS 2.6OZ 2PK+0.5OZ COSTCO V2;4500016708;20;101;C;C;C;C;C;C;C;C;7815;EL;2026-05-19;DAP;SIDDIQZ;2026-05-19 00:00:00;99999999;1003563;2026-05-19;2026-05-19;3115626
180033312;10;ELN;SAP_WFRT;04:04:12;2026-05-20;9150240301;6002;7815;178A;1960;EA;1960;L '26 POWDERSS 2.6OZ 2PK+0.5OZ COSTCO V2;4500016747;10;101;C;C;C;C;C;C;C;C;7815;EL;2026-05-19;DAP;SAP_WFRT;2026-05-20 00:00:00;99999999;1003563;2026-05-20;2026-05-20;3112393
180033313;10;ZELN;SAP_WFRT;04:05:05;2026-05-20;9050099303;1001;7101;171A;39960;EA;39960;H '25 TRUMAN PACK G2++ OCEAN NA RTL;4500016102;10;109;A;C;C;C;C;C;C;A;7101;ZEL;2026-06-29;EXW;;00:00:00;XM12604AYFH3;1001040;2026-05-19;;2114047534
180033314;10;ZELN;SAP_WFRT;04:05:11;2026-05-20;9200004701;1001;9999;171A;36720;EA;36720;H '25 BULK HNDLE W CART G3 BLACK RETAIL;4500016437;10;109;A;C;C;C;C;C;C;A;9999;ZEL;2026-07-09;EXW;;00:00:00;XM12604AYFH3;1001040;2026-05-19;;2114047538
180033314;20;ZELN;SAP_WFRT;04:05:11;2026-05-20;9200004704;1001;9999;171A;24480;EA;24480;H '25 BULK HNDLE W CART G3 RED RETAIL;4500016440;10;109;A;C;C;C;C;C;C;A;9999;ZEL;2026-07-09;EXW;;00:00:00;XM12604AYFH3;1001040;2026-05-19;;2114047538
180033315;10;ZELN;SAP_WFRT;04:05:16;2026-05-20;9050077909;1001;7101;171A;2808;EA;2808;F '26 HANDLE PINK US RTL - 1CT;4500016461;10;109;A;C;C;C;C;C;C;A;7101;ZEL;2026-07-19;EXW;;00:00:00;XM12604AYFH3;1001040;2026-05-19;;2114047535
180033316;10;ZELN;SAP_WFRT;04:05:22;2026-05-20;9050067909;1001;7101;171A;37440;EA;37440;F '26 HANDLE PINK US RTL;4500016460;10;109;A;C;C;C;C;C;C;A;7101;ZEL;2026-07-19;EXW;;00:00:00;XM12604AYFH3;1001040;2026-05-19;;2114047536
180033317;10;ZELN;SAP_WFRT;04:05:28;2026-05-20;9050067909;1001;7101;171A;18720;EA;18720;F '26 HANDLE PINK US RTL;4500016460;10;109;A;C;C;C;C;C;C;A;7101;ZEL;2026-07-19;EXW;;00:00:00;XM12604AYFH3;1001040;2026-05-19;;2114047537
180033318;10;ZELN;SAP_WFRT;04:05:33;2026-05-20;9050109501;1005;1734;171A;64512;EA;64512;H '25 TRAVEL BLADE COVER;4500016429;10;109;A;C;C;C;C;C;C;A;1734;ZEL;2026-07-09;EXW;SAP_WFRT;2026-05-20 00:00:00;XM12604AYFH3;1001040;2026-05-19;;2114047539
180033319;10;ELN;SIDDIQZ;05:00:10;2026-05-20;9150240301;6002;7815;178A;1960;EA;1960;L '26 POWDERSS 2.6OZ 2PK+0.5OZ COSTCO V2;4500016747;10;101;C;C;C;C;C;C;C;C;7815;EL;2026-05-20;DAP;SIDDIQZ;2026-05-20 00:00:00;99999999;1003563;2026-05-20;2026-05-20;3112393
180033320;10;ZELN;SAP_WFRT;06:10:05;2026-05-20;9050088703;1001;7101;171A;20160;EA;20160;F '25 MOISTURE+ PACK FIG US RTL;4500016034;10;109;A;C;C;C;C;C;C;A;7101;ZEL;2026-06-21;EXW;;00:00:00;VNCHI5414462;1009089;2026-05-20;;148
180033321;10;ELN;SAP_WFRT;07:32:49;2026-05-20;9150240301;6002;7816;178A;1680;EA;1680;L '26 POWDERSS 2.6OZ 2PK+0.5OZ COSTCO V2;4500016708;20;101;C;C;C;C;C;C;C;C;7815;EL;2026-05-19;DAP;SAP_WFRT;2026-05-20 00:00:00;99999999;1003563;2026-05-20;2026-05-20;3115625
180033322;10;ELN;SIDDIQZ;08:00:14;2026-05-20;9150240301;6002;7816;178A;3360;EA;3360;L '26 POWDERSS 2.6OZ 2PK+0.5OZ COSTCO V2;4500016708;20;101;C;C;C;C;C;C;C;C;7815;EL;2026-05-20;DAP;SIDDIQZ;2026-05-20 00:00:00;99999999;1003563;2026-05-20;2026-05-20;3115625
180033323;10;ELN;SIDDIQZ;08:00:15;2026-05-20;9150240301;6002;7816;178A;3640;EA;3640;L '26 POWDERSS 2.6OZ 2PK+0.5OZ COSTCO V2;4500016708;20;101;C;C;C;C;C;C;C;C;7815;EL;2026-05-20;DAP;SIDDIQZ;2026-05-20 00:00:00;99999999;1003563;2026-05-20;2026-05-20;3115625
180033325;10;ZELN;TEST_PEOUM;13:11:42;2026-05-20;9050058208;6002;1787;178A;100032;EA;100032;DEO WIPES 15 COUNT POUCH CUCUMBER;4500015970;20;109;C;C;C;C;C;C;C;C;1787;ZEL;2026-05-20;EXW;BLANTOS;2026-05-20 00:00:00;;1010091;2026-05-20;2026-05-19;
180033326;10;ZELN;TEST_PEOUM;13:12:23;2026-05-20;9050058208;6002;1787;178A;80064;EA;80064;DEO WIPES 15 COUNT POUCH CUCUMBER;4500015970;20;109;C;C;C;C;C;C;C;C;1787;ZEL;2026-05-20;EXW;BLANTOS;2026-05-20 00:00:00;;1010091;2026-05-20;2026-05-19;
180033328;10;ZELN;SAP_WFRT;14:05:06;2026-05-20;9200002301;1001;1722;171A;75000;EA;75000;H '24 G3 PLUS CARTRIDGE W/ PROT CAP;4500016390;10;109;A;C;C;C;C;C;C;A;1722;ZEL;2026-05-19;EXW;SAP_WFRT;2026-05-20 00:00:00;NYC5377662;1000026;2026-05-20;;0049017164
180033329;10;ZELN;SAP_WFRT;14:05:11;2026-05-20;9050116404;1001;1722;171A;37800;EA;37800;H '25 G3 PLUS CARTRIDGE DISPENSER 4CT;4500016392;10;109;A;C;C;C;C;C;C;A;1722;ZEL;2026-05-19;EXW;SAP_WFRT;2026-05-20 00:00:00;NYC5377662;1000026;2026-05-20;;0049017163
180033330;10;ZELN;SAP_WFRT;14:05:17;2026-05-20;9050013404;1001;1722;171A;117000;EA;117000;4CT BLADE PACK - G2++;4500016378;10;109;A;C;C;C;C;C;C;A;1722;ZEL;2026-05-19;EXW;SAP_WFRT;2026-05-20 00:00:00;NYC5377662;1000026;2026-05-20;;0049017162
180033331;10;ZELN;SAP_WFRT;14:05:22;2026-05-20;9050013402;1001;1722;171A;24000;EA;24000;2CT BLADE PACK - G2++;4500016379;10;109;A;C;C;C;C;C;C;A;1722;ZEL;2026-05-19;EXW;SAP_WFRT;2026-05-20 00:00:00;NYC5377662;1000026;2026-05-20;;0049017165
180033340;10;ELN;SAP_WFRT;18:55:10;2026-05-20;9150240301;6002;7815;178A;179;EA;179;L '26 POWDERSS 2.6OZ 2PK+0.5OZ COSTCO V2;4500016747;10;101;C;C;C;C;C;C;C;C;7815;EL;2026-05-19;DAP;SAP_WFRT;2026-05-20 00:00:00;99999999;1003563;2026-05-20;2026-05-20;3112394
180033341;10;ELN;SAP_WFRT;18:55:12;2026-05-20;9150240301;6002;7815;178A;1025;EA;1025;L '26 POWDERSS 2.6OZ 2PK+0.5OZ COSTCO V2;4500016747;10;101;C;C;C;C;C;C;C;C;7815;EL;2026-05-19;DAP;SAP_WFRT;2026-05-20 00:00:00;99999999;1003563;2026-05-20;2026-05-20;3112394
180033342;10;ELN;SIDDIQZ;19:00:16;2026-05-20;9150240301;6002;7815;178A;8036;EA;8036;L '26 POWDERSS 2.6OZ 2PK+0.5OZ COSTCO V2;4500016747;10;101;C;C;C;C;C;C;C;C;7815;EL;2026-05-20;DAP;SIDDIQZ;2026-05-20 00:00:00;99999999;1003563;2026-05-20;2026-05-20;3112394
180033356;10;ZELN;SAP_WFRT;20:35:05;2026-05-20;9050061501;4001;1786;178A;8064;EA;8064;BODY WASH 8.5OZ TUBE UNSCENTED;4500015761;70;109;C;C;C;C;C;C;C;C;1786;ZEL;2026-05-19;EXW;BLANTOS;2026-06-01 00:00:00;2150675;1010837;2026-05-20;2026-05-21;2605SDH00089542
180033356;20;ZELN;SAP_WFRT;20:35:05;2026-05-20;9050061603;4001;1786;178A;15228;EA;15228;BODY WASH 8.5OZ TUBE TANGERINE;4500015761;20;109;C;C;C;C;C;C;C;C;1786;ZEL;2026-05-19;EXW;BLANTOS;2026-06-01 00:00:00;2150675;1010837;2026-05-20;2026-05-21;2605SDH00089542
180033357;10;ZELN;SAP_WFRT;20:35:11;2026-05-20;9050061603;4001;1787;178A;10080;EA;10080;BODY WASH 8.5OZ TUBE TANGERINE;4500015761;80;109;A;C;C;C;C;C;C;A;1787;ZEL;2026-05-19;EXW;;00:00:00;2150675;1010837;2026-05-20;;2605SDH00089544
180033359;10;ELN;SAP_WFRT;21:27:59;2026-05-20;9150240301;6002;7816;178A;1680;EA;1680;L '26 POWDERSS 2.6OZ 2PK+0.5OZ COSTCO V2;4500016708;20;101;C;C;C;C;C;C;C;C;7815;EL;2026-05-19;DAP;SAP_WFRT;2026-05-20 00:00:00;99999999;1003563;2026-05-20;2026-05-20;3115641
180033360;10;ZELN;SAP_WFRT;21:35:05;2026-05-20;9050062405;4001;1786;178A;4656;EA;4656;BODY WASH 8.5OZ TUBE PEONY;4500016017;40;109;C;C;C;C;C;C;C;C;1786;ZEL;2026-05-19;EXW;BLANTOS;2026-05-21 00:00:00;2150675;1010837;2026-05-20;2026-05-21;2605SDH00089546
180033361;10;ZELN;SAP_WFRT;21:35:06;2026-05-20;9050061704;4001;1787;178A;4116;EA;4116;BODY WASH 8.5OZ TUBE COCONUT;4500016018;40;109;C;C;C;C;C;C;C;C;1787;ZEL;2026-05-19;EXW;BLANTOS;2026-05-21 00:00:00;2150675;1010837;2026-05-20;2026-05-21;2605SDH00089545
180033362;10;ZELN;SAP_WFRT;21:35:12;2026-05-20;9050061501;4001;1787;178A;31212;EA;31212;BODY WASH 8.5OZ TUBE UNSCENTED;4500015761;10;109;C;C;C;C;C;C;C;C;1787;ZEL;2026-05-19;EXW;BLANTOS;2026-06-01 00:00:00;2150666;1010837;2026-05-20;2026-05-22;2605SDH00089548
180033363;10;ZELN;SAP_WFRT;21:35:17;2026-05-20;9050062405;4001;1786;178A;10080;EA;10080;BODY WASH 8.5OZ TUBE PEONY;4500016017;40;109;C;C;C;C;C;C;C;C;1786;ZEL;2026-05-19;EXW;BLANTOS;2026-05-21 00:00:00;2150675;1010837;2026-05-20;2026-05-21;2605SDH00089547
180033364;10;ZELN;SAP_WFRT;21:35:23;2026-05-20;9050061704;4001;1787;178A;10080;EA;10080;BODY WASH 8.5OZ TUBE COCONUT;4500016018;40;109;C;C;C;C;C;C;C;C;1787;ZEL;2026-05-19;EXW;BLANTOS;2026-05-26 00:00:00;2150666;1010837;2026-05-20;2026-05-22;2605SDH00089549
180033364;20;ZELN;SAP_WFRT;21:35:23;2026-05-20;9050064924;4001;1787;178A;15360;EA;15360;MANDO BODY WASH 8.5 OZ BOURBON;4500016018;60;109;C;C;C;C;C;C;C;C;1787;ZEL;2026-05-19;EXW;BLANTOS;2026-05-26 00:00:00;2150666;1010837;2026-05-20;2026-05-22;2605SDH00089549
180033366;10;ELN;SIDDIQZ;22:00:17;2026-05-20;9150240301;6002;7816;178A;6440;EA;6440;L '26 POWDERSS 2.6OZ 2PK+0.5OZ COSTCO V2;4500016708;20;101;C;C;C;C;C;C;C;C;7815;EL;2026-05-20;DAP;SIDDIQZ;2026-05-20 00:00:00;99999999;1003563;2026-05-20;2026-05-20;3115641
180033368;10;ELN;SAP_WFRT;04:04:57;2026-05-21;9150240301;6002;7815;178A;7000;EA;7000;L '26 POWDERSS 2.6OZ 2PK+0.5OZ COSTCO V2;4500016747;10;101;C;C;C;C;C;C;C;C;7815;EL;2026-05-20;DAP;SAP_WFRT;2026-05-21 00:00:00;99999999;1003563;2026-05-21;2026-05-21;3112395
180033369;10;ELN;SAP_WFRT;06:26:22;2026-05-21;9150240301;6002;7816;178A;1680;EA;1680;L '26 POWDERSS 2.6OZ 2PK+0.5OZ COSTCO V2;4500016708;20;101;C;C;C;C;C;C;C;C;7815;EL;2026-05-20;DAP;SAP_WFRT;2026-05-21 00:00:00;99999999;1003563;2026-05-21;2026-05-21;3115640
180033370;10;ELN;SAP_WFRT;06:26:24;2026-05-21;9150240301;6002;7816;178A;1960;EA;1960;L '26 POWDERSS 2.6OZ 2PK+0.5OZ COSTCO V2;4500016708;20;101;C;C;C;C;C;C;C;C;7815;EL;2026-05-20;DAP;SAP_WFRT;2026-05-21 00:00:00;99999999;1003563;2026-05-21;2026-05-21;3115640
180033371;10;ELN;SIDDIQZ;07:00:13;2026-05-21;9150240301;6002;7816;178A;2800;EA;2800;L '26 POWDERSS 2.6OZ 2PK+0.5OZ COSTCO V2;4500016708;20;101;C;C;C;C;C;C;C;C;7815;EL;2026-05-21;DAP;SIDDIQZ;2026-05-21 00:00:00;99999999;1003563;2026-05-21;2026-05-21;3115640
180033372;10;ELN;SIDDIQZ;07:00:14;2026-05-21;9150240301;6002;7816;178A;280;EA;280;L '26 POWDERSS 2.6OZ 2PK+0.5OZ COSTCO V2;4500016708;20;101;C;C;C;C;C;C;C;C;7815;EL;2026-05-21;DAP;SIDDIQZ;2026-05-21 00:00:00;99999999;1003563;2026-05-21;2026-05-21;3115640
180033385;10;ELN;SAP_WFRT;18:47:12;2026-05-21;9150240301;6002;7815;178A;1960;EA;1960;L '26 POWDERSS 2.6OZ 2PK+0.5OZ COSTCO V2;4500016747;10;101;C;C;C;C;C;C;C;C;7815;EL;2026-05-20;DAP;SAP_WFRT;2026-05-21 00:00:00;99999999;1003563;2026-05-21;2026-05-21;3112396
180033386;10;ELN;SAP_WFRT;18:47:14;2026-05-21;9150240301;6002;7815;178A;2800;EA;2800;L '26 POWDERSS 2.6OZ 2PK+0.5OZ COSTCO V2;4500016747;10;101;C;C;C;C;C;C;C;C;7815;EL;2026-05-20;DAP;SAP_WFRT;2026-05-21 00:00:00;99999999;1003563;2026-05-21;2026-05-21;3112396
180033388;10;ELN;SIDDIQZ;19:00:20;2026-05-21;9150240301;6002;7815;178A;4480;EA;4480;L '26 POWDERSS 2.6OZ 2PK+0.5OZ COSTCO V2;4500016747;10;101;C;C;C;C;C;C;C;C;7815;EL;2026-05-21;DAP;SIDDIQZ;2026-05-21 00:00:00;99999999;1003563;2026-05-21;2026-05-21;3112396
180033394;10;ELN;SAP_WFRT;21:00:39;2026-05-21;9150240301;6002;7816;178A;4760;EA;4760;L '26 POWDERSS 2.6OZ 2PK+0.5OZ COSTCO V2;4500016708;20;101;C;C;C;C;C;C;C;C;7815;EL;2026-05-20;DAP;SAP_WFRT;2026-05-21 00:00:00;99999999;1003563;2026-05-21;2026-05-21;3108408
180033395;10;ELN;SAP_WFRT;21:04:11;2026-05-21;9150240301;6002;7816;178A;560;EA;560;L '26 POWDERSS 2.6OZ 2PK+0.5OZ COSTCO V2;4500016708;20;101;C;C;C;C;C;C;C;C;7815;EL;2026-05-20;DAP;SAP_WFRT;2026-05-21 00:00:00;99999999;1003563;2026-05-21;2026-05-21;3115621
180033396;10;ELN;SAP_WFRT;21:04:15;2026-05-21;9150240301;6002;7816;178A;5320;EA;5320;L '26 POWDERSS 2.6OZ 2PK+0.5OZ COSTCO V2;4500016708;20;101;C;C;C;C;C;C;C;C;7815;EL;2026-05-20;DAP;SAP_WFRT;2026-05-21 00:00:00;99999999;1003563;2026-05-21;2026-05-21;3115621
180033402;10;ELN;SIDDIQZ;22:00:17;2026-05-21;9150240301;6002;7816;178A;1960;EA;1960;L '26 POWDERSS 2.6OZ 2PK+0.5OZ COSTCO V2;4500016708;20;101;C;C;C;C;C;C;C;C;7815;EL;2026-05-21;DAP;SIDDIQZ;2026-05-21 00:00:00;99999999;1003563;2026-05-21;2026-05-21;3108408
180033405;10;ELN;SAP_WFRT;02:25:53;2026-05-22;9150240301;6002;7815;178A;560;EA;560;L '26 POWDERSS 2.6OZ 2PK+0.5OZ COSTCO V2;4500016747;10;101;C;C;C;C;C;C;C;C;7815;EL;2026-05-20;DAP;SAP_WFRT;2026-05-22 00:00:00;99999999;1003563;2026-05-21;2026-05-21;3112397
180033406;10;ZELN;SAP_WFRT;04:05:05;2026-05-22;9200004702;1001;1722;171A;67320;EA;67320;H '25 BULK HNDLE W CART G3 BLUE RETAIL;4500016124;10;109;A;C;C;C;C;C;C;A;1722;ZEL;2026-07-09;EXW;SAP_WFRT;2026-05-22 00:00:00;XIA1859746;1001040;2026-05-20;;2114047540
180033406;20;ZELN;SAP_WFRT;04:05:05;2026-05-22;9050116501;1005;1722;171A;102000;EA;102000;H '25 PLUS TRAVEL BLADE COVER;4500016431;10;109;A;C;C;C;C;C;C;A;1722;ZEL;2026-07-09;EXW;SAP_WFRT;2026-05-22 00:00:00;XIA1859746;1001040;2026-05-20;;2114047540
180033407;10;ELN;SAP_WFRT;04:12:35;2026-05-22;9150197601;1001;1722;171A;3960;EA;3960;H' 26 WINSTON SET US RTL COSTCO;4500016214;10;101;C;C;C;C;C;C;C;C;1722;EL;2026-05-21;DAP;CHIUA;2026-05-27 00:00:00;99999999;1003563;2026-05-22;2026-05-21;3117017
180033408;10;ELN;SAP_WFRT;06:07:42;2026-05-22;9150240301;6002;7816;178A;2240;EA;2240;L '26 POWDERSS 2.6OZ 2PK+0.5OZ COSTCO V2;4500016708;20;101;C;C;C;C;C;C;C;C;7815;EL;2026-05-21;DAP;SAP_WFRT;2026-05-22 00:00:00;99999999;1003563;2026-05-22;2026-05-22;3119913
180033409;10;ELN;SIDDIQZ;07:00:14;2026-05-22;9150240301;6002;7816;178A;1960;EA;1960;L '26 POWDERSS 2.6OZ 2PK+0.5OZ COSTCO V2;4500016708;20;101;C;C;C;C;C;C;C;C;7815;EL;2026-05-22;DAP;SIDDIQZ;2026-05-22 00:00:00;99999999;1003563;2026-05-22;2026-05-22;3119913
180033410;10;ELN;SIDDIQZ;07:00:14;2026-05-22;9150240301;6002;7816;178A;3640;EA;3640;L '26 POWDERSS 2.6OZ 2PK+0.5OZ COSTCO V2;4500016708;20;101;C;C;C;C;C;C;C;C;7815;EL;2026-05-22;DAP;SIDDIQZ;2026-05-22 00:00:00;99999999;1003563;2026-05-22;2026-05-22;3119913
180033412;10;ZELN;SAP_WFRT;14:05:05;2026-05-22;9050116404;1001;1714;171A;37800;EA;37800;H '25 G3 PLUS CARTRIDGE DISPENSER 4CT;4500016393;10;109;A;C;C;C;C;C;C;A;1714;ZEL;2026-05-21;EXW;SAP_WFRT;2026-05-22 00:00:00;CHI5377670;1000026;2026-05-22;;0049017167
180033416;10;ELN;SAP_WFRT;18:43:16;2026-05-22;9150240301;6002;7815;178A;1960;EA;1960;L '26 POWDERSS 2.6OZ 2PK+0.5OZ COSTCO V2;4500016747;10;101;C;C;C;C;C;C;C;C;7815;EL;2026-05-21;DAP;SAP_WFRT;2026-05-22 00:00:00;99999999;1003563;2026-05-22;2026-05-22;3112399
180033418;10;ELN;SIDDIQZ;19:00:19;2026-05-22;9150240301;6002;7815;178A;7280;EA;7280;L '26 POWDERSS 2.6OZ 2PK+0.5OZ COSTCO V2;4500016747;10;101;C;C;C;C;C;C;C;C;7815;EL;2026-05-22;DAP;SIDDIQZ;2026-05-22 00:00:00;99999999;1003563;2026-05-22;2026-05-22;3112399
180033419;10;ELN;SAP_WFRT;19:00:22;2026-05-22;9150197601;1001;1722;171A;899;EA;899;H' 26 WINSTON SET US RTL COSTCO;4500016214;10;101;C;C;C;C;C;C;C;C;1722;EL;2026-05-21;DAP;CHIUA;2026-05-26 00:00:00;99999999;1003563;2026-05-22;2026-05-22;3117018
180033420;10;ELN;SIDDIQZ;20:00:20;2026-05-22;9150197601;1001;1722;171A;5221;EA;5221;H' 26 WINSTON SET US RTL COSTCO;4500016214;10;101;C;C;C;C;C;C;C;C;1722;EL;2026-05-22;DAP;CHIUA;2026-05-26 00:00:00;99999999;1003563;2026-05-22;2026-05-22;3117018
180033421;10;ELN;SAP_WFRT;20:43:08;2026-05-22;9150240301;6002;7816;178A;4760;EA;4760;L '26 POWDERSS 2.6OZ 2PK+0.5OZ COSTCO V2;4500016708;20;101;C;C;C;C;C;C;C;C;7815;EL;2026-05-21;DAP;SAP_WFRT;2026-05-22 00:00:00;99999999;1003563;2026-05-22;2026-05-22;3119916
180033422;10;ELN;SIDDIQZ;21:00:18;2026-05-22;9150240301;6002;7816;178A;1120;EA;1120;L '26 POWDERSS 2.6OZ 2PK+0.5OZ COSTCO V2;4500016708;20;101;C;C;C;C;C;C;C;C;7815;EL;2026-05-22;DAP;SIDDIQZ;2026-05-22 00:00:00;99999999;1003563;2026-05-22;2026-05-22;3119916
180033423;10;ELN;SIDDIQZ;21:00:19;2026-05-22;9150240301;6002;7816;178A;840;EA;840;L '26 POWDERSS 2.6OZ 2PK+0.5OZ COSTCO V2;4500016708;20;101;C;C;C;C;C;C;C;C;7815;EL;2026-05-22;DAP;SIDDIQZ;2026-05-22 00:00:00;99999999;1003563;2026-05-22;2026-05-22;3119916
180033427;10;ELN;SAP_WFRT;04:03:27;2026-05-23;9150197601;1001;1722;171A;4320;EA;4320;H' 26 WINSTON SET US RTL COSTCO;4500016214;10;101;C;C;C;C;C;C;C;C;1722;EL;2026-05-22;DAP;CHIUA;2026-05-26 00:00:00;99999999;1003563;2026-05-23;2026-05-22;3117019
180033428;10;ELN;SAP_WFRT;04:03:28;2026-05-23;9150197601;1001;1722;171A;2160;EA;2160;H' 26 WINSTON SET US RTL COSTCO;4500016214;10;101;C;C;C;C;C;C;C;C;1722;EL;2026-05-22;DAP;CHIUA;2026-05-26 00:00:00;99999999;1003563;2026-05-23;2026-05-22;3117019
180033440;10;ZELN;SAP_WFRT;14:05:05;2026-05-26;9050013404;1001;7101;171A;270000;EA;270000;4CT BLADE PACK - G2++;4500016411;10;109;A;C;C;C;C;C;C;A;7101;ZEL;2026-05-25;EXW;SAP_WFRT;2026-05-26 00:00:00;CHI5377673;1000026;2026-05-26;;0049017181
180033441;10;ZELN;SAP_WFRT;14:05:06;2026-05-26;9050116404;1001;1711;171A;88200;EA;88200;H '25 G3 PLUS CARTRIDGE DISPENSER 4CT;4500016394;10;109;A;C;C;C;C;C;C;A;1711;ZEL;2026-05-25;EXW;SAP_WFRT;2026-05-26 00:00:00;NYC5377668;1000026;2026-05-26;;0049017180
180033442;10;ZELN;SAP_WFRT;14:05:11;2026-05-26;9050013404;1001;1711;171A;225000;EA;225000;4CT BLADE PACK - G2++;4500016377;10;109;C;C;C;C;C;C;C;C;1711;ZEL;2026-05-25;EXW;SAP_WFRT;2026-06-19 00:00:00;NYC5377668;1000026;2026-05-26;2026-06-19;0049017179
180033443;10;ZELN;SAP_WFRT;14:05:17;2026-05-26;9050116404;1001;9999;171A;252000;EA;252000;H '25 G3 PLUS CARTRIDGE DISPENSER 4CT;4500016395;10;109;C;C;C;C;C;C;C;C;9999;ZEL;2026-05-25;EXW;CHIUA;2026-06-18 00:00:00;NYC5377676;1000026;2026-05-26;2026-06-18;0049017178
180033444;10;ZELN;SAP_WFRT;14:05:23;2026-05-26;9050013404;1001;1734;171A;90000;EA;90000;4CT BLADE PACK - G2++;4500016410;10;109;A;C;C;C;C;C;C;A;1734;ZEL;2026-05-25;EXW;SAP_WFRT;2026-05-26 00:00:00;CHI5377673;1000026;2026-05-26;;0049017182
180033445;10;ZELN;SAP_WFRT;14:05:28;2026-05-26;9050013404;1001;9999;171A;360000;EA;360000;4CT BLADE PACK - G2++;4500016381;10;109;C;C;C;C;C;C;C;C;9999;ZEL;2026-05-25;EXW;CHIUA;2026-06-18 00:00:00;NYC5377674;1000026;2026-05-26;2026-06-17;0049017175
180033446;10;ELN;CHIUA;15:10:20;2026-05-26;9150240301;6002;7816;178A;2520;EA;2520;L '26 POWDERSS 2.6OZ 2PK+0.5OZ COSTCO V2;4500016708;20;101;C;C;C;C;C;C;C;C;7815;EL;2026-05-19;DAP;CHIUA;2026-05-26 00:00:00;;1003563;2026-05-19;2026-05-19;3115624
180033450;10;ZELN;SAP_WFRT;16:25:05;2026-05-26;9050059005;6002;7803;178A;32856;EA;32856;SOLID DEO 2.6OZ STICK PEONY;4500015969;10;109;C;C;C;C;C;C;C;C;7803;ZEL;2026-05-28;EXW;PEREZJ;2026-06-02 00:00:00;2151277;1002434;2026-05-26;2026-05-29;522
180033454;10;ELN;SAP_WFRT;18:52:08;2026-05-26;9150240301;6002;7815;178A;5600;EA;5600;L '26 POWDERSS 2.6OZ 2PK+0.5OZ COSTCO V2;4500016747;10;101;C;C;C;C;C;C;C;C;7815;EL;2026-05-25;DAP;SAP_WFRT;2026-05-26 00:00:00;99999999;1003563;2026-05-26;2026-05-26;3112408
180033455;10;ELN;SAP_WFRT;18:52:10;2026-05-26;9150240301;6002;7815;178A;3640;EA;3640;L '26 POWDERSS 2.6OZ 2PK+0.5OZ COSTCO V2;4500016747;10;101;C;C;C;C;C;C;C;C;7815;EL;2026-05-25;DAP;SAP_WFRT;2026-05-26 00:00:00;99999999;1003563;2026-05-26;2026-05-26;3112408
180033456;10;ELN;SAP_WFRT;18:56:15;2026-05-26;9150197601;1001;1722;171A;3784;EA;3784;H' 26 WINSTON SET US RTL COSTCO;4500016214;10;101;C;C;C;C;C;C;C;C;1722;EL;2026-05-25;DAP;CHIUA;2026-05-27 00:00:00;99999999;1003563;2026-05-26;2026-05-26;3122506
180033457;10;ELN;SIDDIQZ;19:00:25;2026-05-26;9150197601;1001;1722;171A;4136;EA;4136;H' 26 WINSTON SET US RTL COSTCO;4500016214;10;101;C;C;C;C;C;C;C;C;1722;EL;2026-05-26;DAP;CHIUA;2026-05-27 00:00:00;99999999;1003563;2026-05-26;2026-05-26;3122506
180033466;10;ZELN;CHIUA;19:24:25;2026-05-26;6350002702;1;9997;;70380;EA;70380;PKG SOLID DEO 2.6 OZ STICK LAVENDER R3;4500016652;10;109;C;C;C;C;C;C;C;C;9997;ZEL;2026-05-22;;CHIUA;2026-06-01 00:00:00;;1011162;2026-05-22;2026-05-26;
180033466;20;ZELN;CHIUA;19:24:25;2026-05-26;6350064411;1;9997;;53820;EA;53820;PKG LUME AP SOLID 2.6OZ VANILLA R1;4500016652;60;109;C;C;C;C;C;C;C;C;9997;ZEL;2026-05-22;;CHIUA;2026-06-01 00:00:00;;1011162;2026-05-22;2026-05-26;
180033466;30;ZELN;CHIUA;19:24:25;2026-05-26;6350065731;1;9997;;33120;EA;33120;PKG LUME AP SOLID 2.6OZ FRESH SPRING;4500016652;70;109;C;C;C;C;C;C;C;C;9997;ZEL;2026-05-22;;CHIUA;2026-06-01 00:00:00;;1011162;2026-05-22;2026-05-26;
180033466;40;ZELN;CHIUA;19:24:25;2026-05-26;6350064523;1;9997;;49680;EA;49680;PKG MANDO AP SOLID 2.6OZ PRO SPORT R1;4500016652;80;109;C;C;C;C;C;C;C;C;9997;ZEL;2026-05-22;;CHIUA;2026-06-01 00:00:00;;1011162;2026-05-22;2026-05-26;
180033466;50;ZELN;CHIUA;19:24:25;2026-05-26;6350011899;1;9997;;82800;EA;82800;PKG SOLID SWEAT CONTROL 2.6Z STICK PLUG;4500016652;90;109;C;C;C;C;C;C;C;C;9997;ZEL;2026-05-22;;CHIUA;2026-06-01 00:00:00;;1011162;2026-05-22;2026-05-26;
180033466;60;ZELN;CHIUA;19:24:25;2026-05-26;63500109;1;9997;;49680;EA;49680;PKG SOLID PLUG 2.6 OZ MANDO GENERIC H;4500016652;100;109;C;C;C;C;C;C;C;C;9997;ZEL;2026-05-22;;CHIUA;2026-06-01 00:00:00;;1011162;2026-05-22;2026-05-26;
180033466;70;ZELN;CHIUA;19:24:25;2026-05-26;6350002299;1;9997;;500940;EA;500940;PKG DEO SOLID 2.6OZ STICK PLUG;4500016652;110;109;C;C;C;C;C;C;C;C;9997;ZEL;2026-05-22;;CHIUA;2026-06-01 00:00:00;;1011162;2026-05-22;2026-05-26;
180033467;10;ZELN;CHIUA;19:27:01;2026-05-26;6350002299;1;9997;;66240;EA;66240;PKG DEO SOLID 2.6OZ STICK PLUG;4500016809;30;109;C;C;C;C;C;C;C;C;9997;ZEL;2026-05-22;;CHIUA;2026-06-01 00:00:00;;1011162;2026-05-22;2026-05-26;
180033477;10;ZELN;CHIUA;20:16:47;2026-05-26;6350000903;1;9997;178A;28800;EA;28800;DEO CREAM 2.2OZ STICK CAP TANGERINE R3;4500016504;10;109;C;C;C;C;C;C;C;C;9997;ZEL;2026-05-25;EXW;CHIUA;2026-06-03 00:00:00;;1011162;2026-05-25;2026-05-31;
180033477;20;ZELN;CHIUA;20:16:47;2026-05-26;6350000910;1;9997;178A;27950;EA;27950;DEO CREAM 2.2OZ STICK CAP POWDER R3;4500016504;20;109;C;C;C;C;C;C;C;C;9997;ZEL;2026-05-25;EXW;CHIUA;2026-06-03 00:00:00;;1011162;2026-05-25;2026-05-31;
180033477;30;ZELN;CHIUA;20:16:47;2026-05-26;6350000810;1;9997;178A;30600;EA;30600;DEO CREAM 2.2OZ STICK BASE POWDER R3;4500016504;30;109;C;C;C;C;C;C;C;C;9997;ZEL;2026-05-25;EXW;CHIUA;2026-06-03 00:00:00;;1011162;2026-05-25;2026-05-31;
180033477;40;ZELN;CHIUA;20:16:47;2026-05-26;6350000804;1;9997;178A;28050;EA;28050;DEO CREAM 2.2OZ STICK BASE COCONUT R3;4500016504;50;109;C;C;C;C;C;C;C;C;9997;ZEL;2026-05-25;EXW;CHIUA;2026-06-03 00:00:00;;1011162;2026-05-25;2026-05-31;
180033477;50;ZELN;CHIUA;20:16:47;2026-05-26;6350000904;1;9997;178A;28200;EA;28200;DEO CREAM 2.2OZ STICK CAP COCONUT R3;4500016504;60;109;C;C;C;C;C;C;C;C;9997;ZEL;2026-05-25;EXW;CHIUA;2026-06-03 00:00:00;;1011162;2026-05-25;2026-05-31;
180033479;10;ZELN;SAP_WFRT;20:40:05;2026-05-26;9050057002;6002;1787;178A;14770;EA;14770;DEO CREAM 3OZ TUBE LAVENDER;4500015823;30;109;C;C;C;C;C;C;C;C;1787;ZEL;2026-06-04;EXW;BLANTOS;2026-05-29 00:00:00;99995123;1000776;2026-05-26;2026-05-28;3992
180033479;20;ZELN;SAP_WFRT;20:40:05;2026-05-26;9050057004;6002;1787;178A;9240;EA;9240;DEO CREAM 3OZ TUBE COCONUT;4500015823;50;109;C;C;C;C;C;C;C;C;1787;ZEL;2026-06-04;EXW;BLANTOS;2026-05-29 00:00:00;99995123;1000776;2026-05-26;2026-05-28;3992
180033479;30;ZELN;SAP_WFRT;20:40:05;2026-05-26;9050057005;6002;1787;178A;10360;EA;10360;DEO CREAM 3OZ TUBE PEONY;4500015823;70;109;C;C;C;C;C;C;C;C;1787;ZEL;2026-06-04;EXW;BLANTOS;2026-05-29 00:00:00;99995123;1000776;2026-05-26;2026-05-28;3992
180033486;10;ELN;SAP_WFRT;21:39:40;2026-05-26;9150240301;6002;7816;178A;280;EA;280;L '26 POWDERSS 2.6OZ 2PK+0.5OZ COSTCO V2;4500016708;20;101;C;C;C;C;C;C;C;C;7815;EL;2026-05-25;DAP;SAP_WFRT;2026-05-26 00:00:00;99999999;1003563;2026-05-26;2026-05-26;3119915
180033488;10;ELN;SIDDIQZ;22:00:22;2026-05-26;9150240301;6002;7816;178A;560;EA;560;L '26 POWDERSS 2.6OZ 2PK+0.5OZ COSTCO V2;4500016708;20;101;C;C;C;C;C;C;C;C;7815;EL;2026-05-26;DAP;SIDDIQZ;2026-05-26 00:00:00;99999999;1003563;2026-05-26;2026-05-26;3119915
180033489;10;ELN;SIDDIQZ;22:00:22;2026-05-26;9150240301;6002;7816;178A;1120;EA;1120;L '26 POWDERSS 2.6OZ 2PK+0.5OZ COSTCO V2;4500016708;20;101;C;C;C;C;C;C;C;C;7815;EL;2026-05-26;DAP;SIDDIQZ;2026-05-26 00:00:00;99999999;1003563;2026-05-26;2026-05-26;3119915
180033496;10;ZELN;SAP_WFRT;04:05:05;2026-05-27;9050099304;1001;7101;171A;5400;EA;5400;H '25 TRUMAN PACK G2++ SAGE NA RTL;4500016451;10;109;A;C;C;C;C;C;C;A;7101;ZEL;2026-07-04;EXW;;00:00:00;XM12605AOUS0;1001040;2026-05-26;;2114047573
180033496;20;ZELN;SAP_WFRT;04:05:05;2026-05-27;9050099401;1001;7101;171A;7560;EA;7560;H '25 WINSTON PACK G2++ SMOKE NA RTL;4500016454;10;109;A;C;C;C;C;C;C;A;7101;ZEL;2026-07-04;EXW;;00:00:00;XM12605AOUS0;1001040;2026-05-26;;2114047573
180033496;30;ZELN;SAP_WFRT;04:05:05;2026-05-27;9050099304;1001;7101;171A;29160;EA;29160;H '25 TRUMAN PACK G2++ SAGE NA RTL;4500016103;10;109;A;C;C;C;C;C;C;A;7101;ZEL;2026-07-04;EXW;;00:00:00;XM12605AOUS0;1001040;2026-05-26;;2114047573
180033497;10;ZELN;SAP_WFRT;04:05:16;2026-05-27;9050067905;1001;7101;171A;6552;EA;6552;F'RETAIL HNDL PREMIUM US DOLPHIN REFRESH;4500016459;10;109;A;C;C;C;C;C;C;A;7101;ZEL;2026-07-09;EXW;;00:00:00;XM12605AOUS0;1001040;2026-05-26;;2114047572
180033497;20;ZELN;SAP_WFRT;04:05:16;2026-05-27;9050099303;1001;7101;171A;15120;EA;15120;H '25 TRUMAN PACK G2++ OCEAN NA RTL;4500016450;10;109;A;C;C;C;C;C;C;A;7101;ZEL;2026-07-09;EXW;;00:00:00;XM12605AOUS0;1001040;2026-05-26;;2114047572
180033497;30;ZELN;SAP_WFRT;04:05:16;2026-05-27;9050099302;1001;7101;171A;15120;EA;15120;H '25 TRUMAN PACK G2++ EMBER NA RTL;4500016449;10;109;A;C;C;C;C;C;C;A;7101;ZEL;2026-07-09;EXW;;00:00:00;XM12605AOUS0;1001040;2026-05-26;;2114047572
180033498;10;ZELN;SAP_WFRT;04:05:18;2026-05-27;9050129601;1001;1113;111A;2100;EA;2100;H '25 STARTER SET G2++ ORANGE EU RTL;4500016531;10;109;A;C;C;C;C;C;C;A;111E;ZEL;2026-07-10;EXW;;00:00:00;;1001040;2026-05-26;;2114047567
180033499;10;ZELN;SAP_WFRT;04:05:24;2026-05-27;9050114701;1001;1114;111A;5400;EA;5400;H '25 TRUMAN PACK G2++ INDIGO UK RTL;4500016118;10;109;A;C;C;C;C;C;C;A;111E;ZEL;2026-07-10;EXW;;00:00:00;XIA1859763;1001040;2026-05-26;;2114047568
180033499;20;ZELN;SAP_WFRT;04:05:24;2026-05-27;9050115001;1001;1114;111A;6750;EA;6750;H '25 STARTER SET G2++ ORANGE UK RTL;4500016119;10;109;A;C;C;C;C;C;C;A;111E;ZEL;2026-07-10;EXW;;00:00:00;XIA1859763;1001040;2026-05-26;;2114047568
180033499;30;ZELN;SAP_WFRT;04:05:24;2026-05-27;9050109001;1001;1114;111A;4320;EA;4320;H '25 TRUMAN G2++ GREEN DTC;4500016117;10;109;A;C;C;C;C;C;C;A;111E;ZEL;2026-07-10;EXW;;00:00:00;XIA1859763;1001040;2026-05-26;;2114047568
180033500;10;ELN;SAP_WFRT;04:20:21;2026-05-27;9150197601;1001;1722;171A;4320;EA;4320;H' 26 WINSTON SET US RTL COSTCO;4500016214;10;101;C;C;C;C;C;C;C;C;1722;EL;2026-05-26;DAP;CHIUA;2026-05-27 00:00:00;99999999;1003563;2026-05-27;2026-05-26;3122507
180033501;10;ELN;SAP_WFRT;04:20:21;2026-05-27;9150197601;1001;1722;171A;2880;EA;2880;H' 26 WINSTON SET US RTL COSTCO;4500016214;10;101;C;C;C;C;C;C;C;C;1722;EL;2026-05-26;DAP;CHIUA;2026-05-27 00:00:00;99999999;1003563;2026-05-27;2026-05-26;3122507
180033503;10;ELN;SAP_WFRT;08:41:14;2026-05-27;9150240301;6002;7816;178A;6440;EA;6440;L '26 POWDERSS 2.6OZ 2PK+0.5OZ COSTCO V2;4500016708;20;101;C;C;C;C;C;C;C;C;7815;EL;2026-05-26;DAP;SAP_WFRT;2026-05-27 00:00:00;99999999;1003563;2026-05-27;2026-05-27;3119917
180033504;10;ELN;SIDDIQZ;09:00:12;2026-05-27;9150240301;6002;7816;178A;2520;EA;2520;L '26 POWDERSS 2.6OZ 2PK+0.5OZ COSTCO V2;4500016708;20;101;C;C;C;C;C;C;C;C;7815;EL;2026-05-27;DAP;SIDDIQZ;2026-05-27 00:00:00;99999999;1003563;2026-05-27;2026-05-27;3119917
180033508;10;ZELN;SAP_WFRT;14:05:05;2026-05-27;9050013404;1001;1721;171A;360000;EA;360000;4CT BLADE PACK - G2++;4500016380;10;109;A;C;C;C;C;C;C;A;1721;ZEL;2026-05-26;EXW;SAP_WFRT;2026-05-27 00:00:00;LAX5377678;1000026;2026-05-27;;0049017183
180033515;10;ELN;SAP_WFRT;18:44:23;2026-05-27;9150240301;6002;7815;178A;560;EA;560;L '26 POWDERSS 2.6OZ 2PK+0.5OZ COSTCO V2;4500016747;10;101;C;C;C;C;C;C;C;C;7815;EL;2026-05-26;DAP;SAP_WFRT;2026-05-27 00:00:00;99999999;1003563;2026-05-27;2026-05-27;3112410
180033517;10;ELN;SIDDIQZ;19:00:24;2026-05-27;9150240301;6002;7815;178A;8400;EA;8400;L '26 POWDERSS 2.6OZ 2PK+0.5OZ COSTCO V2;4500016747;10;101;C;C;C;C;C;C;C;C;7815;EL;2026-05-27;DAP;SIDDIQZ;2026-05-27 00:00:00;99999999;1003563;2026-05-27;2026-05-27;3112410
180033518;10;ELN;SIDDIQZ;19:00:24;2026-05-27;9150240301;6002;7815;178A;840;EA;840;L '26 POWDERSS 2.6OZ 2PK+0.5OZ COSTCO V2;4500016747;10;101;C;C;C;C;C;C;C;C;7815;EL;2026-05-27;DAP;SIDDIQZ;2026-05-27 00:00:00;99999999;1003563;2026-05-27;2026-05-27;3112410
180033519;10;ELN;SAP_WFRT;19:02:26;2026-05-27;9150197601;1001;1722;171A;5091;EA;5091;H' 26 WINSTON SET US RTL COSTCO;4500016214;10;101;C;C;C;C;C;C;C;C;1722;EL;2026-05-26;DAP;CHIUA;2026-05-28 00:00:00;99999999;1003563;2026-05-27;2026-05-27;3122508
180033520;10;ELN;SAP_WFRT;19:02:27;2026-05-27;9150197601;1001;1722;171A;3909;EA;3909;H' 26 WINSTON SET US RTL COSTCO;4500016214;10;101;C;C;C;C;C;C;C;C;1722;EL;2026-05-26;DAP;CHIUA;2026-05-28 00:00:00;99999999;1003563;2026-05-27;2026-05-27;3122508
180033521;10;ELN;SAP_WFRT;19:14:59;2026-05-27;9050088704;1001;1722;171A;1968;EA;1968;F '25 MOISTURE+ REFILL 8CT US RTL;4500015988;10;101;C;C;C;C;C;C;C;C;1722;EL;2026-06-18;DAP;SAP_WFRT;2026-05-27 00:00:00;99999999;1003563;2026-05-27;2026-05-27;3114155
180033522;10;ZELN;SAP_WFRT;19:20:06;2026-05-27;9050092202;4001;7101;171A;2604;EA;2604;H '26 BODY WASH STONE 30OZ US;4500016426;10;109;C;C;C;C;C;C;C;C;7101;ZEL;2026-08-12;EXW;SAP_WFRT;2026-06-01 00:00:00;554967263;1005413;2026-05-27;2026-06-01;1475
180033528;10;ZELN;CHIUA;20:28:26;2026-05-27;9200000201;1001;9999;171A;980000;EA;980000;FLAMINGO BIC - U.S 5B BULK CARTRIDGE;4500016485;10;109;A;C;C;C;C;C;C;A;9999;ZEL;2026-05-22;EXW;CHIUA;2026-05-27 00:00:00;;1005551;2026-05-22;;
180033529;10;ZELN;CHIUA;20:28:45;2026-05-27;9200000201;1001;1722;171A;140000;EA;140000;FLAMINGO BIC - U.S 5B BULK CARTRIDGE;4500016486;10;109;A;C;C;C;C;C;C;A;1722;ZEL;2026-05-22;EXW;CHIUA;2026-05-27 00:00:00;;1005551;2026-05-22;;
180033532;10;ZELN;CHIUA;20:33:07;2026-05-27;9200003202;1001;1722;171A;32000;EA;32000;H TRUMAN OCEAN HANDLE BULK - NO CART;4500015681;10;109;A;C;C;C;C;C;C;A;1722;ZEL;2026-05-22;EXW;CHIUA;2026-05-27 00:00:00;;1013720;2026-05-22;;
180033538;10;ELN;SAP_WFRT;21:30:04;2026-05-27;9150240301;6002;7816;178A;4200;EA;4200;L '26 POWDERSS 2.6OZ 2PK+0.5OZ COSTCO V2;4500016708;20;101;C;C;C;C;C;C;C;C;7815;EL;2026-05-26;DAP;SAP_WFRT;2026-05-27 00:00:00;99999999;1003563;2026-05-27;2026-05-27;3122873
180033540;10;ELN;SIDDIQZ;22:00:33;2026-05-27;9150240301;6002;7816;178A;1400;EA;1400;L '26 POWDERSS 2.6OZ 2PK+0.5OZ COSTCO V2;4500016708;20;101;C;C;C;C;C;C;C;C;7815;EL;2026-05-27;DAP;SIDDIQZ;2026-05-27 00:00:00;99999999;1003563;2026-05-27;2026-05-27;3122873
180033542;10;ELN;SAP_WFRT;03:51:20;2026-05-28;9050088704;1001;1722;171A;7800;EA;7800;F '25 MOISTURE+ REFILL 8CT US RTL;4500015988;10;101;C;C;C;C;C;C;C;C;1722;EL;2026-06-18;DAP;SAP_WFRT;2026-05-28 00:00:00;99999999;1003563;2026-05-27;2026-05-27;3125395
180033543;10;ELN;SAP_WFRT;04:00:50;2026-05-28;9150197601;1001;1722;171A;6120;EA;6120;H' 26 WINSTON SET US RTL COSTCO;4500016214;10;101;C;C;C;C;C;C;C;C;1722;EL;2026-05-27;DAP;CHIUA;2026-05-28 00:00:00;99999999;1003563;2026-05-28;2026-05-28;3122514
180033544;10;ELN;SAP_WFRT;04:00:51;2026-05-28;9150197601;1001;1722;171A;1440;EA;1440;H' 26 WINSTON SET US RTL COSTCO;4500016214;10;101;C;C;C;C;C;C;C;C;1722;EL;2026-05-27;DAP;CHIUA;2026-05-28 00:00:00;99999999;1003563;2026-05-28;2026-05-28;3122514
180033545;10;ELN;SAP_WFRT;08:52:58;2026-05-28;9150240301;6002;7816;178A;1680;EA;1680;L '26 POWDERSS 2.6OZ 2PK+0.5OZ COSTCO V2;4500016708;20;101;C;C;C;C;C;C;C;C;7815;EL;2026-05-27;DAP;SAP_WFRT;2026-05-28 00:00:00;99999999;1003563;2026-05-28;2026-05-28;3122872
180033546;10;ELN;SAP_WFRT;08:53:00;2026-05-28;9150240301;6002;7816;178A;1960;EA;1960;L '26 POWDERSS 2.6OZ 2PK+0.5OZ COSTCO V2;4500016708;20;101;C;C;C;C;C;C;C;C;7815;EL;2026-05-27;DAP;SAP_WFRT;2026-05-28 00:00:00;99999999;1003563;2026-05-28;2026-05-28;3122872
180033547;10;ELN;SIDDIQZ;09:00:23;2026-05-28;9150240301;6002;7816;178A;1960;EA;1960;L '26 POWDERSS 2.6OZ 2PK+0.5OZ COSTCO V2;4500016708;20;101;C;C;C;C;C;C;C;C;7815;EL;2026-05-28;DAP;SIDDIQZ;2026-05-28 00:00:00;99999999;1003563;2026-05-28;2026-05-28;3122872
180033548;10;ELN;SIDDIQZ;09:00:23;2026-05-28;9150240301;6002;7816;178A;3360;EA;3360;L '26 POWDERSS 2.6OZ 2PK+0.5OZ COSTCO V2;4500016708;20;101;C;C;C;C;C;C;C;C;7815;EL;2026-05-28;DAP;SIDDIQZ;2026-05-28 00:00:00;99999999;1003563;2026-05-28;2026-05-28;3122872
180033550;10;ZELN;SAP_WFRT;14:05:06;2026-05-28;9200001401;1001;9999;171A;18000;EA;18000;F '23 PUBIC CARTRIDGES G2++ 4CT US;4500016479;10;109;A;C;C;C;C;C;C;A;9999;ZEL;2026-05-25;EXW;SAP_WFRT;2026-05-28 00:00:00;NYC5377674;1000026;2026-05-26;;0049017177
180033551;10;ZELN;SAP_WFRT;14:05:12;2026-05-28;9050013404;1001;9999;171A;270000;EA;270000;4CT BLADE PACK - G2++;4500016381;10;109;C;C;C;C;C;C;C;C;9999;ZEL;2026-05-25;EXW;CHIUA;2026-06-18 00:00:00;NYC5377674;1000026;2026-05-26;2026-06-17;0049017176
180033560;10;ELN;SAP_WFRT;17:29:10;2026-05-28;9150197601;1001;1722;171A;1440;EA;1440;H' 26 WINSTON SET US RTL COSTCO;4500016214;10;101;C;C;C;C;C;C;C;C;1722;EL;2026-05-27;DAP;CHIUA;2026-05-29 00:00:00;99999999;1003563;2026-05-28;2026-05-28;3122253
180033561;10;ELN;SAP_WFRT;17:29:11;2026-05-28;9150197601;1001;1722;171A;5400;EA;5400;H' 26 WINSTON SET US RTL COSTCO;4500016214;10;101;C;C;C;C;C;C;C;C;1722;EL;2026-05-27;DAP;CHIUA;2026-05-29 00:00:00;99999999;1003563;2026-05-28;2026-05-28;3122253
180033567;10;ELN;SAP_WFRT;18:42:55;2026-05-28;9150240301;6002;7815;178A;3080;EA;3080;L '26 POWDERSS 2.6OZ 2PK+0.5OZ COSTCO V2;4500016747;10;101;C;C;C;C;C;C;C;C;7815;EL;2026-05-27;DAP;SAP_WFRT;2026-05-28 00:00:00;99999999;1003563;2026-05-28;2026-05-28;3112412
180033569;10;ELN;SIDDIQZ;19:00:24;2026-05-28;9150240301;6002;7815;178A;7000;EA;7000;L '26 POWDERSS 2.6OZ 2PK+0.5OZ COSTCO V2;4500016747;10;101;C;C;C;C;C;C;C;C;7815;EL;2026-05-28;DAP;SIDDIQZ;2026-05-28 00:00:00;99999999;1003563;2026-05-28;2026-05-28;3112412
180033570;10;ELN;SAP_WFRT;19:05:23;2026-05-28;9150197601;1001;1722;171A;1800;EA;1800;H' 26 WINSTON SET US RTL COSTCO;4500016214;10;101;C;C;C;C;C;C;C;C;1722;EL;2026-05-27;DAP;CHIUA;2026-05-29 00:00:00;99999999;1003563;2026-05-28;2026-05-29;3127138
180033575;10;ZELN;CHIUA;19:26:36;2026-05-28;9050143933;6002;1786;178A;21384;EA;21384;SOLID DEO 2.6 OZ STCK SUMMER PEACH;4500016471;20;109;C;C;C;C;C;C;C;C;1786;ZEL;2026-05-01;EXW;BLANTOS;2026-05-29 00:00:00;;1010110;2026-05-01;2026-05-28;
180033576;10;ZELN;TEST_PEOUM;19:45:59;2026-05-28;9050131503;6002;7803;178A;36528;EA;36528;LUME DEO SPRAY 3.6 OZ TANGERINE R1;4500017198;30;109;A;C;C;C;C;C;C;A;7803;ZEL;2026-05-28;EXW;TEST_PEOUM;2026-05-28 00:00:00;;1010516;2026-05-28;;
180033577;10;ZELN;TEST_PEOUM;19:48:20;2026-05-28;9050119511;6002;7803;178A;29844;EA;29844;LUME DEO SPRAY 3.6 OZ VANILLA BLISS;4500017198;10;109;C;C;C;C;C;C;C;C;7803;ZEL;2026-05-28;EXW;PUSHIEK;2026-06-04 00:00:00;;1010516;2026-05-28;2026-06-01;
180033577;20;ZELN;TEST_PEOUM;19:48:20;2026-05-28;9050131610;6002;7803;178A;35520;EA;35520;LUME DEO SPRAY 3.6 OZ POWDER R1;4500017198;20;109;C;C;C;C;C;C;C;C;7803;ZEL;2026-05-28;EXW;PUSHIEK;2026-06-04 00:00:00;;1010516;2026-05-28;2026-06-01;
180033578;10;ZELN;TEST_PEOUM;19:50:25;2026-05-28;9050131610;6002;7803;178A;66600;EA;66600;LUME DEO SPRAY 3.6 OZ POWDER R1;4500017198;20;109;C;C;C;C;C;C;C;C;7803;ZEL;2026-05-28;EXW;PUSHIEK;2026-06-09 00:00:00;;1010516;2026-05-28;2026-06-01;
180033579;10;ELN;SAP_WFRT;20:57:32;2026-05-28;9150240301;6002;7816;178A;3640;EA;3640;L '26 POWDERSS 2.6OZ 2PK+0.5OZ COSTCO V2;4500016708;20;101;C;C;C;C;C;C;C;C;7815;EL;2026-05-27;DAP;SAP_WFRT;2026-05-28 00:00:00;99999999;1003563;2026-05-28;2026-05-28;3122871
180033580;10;ELN;SIDDIQZ;21:00:25;2026-05-28;9150240301;6002;7816;178A;1960;EA;1960;L '26 POWDERSS 2.6OZ 2PK+0.5OZ COSTCO V2;4500016708;20;101;C;C;C;C;C;C;C;C;7815;EL;2026-05-28;DAP;SIDDIQZ;2026-05-28 00:00:00;99999999;1003563;2026-05-28;2026-05-28;3122871
180033581;10;ELN;SIDDIQZ;21:00:25;2026-05-28;9150240301;6002;7816;178A;1120;EA;1120;L '26 POWDERSS 2.6OZ 2PK+0.5OZ COSTCO V2;4500016708;20;101;C;C;C;C;C;C;C;C;7815;EL;2026-05-28;DAP;SIDDIQZ;2026-05-28 00:00:00;99999999;1003563;2026-05-28;2026-05-28;3122871
180033582;10;ELN;SIDDIQZ;21:00:25;2026-05-28;9150240301;6002;7816;178A;2520;EA;2520;L '26 POWDERSS 2.6OZ 2PK+0.5OZ COSTCO V2;4500016708;20;101;C;C;C;C;C;C;C;C;7815;EL;2026-05-28;DAP;SIDDIQZ;2026-05-28 00:00:00;99999999;1003563;2026-05-28;2026-05-28;3122871
180033583;10;ZELN;SAP_WFRT;21:35:05;2026-05-28;9050059005;6002;1787;178A;23640;EA;23640;SOLID DEO 2.6OZ STICK PEONY;4500016175;80;109;C;C;C;C;C;C;C;C;1787;ZEL;2026-05-27;EXW;BLANTOS;2026-06-03 00:00:00;2155638;1010837;2026-05-28;2026-05-29;2605SDH00089604
180033584;10;ZELN;SAP_WFRT;21:35:05;2026-05-28;9050059002;6002;1787;178A;4824;EA;4824;SOLID DEO 2.6OZ STICK LAVENDER;4500015968;130;109;C;C;C;C;C;C;C;C;1787;ZEL;2026-05-27;EXW;BLANTOS;2026-05-29 00:00:00;2155638;1010837;2026-05-28;2026-05-29;2605SDH00089607
180033585;10;ZELN;SAP_WFRT;21:35:17;2026-05-28;9050054304;4001;1787;178A;8400;EA;8400;BODY WASH 1.5OZ MINI TUBE COCONUT;4500015815;30;109;C;C;C;C;C;C;C;C;1787;ZEL;2026-05-27;EXW;BLANTOS;2026-05-29 00:00:00;2155638;1010837;2026-05-28;2026-05-29;2605SDH00089603
180033589;10;ZELN;SAP_WFRT;04:05:05;2026-05-29;9200004702;1001;9999;171A;48960;EA;48960;H '25 BULK HNDLE W CART G3 BLUE RETAIL;4500016439;10;109;A;C;C;C;C;C;C;A;9999;ZEL;2026-07-09;EXW;;00:00:00;XM12605AOUS0;1001040;2026-05-27;;2114047570
180033590;10;ZELN;SAP_WFRT;04:05:05;2026-05-29;9050067301;1001;1722;171A;48960;EA;48960;H WINSTON CHROME HANDLE BULK G2++ CART;4500016438;10;109;A;C;C;C;C;C;C;A;1722;ZEL;2026-07-19;EXW;SAP_WFRT;2026-05-29 00:00:00;XIA1882959;1001040;2026-05-27;;2114047574
180033590;20;ZELN;SAP_WFRT;04:05:05;2026-05-29;9200004702;1001;1722;171A;79560;EA;79560;H '25 BULK HNDLE W CART G3 BLUE RETAIL;4500016442;10;109;A;C;C;C;C;C;C;A;1722;ZEL;2026-07-19;EXW;SAP_WFRT;2026-05-29 00:00:00;XIA1882959;1001040;2026-05-27;;2114047574
180033590;30;ZELN;SAP_WFRT;04:05:05;2026-05-29;9200004901;1001;1722;171A;15300;EA;15300;H '25 BULK HANDLE WITH CART G3 BLACK TGT;4500016728;10;109;A;C;C;C;C;C;C;A;1722;ZEL;2026-07-19;EXW;SAP_WFRT;2026-05-29 00:00:00;XIA1882959;1001040;2026-05-27;;2114047574
180033590;40;ZELN;SAP_WFRT;04:05:05;2026-05-29;9050122801;1005;1722;171A;17000;EA;17000;H '25 PLUS TRAVEL BLADE COVER BLACK TGT;4500016729;10;109;A;C;C;C;C;C;C;A;1722;ZEL;2026-07-19;EXW;SAP_WFRT;2026-05-29 00:00:00;XIA1882959;1001040;2026-05-27;;2114047574
180033590;50;ZELN;SAP_WFRT;04:05:05;2026-05-29;9200005801;1005;1722;171A;36000;EA;36000;F' 26 LTO BULK SHOWER HOLDER PLUM US;4500016779;10;109;A;C;C;C;C;C;C;A;1722;ZEL;2026-07-19;EXW;SAP_WFRT;2026-05-29 00:00:00;XIA1882959;1001040;2026-05-27;;2114047574
180033591;10;ZELN;SAP_WFRT;04:05:11;2026-05-29;9050109101;1001;1714;171A;25920;EA;25920;H '25 TRUMAN G2++ BLUE DTC;4500016109;10;109;A;C;C;C;C;C;C;A;1714;ZEL;2026-07-09;EXW;;00:00:00;XM12605AOUS0;1001040;2026-05-27;;2114047569
180033592;10;ZELN;SAP_WFRT;04:05:17;2026-05-29;9050033018;1001;7101;171A;936;EA;936;F' HANDLE SAGE CAN;4500016464;10;109;A;C;C;C;C;C;C;A;7101;ZEL;2026-07-19;EXW;;00:00:00;XM12605AOUS0;1001040;2026-05-27;;2114047571
180033592;20;ZELN;SAP_WFRT;04:05:17;2026-05-29;9050067910;1001;7101;171A;9360;EA;9360;F’ 26 HANDLE ORCHID US RTL;4500016462;10;109;A;C;C;C;C;C;C;A;7101;ZEL;2026-07-19;EXW;;00:00:00;XM12605AOUS0;1001040;2026-05-27;;2114047571
180033592;30;ZELN;SAP_WFRT;04:05:17;2026-05-29;9050033016;1001;7101;171A;1872;EA;1872;F' HANDLE ROSE CAN;4500016463;10;109;A;C;C;C;C;C;C;A;7101;ZEL;2026-07-19;EXW;;00:00:00;XM12605AOUS0;1001040;2026-05-27;;2114047571
180033593;10;ZELN;SAP_WFRT;04:05:23;2026-05-29;9050216701;1001;1722;171A;31680;EA;31680;F'26 LTO BULK PLUM HANDLE US;4500016778;10;109;A;C;C;C;C;C;C;A;1722;ZEL;2026-07-19;EXW;;00:00:00;XIA1882959;1001040;2026-05-27;;2114047576
180033594;10;ELN;SAP_WFRT;04:09:11;2026-05-29;9150240301;6002;7815;178A;280;EA;280;L '26 POWDERSS 2.6OZ 2PK+0.5OZ COSTCO V2;4500016747;10;101;C;C;C;C;C;C;C;C;7815;EL;2026-05-28;DAP;SAP_WFRT;2026-05-29 00:00:00;99999999;1003563;2026-05-29;2026-05-29;3112413
180033595;10;ELN;SIDDIQZ;05:00:11;2026-05-29;9150240301;6002;7815;178A;1400;EA;1400;L '26 POWDERSS 2.6OZ 2PK+0.5OZ COSTCO V2;4500016747;10;101;C;C;C;C;C;C;C;C;7815;EL;2026-05-29;DAP;SIDDIQZ;2026-05-29 00:00:00;99999999;1003563;2026-05-29;2026-05-29;3112413
180033596;10;ELN;SIDDIQZ;05:00:11;2026-05-29;9150240301;6002;7815;178A;4200;EA;4200;L '26 POWDERSS 2.6OZ 2PK+0.5OZ COSTCO V2;4500016747;10;101;C;C;C;C;C;C;C;C;7815;EL;2026-05-29;DAP;SIDDIQZ;2026-05-29 00:00:00;99999999;1003563;2026-05-29;2026-05-29;3112413
180033597;10;ZELN;CHIUA;14:03:32;2026-05-29;9050143933;6002;1787;178A;7680;EA;7680;SOLID DEO 2.6 OZ STCK SUMMER PEACH;4500016471;30;109;C;C;C;C;C;C;C;C;1787;ZEL;2026-05-28;EXW;BLANTOS;2026-05-29 00:00:00;;1010110;2026-05-28;2026-05-28;
180033598;10;ZELN;SAP_WFRT;14:05:06;2026-05-29;9200001805;1001;9999;171A;18000;M;18000;H '24 G3 PLUS LUBE STRIP;4500017161;10;109;A;C;C;C;C;C;C;A;9999;ZEL;2026-05-28;EXW;SAP_WFRT;2026-05-29 00:00:00;UNKNOWN;1000026;2026-05-29;;0049017193
180033598;20;ZELN;SAP_WFRT;14:05:06;2026-05-29;9200001802;1001;9999;171A;230000;EA;230000;H '24 G3 PLUS YOKE;4500017161;30;109;A;C;C;C;C;C;C;A;9999;ZEL;2026-05-28;EXW;SAP_WFRT;2026-05-29 00:00:00;UNKNOWN;1000026;2026-05-29;;0049017193
180033598;30;ZELN;SAP_WFRT;14:05:06;2026-05-29;9200001804;1001;9999;171A;980000;EA;980000;H '24 G3 PLUS BENT BLADE;4500017161;40;109;A;C;C;C;C;C;C;A;9999;ZEL;2026-05-28;EXW;SAP_WFRT;2026-05-29 00:00:00;UNKNOWN;1000026;2026-05-29;;0049017193
180033598;40;ZELN;SAP_WFRT;14:05:06;2026-05-29;9200000502;1001;9999;171A;291840;EA;291840;FLAT TRIMMER BLADE;4500017161;50;109;A;C;C;C;C;C;C;A;9999;ZEL;2026-05-28;EXW;SAP_WFRT;2026-05-29 00:00:00;UNKNOWN;1000026;2026-05-29;;0049017193
180033598;50;ZELN;SAP_WFRT;14:05:06;2026-05-29;9200001801;1001;9999;171A;240000;EA;240000;H '24 G3 PLUS FRAME;4500017161;20;109;A;C;C;C;C;C;C;A;9999;ZEL;2026-05-28;EXW;SAP_WFRT;2026-05-29 00:00:00;UNKNOWN;1000026;2026-05-29;;0049017193
180033599;10;ZELN;SAP_WFRT;14:05:11;2026-05-29;9050013404;1001;1113;111A;9000;EA;9000;4CT BLADE PACK - G2++;4500016383;10;109;A;C;C;C;C;C;C;A;111E;ZEL;2026-05-29;EXW;CHIUA;2026-06-01 00:00:00;UNKNOWN;1000026;2026-05-29;;0049017184
180033601;10;ZELN;SAP_WFRT;14:05:22;2026-05-29;9200001801;1001;9999;171A;240000;EA;240000;H '24 G3 PLUS FRAME;4500016403;10;109;A;C;C;C;C;C;C;A;9999;ZEL;2026-05-29;EXW;COLEYC;2026-06-04 00:00:00;FRORD5429342;1000026;2026-05-29;;0049017185
180033609;10;ZELN;SAP_WFRT;16:45:05;2026-05-29;6360007701;1;1714;171A;113000;EA;113000;MYLAR BAG, F' AMAZON CARTRIDGE BAG;4500016978;10;109;A;C;C;C;C;C;C;A;1714;ZEL;2026-06-22;EXW;SAP_WFRT;2026-05-29 00:00:00;2103085;1000017;2026-05-29;;100000005
180033612;10;ELN;SAP_WFRT;18:42:07;2026-05-29;9150240301;6002;7815;178A;2520;EA;2520;L '26 POWDERSS 2.6OZ 2PK+0.5OZ COSTCO V2;4500016747;10;101;C;C;C;C;C;C;C;C;7815;EL;2026-05-28;DAP;SAP_WFRT;2026-05-29 00:00:00;99999999;1003563;2026-05-29;2026-05-29;3112414
180033615;10;ELN;SIDDIQZ;19:00:01;2026-05-29;9150240301;6002;7815;178A;7560;EA;7560;L '26 POWDERSS 2.6OZ 2PK+0.5OZ COSTCO V2;4500016747;10;101;C;C;C;C;C;C;C;C;7815;EL;2026-05-29;DAP;SIDDIQZ;2026-05-29 00:00:00;99999999;1003563;2026-05-29;2026-05-29;3112414
180033620;10;ZELN;CHIUA;19:51:08;2026-05-29;9200003201;1001;1722;171A;48000;EA;48000;H TRUMAN EMBER HANDLE BULK - NO CART;4500015680;10;109;A;C;C;C;C;C;C;A;1722;ZEL;2026-05-26;EXW;CHIUA;2026-05-29 00:00:00;;1013720;2026-05-26;;
180033621;10;ZELN;CHIUA;19:54:50;2026-05-29;6350037324;1;9997;;53625;EA;53625;PCI PKG SOLID DEO 2.6 OZ MANDO BL R1;4500017174;10;109;A;C;C;C;C;C;C;A;9997;ZEL;2026-05-27;EXW;CHIUA;2026-05-29 00:00:00;;1013082;2026-05-27;;
180033622;10;ZELN;CHIUA;20:06:16;2026-05-29;6350064523;1;9997;;33120;EA;33120;PKG MANDO AP SOLID 2.6OZ PRO SPORT R1;4500016223;90;109;C;C;C;C;C;C;C;C;9997;ZEL;2026-05-28;EXW;CHIUA;2026-06-18 00:00:00;;1011162;2026-05-28;2026-06-01;
180033623;10;ZELN;CHIUA;20:06:55;2026-05-29;6350002704;1;9997;;99360;EA;99360;PKG SOLID DEO 2.6 OZ STICK COCONUT R3;4500016652;20;109;C;C;C;C;C;C;C;C;9997;ZEL;2026-05-28;EXW;CHIUA;2026-06-01 00:00:00;;1011162;2026-05-28;2026-05-26;
180033623;20;ZELN;CHIUA;20:06:55;2026-05-29;6350002709;1;9997;;33120;EA;33120;PKG SOLID DEO 2.6 OZ STICK MINTED R3;4500016652;30;109;C;C;C;C;C;C;C;C;9997;ZEL;2026-05-28;EXW;CHIUA;2026-06-01 00:00:00;;1011162;2026-05-28;2026-05-26;
180033623;30;ZELN;CHIUA;20:06:55;2026-05-29;6350042111;1;9997;;82800;EA;82800;PKG SOLID DEO 2.6 OZ STICK VANILLA B;4500016652;50;109;C;C;C;C;C;C;C;C;9997;ZEL;2026-05-28;EXW;CHIUA;2026-06-01 00:00:00;;1011162;2026-05-28;2026-05-26;
180033624;10;ZELN;CHIUA;20:14:07;2026-05-29;9050057001;6002;1786;178A;4900;EA;4900;DEO CREAM 3OZ TUBE UNSCENTED;4500015823;10;109;C;C;C;C;C;C;C;C;1786;ZEL;2026-05-29;EXW;BLANTOS;2026-05-29 00:00:00;;1000776;2026-05-29;2026-05-28;
180033624;20;ZELN;CHIUA;20:14:07;2026-05-29;9050057005;6002;1786;178A;4620;EA;4620;DEO CREAM 3OZ TUBE PEONY;4500015823;100;109;C;C;C;C;C;C;C;C;1786;ZEL;2026-05-29;EXW;BLANTOS;2026-05-29 00:00:00;;1000776;2026-05-29;2026-05-28;
180033630;10;ZELN;SAP_WFRT;21:35:05;2026-05-29;9050083202;6001;1786;178A;25800;EA;25800;LUME SWEAT CREAM TUBE 3.0OZ LAVENDER;4500017039;10;109;A;C;C;C;C;C;C;A;1786;ZEL;2026-05-25;EXW;;00:00:00;2152591;1010837;2026-05-26;;2605SDH00089584
180033632;10;ELN;SAP_WFRT;04:03:50;2026-05-30;9150240301;6002;7815;178A;1400;EA;1400;L '26 POWDERSS 2.6OZ 2PK+0.5OZ COSTCO V2;4500016747;10;101;C;C;C;C;C;C;C;C;7815;EL;2026-05-29;DAP;SAP_WFRT;2026-05-30 00:00:00;99999999;1003563;2026-05-30;2026-05-30;3112390
180033634;10;ELN;SIDDIQZ;05:00:10;2026-05-30;9150240301;6002;7815;178A;4760;EA;4760;L '26 POWDERSS 2.6OZ 2PK+0.5OZ COSTCO V2;4500016747;10;101;C;C;C;C;C;C;C;C;7815;EL;2026-05-30;DAP;SIDDIQZ;2026-05-30 00:00:00;99999999;1003563;2026-05-30;2026-05-30;3112390
180033635;10;ELN;SIDDIQZ;05:00:10;2026-05-30;9150240301;6002;7815;178A;280;EA;280;L '26 POWDERSS 2.6OZ 2PK+0.5OZ COSTCO V2;4500016747;10;101;C;C;C;C;C;C;C;C;7815;EL;2026-05-30;DAP;SIDDIQZ;2026-05-30 00:00:00;99999999;1003563;2026-05-30;2026-05-30;3112390
180033636;10;ZELN;SAP_WFRT;08:55:06;2026-05-30;9050085901;1007;7101;171A;69120;EA;69120;F '23 DISPO DERMAPLANE LILAC 3CT US;4500016517;10;109;A;C;C;C;C;C;C;A;7101;ZEL;2026-07-19;EXW;SAP_WFRT;2026-05-30 00:00:00;SZCHI5411967;1010267;2026-05-28;;78
180033637;10;ZELN;SAP_WFRT;09:20:05;2026-05-30;6110103501;1;1114;111A;480000;EA;480000;LABEL, EU/UK OBELIS ADDRESS STICKER;4500017337;10;109;A;C;C;C;C;C;C;A;111E;ZEL;2026-06-30;EXW;SAP_WFRT;2026-05-30 00:00:00;UPS:1ZB608W70414472424;1001443;2026-05-29;;57
180033638;10;ZELN;SAP_WFRT;09:30:06;2026-05-30;6110103601;1;1113;111A;5000;EA;5000;LABEL, EU/UK COVERUP STICKER;4500017338;20;109;A;C;C;C;C;C;C;A;111E;ZEL;2026-06-30;EXW;SAP_WFRT;2026-05-30 00:00:00;UPS:1ZB608W70426523534;1001443;2026-05-29;;59
180033641;10;ZELN;CHIUA;13:35:04;2026-06-01;9200000103;1002;9999;171A;100000;EA;100000;DISPOSABLE 3B RAZOR, ROYAL BLUE;4500016474;10;109;C;C;C;C;C;C;C;C;9999;ZEL;2026-05-30;EXW;CHIUA;2026-06-01 00:00:00;;1009011;2026-05-30;2026-05-30;
180033641;20;ZELN;CHIUA;13:35:04;2026-06-01;9200000104;1002;9999;171A;100000;EA;100000;DISPOSABLE 3B RAZOR, RED;4500016475;10;109;C;C;C;C;C;C;C;C;9999;ZEL;2026-05-30;EXW;CHIUA;2026-06-01 00:00:00;;1009011;2026-05-30;2026-05-30;
180033641;30;ZELN;CHIUA;13:35:04;2026-06-01;9200000105;1002;9999;171A;100000;EA;100000;DISPOSABLE 3B RAZOR, GREEN;4500016476;10;109;C;C;C;C;C;C;C;C;9999;ZEL;2026-05-30;EXW;CHIUA;2026-06-01 00:00:00;;1009011;2026-05-30;2026-05-30;
180033649;10;ZELN;SAP_WFRT;15:20:05;2026-06-01;9050096802;5001;1711;171A;14820;EA;14820;H '26 EXFOLIATING FACE WASH 5.1OZ US;4500015463;10;109;B;C;C;C;C;C;C;B;1711;ZEL;2026-05-31;EXW;SAP_WFRT;2026-06-03 00:00:00;555286476;1000776;2026-05-29;2026-06-02;4000
180033650;10;ZELN;SAP_WFRT;15:35:05;2026-06-01;9050096802;5001;1711;171A;1200;EA;1200;H '26 EXFOLIATING FACE WASH 5.1OZ US;4500015463;10;109;A;C;C;C;C;C;C;A;1711;ZEL;2026-05-31;EXW;;00:00:00;555287565;1000776;2026-05-29;;4005
180033653;10;ZELN;CHIUA;16:11:54;2026-06-01;6350034501;1;9997;178A;50292;EA;50292;PKG BODY WASH 7OZ TUBE UNSCENTED FC R3;4500016020;10;109;C;C;C;C;C;C;C;C;9997;ZEL;2026-05-26;EXW;CHIUA;2026-06-01 00:00:00;;1000019;2026-05-26;2026-05-26;
180033653;20;ZELN;CHIUA;16:11:54;2026-06-01;6350034602;1;9997;178A;50673;EA;50673;PKG BODY WASH 7OZ TUBE LAVENDER FC R3;4500016020;20;109;C;C;C;C;C;C;C;C;9997;ZEL;2026-05-26;EXW;CHIUA;2026-06-01 00:00:00;;1000019;2026-05-26;2026-05-26;
180033653;30;ZELN;CHIUA;16:11:54;2026-06-01;6350034703;1;9997;178A;50292;EA;50292;PKG BODY WASH 7OZ TUBE TANGERINE FC R3;4500016020;30;109;C;C;C;C;C;C;C;C;9997;ZEL;2026-05-26;EXW;CHIUA;2026-06-01 00:00:00;;1000019;2026-05-26;2026-05-26;
180033653;40;ZELN;CHIUA;16:11:54;2026-06-01;6350014102;1;9997;178A;50292;EA;50292;PKG BODY WASH 8.5 OZ TUBE LAVENDER R3;4500016020;40;109;C;C;C;C;C;C;C;C;9997;ZEL;2026-05-26;EXW;CHIUA;2026-06-01 00:00:00;;1000019;2026-05-26;2026-05-26;
180033653;50;ZELN;CHIUA;16:11:54;2026-06-01;6350014203;1;9997;178A;70104;EA;70104;PKG BODY WAS 8.5 OZ TUBE TANGERINE R3;4500016020;50;109;C;C;C;C;C;C;C;C;9997;ZEL;2026-05-26;EXW;CHIUA;2026-06-01 00:00:00;;1000019;2026-05-26;2026-05-26;
180033653;60;ZELN;CHIUA;16:11:54;2026-06-01;6350014405;1;9997;178A;25908;EA;25908;PKG BODY WAS 8.5 OZ TUBE PEONY R3;4500016020;70;109;C;C;C;C;C;C;C;C;9997;ZEL;2026-05-26;EXW;CHIUA;2026-06-01 00:00:00;;1000019;2026-05-26;2026-05-26;
180033653;70;ZELN;CHIUA;16:11:54;2026-06-01;6350005801;1;9997;178A;55245;EA;55245;PKG BODY WASH 8.5 OZ TUBE UNSCENTED R3;4500016020;80;109;C;C;C;C;C;C;C;C;9997;ZEL;2026-05-26;EXW;CHIUA;2026-06-01 00:00:00;;1000019;2026-05-26;2026-05-26;
180033653;80;ZELN;CHIUA;16:11:54;2026-06-01;6350013523;1;9997;178A;6477;EA;6477;PKG MANDO BODY WASH 8.5 OZ PRO SPORT R3;4500016020;100;109;C;C;C;C;C;C;C;C;9997;ZEL;2026-05-26;EXW;CHIUA;2026-06-01 00:00:00;;1000019;2026-05-26;2026-05-26;
180033655;10;ZELN;SAP_WFRT;17:20:06;2026-06-01;9050096802;5001;1712;171A;632;EA;632;H '26 EXFOLIATING FACE WASH 5.1OZ US;4500015463;40;109;A;C;C;C;C;C;C;A;1712;ZEL;2026-05-31;EXW;SAP_WFRT;2026-06-01 00:00:00;555287565;1000776;2026-05-29;;4011
180033657;10;ELN;SAP_WFRT;17:41:44;2026-06-01;9150240301;6002;7815;178A;280;EA;280;L '26 POWDERSS 2.6OZ 2PK+0.5OZ COSTCO V2;4500016747;10;101;C;C;C;C;C;C;C;C;7815;EL;2026-05-31;DAP;SAP_WFRT;2026-06-01 00:00:00;99999999;1003563;2026-06-01;2026-06-01;3112411
180033658;10;ELN;SIDDIQZ;18:00:30;2026-06-01;9150240301;6002;7815;178A;2800;EA;2800;L '26 POWDERSS 2.6OZ 2PK+0.5OZ COSTCO V2;4500016747;10;101;C;C;C;C;C;C;C;C;7815;EL;2026-06-01;DAP;SIDDIQZ;2026-06-01 00:00:00;99999999;1003563;2026-06-01;2026-06-01;3112411
180033659;10;ELN;SIDDIQZ;18:00:31;2026-06-01;9150240301;6002;7815;178A;5320;EA;5320;L '26 POWDERSS 2.6OZ 2PK+0.5OZ COSTCO V2;4500016747;10;101;C;C;C;C;C;C;C;C;7815;EL;2026-06-01;DAP;SIDDIQZ;2026-06-01 00:00:00;99999999;1003563;2026-06-01;2026-06-01;3112411
180033662;10;ELN;SAP_WFRT;19:05:26;2026-06-01;9150197601;1001;1722;171A;5627;EA;5627;H' 26 WINSTON SET US RTL COSTCO;4500016214;10;101;C;C;C;C;C;C;C;C;1722;EL;2026-05-31;DAP;CHIUA;2026-06-05 00:00:00;99999999;1003563;2026-06-01;2026-06-01;3127136
180033663;10;ELN;SAP_WFRT;19:05:27;2026-06-01;9150197601;1001;1722;171A;3373;EA;3373;H' 26 WINSTON SET US RTL COSTCO;4500016214;10;101;C;C;C;C;C;C;C;C;1722;EL;2026-05-31;DAP;CHIUA;2026-06-05 00:00:00;99999999;1003563;2026-06-01;2026-06-01;3127136
180033671;10;ELN;SAP_WFRT;21:16:51;2026-06-01;9150240301;6002;7816;178A;1960;EA;1960;L '26 POWDERSS 2.6OZ 2PK+0.5OZ COSTCO V2;4500016708;20;101;C;C;C;C;C;C;C;C;7815;EL;2026-05-31;DAP;SAP_WFRT;2026-06-01 00:00:00;99999999;1003563;2026-06-01;2026-06-01;3129269
180033672;10;ELN;SAP_WFRT;21:44:16;2026-06-01;9150197601;1001;1721;171A;4680;EA;4680;H' 26 WINSTON SET US RTL COSTCO;4500016213;10;101;C;C;C;C;C;C;C;C;1721;EL;2026-05-31;DAP;CHIUA;2026-06-10 00:00:00;99999999;1003563;2026-06-01;2026-06-01;3129177
180033678;10;ELN;HUGHESJ;02:00:46;2026-06-02;9050124104;6002;7803;178A;6660;EA;6660;LUME DEO SPRAY 3.6 OZ COCONUT;4500017167;10;101;C;C;C;C;C;C;C;C;7803;EL;2026-05-07;DAP;FINERB;2026-06-18 00:00:00;260602214913;1787;2026-05-30;2026-05-31;0080199535
180033680;10;ELN;BATCH_USER;03:25:35;2026-06-02;9050121901;1001;7101;171A;5580;EA;5580;H '26 TRUMAN VP 7CT G2++ EMBER US RTL;4500017469;10;101;C;C;C;C;C;C;C;C;7101;EL;2026-06-01;DAP;PUSHIEK;2026-06-15 00:00:00;8128380971;1722;2026-06-01;2026-06-04;0080198922
180033680;20;ELN;BATCH_USER;03:25:35;2026-06-02;9050099305;1001;7101;171A;9720;EA;9720;H '25 TRUMAN PACK G2++ GLACIER NA RTL;4500017469;20;101;C;C;C;C;C;C;C;C;7101;EL;2026-06-01;DAP;PUSHIEK;2026-06-15 00:00:00;8128380971;1722;2026-06-01;2026-06-04;0080198922
180033680;30;ELN;BATCH_USER;03:25:35;2026-06-02;9050068801;1001;7101;171A;57600;EA;57600;F' 8CT REFILL - DOLPHIN REFRESH 2023;4500017469;30;101;A;C;C;C;C;C;C;A;7101;EL;2026-06-01;DAP;PUSHIEK;2026-06-15 00:00:00;8128380971;1722;2026-06-01;2026-06-04;0080198922
180033680;40;ELN;BATCH_USER;03:25:35;2026-06-02;9050088704;1001;7101;171A;9768;EA;9768;F '25 MOISTURE+ REFILL 8CT US RTL;4500017469;40;101;A;C;C;C;C;C;C;A;7101;EL;2026-06-01;DAP;PUSHIEK;2026-06-15 00:00:00;8128380971;1722;2026-06-01;2026-06-04;0080198922
180033681;10;ELN;SAP_WFRT;04:01:19;2026-06-02;9150197601;1001;1722;171A;3600;EA;3600;H' 26 WINSTON SET US RTL COSTCO;4500016214;10;101;C;C;C;C;C;C;C;C;1722;EL;2026-06-01;DAP;CHIUA;2026-06-05 00:00:00;99999999;1003563;2026-06-02;2026-06-02;3127137
180033684;10;ZELN;TEST_PEOUM;04:57:51;2026-06-02;9050131610;6002;7803;178A;12876;EA;12876;LUME DEO SPRAY 3.6 OZ POWDER R1;4500017198;20;109;C;C;C;C;C;C;C;C;7803;ZEL;2026-06-02;EXW;PUSHIEK;2026-06-09 00:00:00;;1010516;2026-06-02;2026-06-02;
180033684;20;ZELN;TEST_PEOUM;04:57:51;2026-06-02;9050131023;6002;7803;178A;48840;EA;48840;MANDO DEO SPRAY 3.6 OZ PRO SPORT R1;4500017198;40;109;C;C;C;C;C;C;C;C;7803;ZEL;2026-06-02;EXW;PUSHIEK;2026-06-09 00:00:00;;1010516;2026-06-02;2026-06-02;
180033685;10;ZELN;SAP_WFRT;12:20:05;2026-06-02;9050068701;1001;7101;171A;77760;EA;77760;F' 4CT REFILL - DOLPHIN REFRESH 2023;4500016347;10;109;C;C;C;C;C;C;C;C;7101;ZEL;2026-06-04;EXW;SAP_WFRT;2026-06-03 00:00:00;554753506;1005970;2026-06-01;2026-06-03;179027
180033694;10;ZELN;COLEYC;15:51:50;2026-06-02;6360056801;1;1114;111A;10800;EA;10800;MYLAR BAG, H' OG UK/EU - GREY;4500015875;10;109;C;C;C;C;C;C;C;C;111E;ZEL;2026-05-27;EXW;COLEYC;2026-06-02 00:00:00;;1004968;2026-05-27;2026-05-27;
180033694;20;ZELN;COLEYC;15:51:50;2026-06-02;6360052101;1;1114;111A;0;EA;0;MYLAR BAG, H' PLUS UK/EU - BLUE;4500015875;20;109;A;C;C;C;C;C;C;A;111E;ZEL;2026-05-27;EXW;COLEYC;2026-06-02 00:00:00;;1004968;2026-05-27;2026-05-27;
180033695;10;ELN;SAP_WFRT;18:50:53;2026-06-02;9150197601;1001;1722;171A;5087;EA;5087;H' 26 WINSTON SET US RTL COSTCO;4500016214;10;101;C;C;C;C;C;C;C;C;1722;EL;2026-06-01;DAP;CHIUA;2026-06-05 00:00:00;99999999;1003563;2026-06-02;2026-06-02;3128029
180033696;10;ELN;SAP_WFRT;18:50:54;2026-06-02;9150197601;1001;1722;171A;4273;EA;4273;H' 26 WINSTON SET US RTL COSTCO;4500016214;10;101;C;C;C;C;C;C;C;C;1722;EL;2026-06-01;DAP;CHIUA;2026-06-05 00:00:00;99999999;1003563;2026-06-02;2026-06-02;3128029
180033698;10;ZELN;SAP_WFRT;19:15:06;2026-06-02;6270001001;1;1712;171A;10000;EA;10000;POUCH, H+ DTC TRIAL SET, US/CAN;4500016899;10;109;A;C;C;C;C;C;C;A;1712;ZEL;2026-06-14;EXW;PUSHIEK;2026-06-09 00:00:00;555670878;1000017;2026-06-01;;100000008
180033703;10;ZELN;SAP_WFRT;19:55:05;2026-06-02;6350003501;1;9997;178A;39144;EA;39144;PKG DEO CREAM 3.0 OZ TUBE UNSCENTED R3;4500016501;10;109;C;C;C;C;C;C;C;C;9997;ZEL;2026-07-05;EXW;CHIUA;2026-06-18 00:00:00;DL1906;1011162;2026-06-03;2026-06-12;05
180033703;20;ZELN;SAP_WFRT;19:55:05;2026-06-02;6350003104;1;9997;178A;38678;EA;38678;PKG DEO CREAM 3.0 OZ TUBE COCONUT R3;4500016501;20;109;C;C;C;C;C;C;C;C;9997;ZEL;2026-07-05;EXW;CHIUA;2026-06-18 00:00:00;DL1906;1011162;2026-06-03;2026-06-12;05
180033703;30;ZELN;SAP_WFRT;19:55:05;2026-06-02;6350003205;1;9997;178A;33552;EA;33552;PKG DEO CREAM 3.0 OZ TUBE PEONY R3;4500016501;30;109;C;C;C;C;C;C;C;C;9997;ZEL;2026-07-05;EXW;CHIUA;2026-06-18 00:00:00;DL1906;1011162;2026-06-03;2026-06-12;05
180033703;40;ZELN;SAP_WFRT;19:55:05;2026-06-02;6350003410;1;9997;178A;33552;EA;33552;PKG DEO CREAM 3.0 OZ TUBE POWDER R3;4500016501;40;109;C;C;C;C;C;C;C;C;9997;ZEL;2026-07-05;EXW;CHIUA;2026-06-18 00:00:00;DL1906;1011162;2026-06-03;2026-06-12;05
180033704;10;ZELN;SAP_WFRT;19:55:11;2026-06-02;6350002706;1;9997;;33120;EA;33120;PKG SOLID DEO 2.6 OZ STICK ALPINE R3;4500016809;10;109;A;C;C;C;C;C;C;A;9997;ZEL;2026-06-01;EXW;CHIUA;2026-06-18 00:00:00;DL1909;1011162;2026-06-02;2026-06-08;07
180033704;20;ZELN;SAP_WFRT;19:55:11;2026-06-02;6350002705;1;9997;;33120;EA;33120;PKG SOLID DEO 2.6 OZ STICK PEONY R3;4500016809;20;109;C;C;C;C;C;C;C;C;9997;ZEL;2026-06-01;EXW;CHIUA;2026-06-18 00:00:00;DL1909;1011162;2026-06-02;2026-06-08;07
180033705;10;ZELN;SAP_WFRT;19:55:17;2026-06-02;6350002710;1;9997;;215280;EA;215280;PKG SOLID DEO 2.6 OZ STICK POWDER R3;4500016652;40;109;C;C;C;C;C;C;C;C;9997;ZEL;2026-06-01;EXW;CHIUA;2026-06-18 00:00:00;DL1908;1011162;2026-06-02;2026-06-08;06
180033708;10;ELN;SAP_WFRT;21:10:36;2026-06-02;9150240301;6002;7816;178A;1680;EA;1680;L '26 POWDERSS 2.6OZ 2PK+0.5OZ COSTCO V2;4500016708;20;101;C;C;C;C;C;C;C;C;7815;EL;2026-06-01;DAP;SAP_WFRT;2026-06-02 00:00:00;99999999;1003563;2026-06-02;2026-06-02;3129176
180033710;10;ELN;SAP_WFRT;21:47:59;2026-06-02;9150197601;1001;1721;171A;4680;EA;4680;H' 26 WINSTON SET US RTL COSTCO;4500016213;10;101;C;C;C;C;C;C;C;C;1721;EL;2026-06-01;DAP;CHIUA;2026-06-10 00:00:00;99999999;1003563;2026-06-02;2026-06-02;3131930
180033711;10;ELN;SAP_WFRT;21:48:00;2026-06-02;9150197601;1001;1721;171A;2160;EA;2160;H' 26 WINSTON SET US RTL COSTCO;4500016213;10;101;C;C;C;C;C;C;C;C;1721;EL;2026-06-01;DAP;CHIUA;2026-06-10 00:00:00;99999999;1003563;2026-06-02;2026-06-02;3131930
180033712;10;ELN;SIDDIQZ;22:00:31;2026-06-02;9150240301;6002;7816;178A;2520;EA;2520;L '26 POWDERSS 2.6OZ 2PK+0.5OZ COSTCO V2;4500016708;20;101;C;C;C;C;C;C;C;C;7815;EL;2026-06-02;DAP;SIDDIQZ;2026-06-02 00:00:00;99999999;1003563;2026-06-02;2026-06-02;3129176
180033713;10;ELN;SIDDIQZ;22:00:32;2026-06-02;9150240301;6002;7816;178A;4200;EA;4200;L '26 POWDERSS 2.6OZ 2PK+0.5OZ COSTCO V2;4500016708;20;101;C;C;C;C;C;C;C;C;7815;EL;2026-06-02;DAP;SIDDIQZ;2026-06-02 00:00:00;99999999;1003563;2026-06-02;2026-06-02;3129176
180033714;10;ELN;SIDDIQZ;22:00:32;2026-06-02;9150197601;1001;1721;171A;1440;EA;1440;H' 26 WINSTON SET US RTL COSTCO;4500016213;10;101;C;C;C;C;C;C;C;C;1721;EL;2026-06-01;DAP;CHIUA;2026-06-10 00:00:00;99999999;1003563;2026-06-02;2026-06-02;3131930
180033716;10;ZELN;SAP_WFRT;04:05:05;2026-06-03;9050099306;1001;7101;171A;35568;EA;35568;H '25 TRUMAN VALUE PK G2++ EMBER US RTL;4500016105;10;109;A;C;C;C;C;C;C;A;7101;ZEL;2026-07-29;EXW;;00:00:00;ZIMUXIA8564660;1001040;2026-06-02;;2114047593
180033717;10;ZELN;SAP_WFRT;04:05:11;2026-06-03;9050109001;1001;1714;171A;4320;EA;4320;H '25 TRUMAN G2++ GREEN DTC;4500016108;10;109;A;C;C;C;C;C;C;A;1714;ZEL;2026-07-09;EXW;;00:00:00;ZIMUXIA8564660;1001040;2026-06-02;;2114047592
180033718;10;ELN;SAP_WFRT;04:05:50;2026-06-03;9150197601;1001;1722;171A;3960;EA;3960;H' 26 WINSTON SET US RTL COSTCO;4500016214;10;101;C;C;C;C;C;C;C;C;1722;EL;2026-06-02;DAP;CHIUA;2026-06-05 00:00:00;99999999;1003563;2026-06-03;2026-06-03;3122543
180033719;10;ELN;SIDDIQZ;05:00:12;2026-06-03;9150197601;1001;1722;171A;4680;EA;4680;H' 26 WINSTON SET US RTL COSTCO;4500016214;10;101;C;C;C;C;C;C;C;C;1722;EL;2026-06-03;DAP;CHIUA;2026-06-05 00:00:00;99999999;1003563;2026-06-03;2026-06-03;3122543
180033720;10;ZELN;SAP_WFRT;12:30:05;2026-06-03;9050068701;1001;7101;171A;7776;EA;7776;F' 4CT REFILL - DOLPHIN REFRESH 2023;4500016765;10;109;C;C;C;C;C;C;C;C;7101;ZEL;2026-07-01;EXW;SAP_WFRT;2026-06-07 00:00:00;555493682;1005970;2026-06-02;2026-06-06;179066
180033721;10;ZELN;SAP_WFRT;12:30:16;2026-06-03;9050125301;1001;7101;171A;131040;EA;131040;H '25 REFILL 4CT G2++ US/CAN RTL;4500016732;10;109;C;C;C;C;C;C;C;C;7101;ZEL;2026-06-29;EXW;SAP_WFRT;2026-06-07 00:00:00;555493682;1005970;2026-06-02;2026-06-06;179065
180033724;10;ZELN;CHIUA;14:07:25;2026-06-03;9050099804;1001;1712;171A;2880;EA;2880;H '25 PLUS CLAY DTC (ENGRAVABLE);4500017332;10;109;A;C;C;C;C;C;C;A;1712;ZEL;2026-05-29;;PUSHIEK;2026-06-03 00:00:00;555628972;1012603;2026-05-29;;
180033726;10;ZELN;CHIUA;14:09:46;2026-06-03;9200002301;1001;1714;171A;202400;EA;202400;H '24 G3 PLUS CARTRIDGE W/ PROT CAP;4500016547;30;109;C;C;C;C;C;C;C;C;1714;ZEL;2026-05-29;;CHIUA;2026-06-05 00:00:00;8322899911;1012603;2026-05-29;2026-06-03;
180033731;10;ZELN;PUSHIEK;14:44:03;2026-06-03;9050092302;4001;1712;171A;632;EA;632;H '26 BODY WASH WILDLANDS 30OZ US;4500015524;20;109;C;C;C;C;C;C;C;C;1712;ZEL;2026-05-29;EXW;COLEYC;2026-06-15 00:00:00;555287565;1000776;2026-06-03;2026-06-09;
180033741;10;ZELN;PUSHIEK;17:38:29;2026-06-03;6360041001;1;1711;171A;21600;EA;21600;SHIPPER, H+ DTC MANUAL PURCHASE, US/CAN;4500016759;10;109;C;C;C;C;C;C;C;C;1711;ZEL;2026-06-02;EXW;COLEYC;2026-06-08 00:00:00;555780908;1002282;2026-06-03;2026-06-03;
180033746;10;ELN;SAP_WFRT;18:52:53;2026-06-03;9150197601;1001;1722;171A;4320;EA;4320;H' 26 WINSTON SET US RTL COSTCO;4500016214;10;101;C;C;C;C;C;C;C;C;1722;EL;2026-06-02;DAP;CHIUA;2026-06-05 00:00:00;99999999;1003563;2026-06-03;2026-06-03;3127134
180033749;10;ELN;SAP_WFRT;21:11:25;2026-06-03;9150240301;6002;7816;178A;8680;EA;8680;L '26 POWDERSS 2.6OZ 2PK+0.5OZ COSTCO V2;4500016708;20;101;C;C;C;C;C;C;C;C;7815;EL;2026-06-02;DAP;SAP_WFRT;2026-06-03 00:00:00;99999999;1003563;2026-06-03;2026-06-03;3129267
180033750;10;ELN;SAP_WFRT;21:18:56;2026-06-03;9150197601;1001;1721;171A;2160;EA;2160;H' 26 WINSTON SET US RTL COSTCO;4500016213;10;101;C;C;C;C;C;C;C;C;1721;EL;2026-06-02;DAP;CHIUA;2026-06-10 00:00:00;99999999;1003563;2026-06-03;2026-06-03;3132455
180033751;10;ELN;SAP_WFRT;21:18:56;2026-06-03;9150197601;1001;1721;171A;7200;EA;7200;H' 26 WINSTON SET US RTL COSTCO;4500016213;10;101;C;C;C;C;C;C;C;C;1721;EL;2026-06-02;DAP;CHIUA;2026-06-10 00:00:00;99999999;1003563;2026-06-03;2026-06-03;3132455
180033753;10;ZELN;SAP_WFRT;21:55:05;2026-06-03;6360043301;1;1711;171A;45000;EA;45000;BAG, H' MYSTERY BAG, SMALL 2025;4500016722;10;109;A;C;C;C;C;C;C;A;1711;ZEL;2026-06-02;EXW;SAP_WFRT;2026-06-03 00:00:00;2101675;1000017;2026-06-03;;100000010
180033754;10;ELN;SAP_WFRT;03:57:59;2026-06-04;9150197601;1001;1722;171A;4680;EA;4680;H' 26 WINSTON SET US RTL COSTCO;4500016214;10;101;C;C;C;C;C;C;C;C;1722;EL;2026-06-02;DAP;CHIUA;2026-06-05 00:00:00;99999999;1003563;2026-06-03;2026-06-03;3127135
180033755;10;ELN;SIDDIQZ;04:00:03;2026-06-04;9150197601;1001;1722;171A;3960;EA;3960;H' 26 WINSTON SET US RTL COSTCO;4500016214;10;101;C;C;C;C;C;C;C;C;1722;EL;2026-06-03;DAP;CHIUA;2026-06-05 00:00:00;99999999;1003563;2026-06-03;2026-06-03;3127135
180033758;10;ELN;BATCH_USER;14:55:45;2026-06-04;9050125401;1001;7101;171A;18000;EA;18000;H '25 REFILL 8CT G2++ US/CAN RTL;4500017515;10;101;A;C;C;C;C;C;C;A;7101;EL;2026-06-04;;;00:00:00;;1012389;2026-06-04;;0080199588
180033759;10;ZELN;SAP_WFRT;15:00:08;2026-06-04;9050144930;6002;7817;178A;13944;EA;13944;MANDO SOLID DEO 2.6 OZ FRONTIER FRESH;4500016532;40;109;A;C;C;C;C;C;C;A;178E;ZEL;2026-06-07;EXW;;00:00:00;1634715;1002434;2026-06-02;;524
180033762;10;ZELN;COLEYC;16:15:31;2026-06-04;9050133701;5002;1711;171A;5171;EA;5171;H '26 RAPID REST EYE PATCHES 6PK US DTC;4500015476;10;109;C;C;C;C;C;C;C;C;1711;ZEL;2026-05-31;;COLEYC;2026-06-04 00:00:00;;1013876;2026-05-31;2026-05-31;
180033767;10;ELN;SAP_WFRT;18:40:33;2026-06-04;9150197601;1001;1722;171A;8640;EA;8640;H' 26 WINSTON SET US RTL COSTCO;4500016214;10;101;C;C;C;C;C;C;C;C;1722;EL;2026-06-03;DAP;CHIUA;2026-06-05 00:00:00;99999999;1003563;2026-06-04;2026-06-04;3132483
180033769;10;ELN;SAP_WFRT;21:03:28;2026-06-04;9150240301;6002;7816;178A;8400;EA;8400;L '26 POWDERSS 2.6OZ 2PK+0.5OZ COSTCO V2;4500016708;20;101;C;C;C;C;C;C;C;C;7815;EL;2026-06-03;DAP;SAP_WFRT;2026-06-04 00:00:00;99999999;1003563;2026-06-04;2026-06-04;3129268
180033770;10;ELN;SAP_WFRT;21:23:19;2026-06-04;9150197601;1001;1721;171A;3600;EA;3600;H' 26 WINSTON SET US RTL COSTCO;4500016213;10;101;C;C;C;C;C;C;C;C;1721;EL;2026-06-03;DAP;CHIUA;2026-06-10 00:00:00;99999999;1003563;2026-06-04;2026-06-04;3133796
180033771;10;ELN;SAP_WFRT;21:23:20;2026-06-04;9150197601;1001;1721;171A;1440;EA;1440;H' 26 WINSTON SET US RTL COSTCO;4500016213;10;101;C;C;C;C;C;C;C;C;1721;EL;2026-06-03;DAP;CHIUA;2026-06-10 00:00:00;99999999;1003563;2026-06-04;2026-06-04;3133796
180033772;10;ZELN;SAP_WFRT;21:35:05;2026-06-04;9050059001;6002;1786;178A;9144;EA;9144;SOLID DEO 2.6OZ STICK UNSCENTED;4500016175;20;109;C;C;C;C;C;C;C;C;1786;ZEL;2026-06-03;EXW;BLANTOS;2026-06-05 00:00:00;2160411;1010837;2026-06-04;2026-06-05;2606SDH00089641
180033774;10;ZELN;SAP_WFRT;21:35:11;2026-06-04;9050109811;6002;1786;178A;9840;EA;9840;SOLID DEO 2.6 OZ STICK VANILLA BLISS;4500015968;70;109;C;C;C;C;C;C;C;C;1786;ZEL;2026-06-03;EXW;BLANTOS;2026-06-05 00:00:00;2160411;1010837;2026-06-04;2026-06-05;2606SDH00089640
180033775;10;ZELN;SAP_WFRT;21:35:12;2026-06-04;9050059001;6002;1787;178A;6480;EA;6480;SOLID DEO 2.6OZ STICK UNSCENTED;4500016175;30;109;C;C;C;C;C;C;C;C;1787;ZEL;2026-06-03;EXW;BLANTOS;2026-06-05 00:00:00;2160411;1010837;2026-06-04;2026-06-05;2606SDH00089642
180033778;10;ELN;SIDDIQZ;22:00:13;2026-06-04;9150240301;6002;7816;178A;560;EA;560;L '26 POWDERSS 2.6OZ 2PK+0.5OZ COSTCO V2;4500016708;20;101;C;C;C;C;C;C;C;C;7815;EL;2026-06-04;DAP;SIDDIQZ;2026-06-04 00:00:00;99999999;1003563;2026-06-04;2026-06-04;3129268
180033779;10;ELN;SIDDIQZ;22:00:14;2026-06-04;9150197601;1001;1721;171A;4680;EA;4680;H' 26 WINSTON SET US RTL COSTCO;4500016213;10;101;C;C;C;C;C;C;C;C;1721;EL;2026-06-03;DAP;CHIUA;2026-06-10 00:00:00;99999999;1003563;2026-06-04;2026-06-04;3133796
180033780;10;ELN;SAP_WFRT;22:05:38;2026-06-04;9150197601;1001;1722;171A;1080;EA;1080;H' 26 WINSTON SET US RTL COSTCO;4500016214;10;101;C;C;C;C;C;C;C;C;1722;EL;2026-06-03;DAP;CHIUA;2026-06-05 00:00:00;99999999;1003563;2026-06-04;2026-06-04;3132484
180033781;10;ZELN;SAP_WFRT;22:45:05;2026-06-04;9050056201;6002;1787;178A;10896;EA;10896;DEO CREAM 2.2OZ STICK UNSCENTED;4500015762;10;109;C;C;C;C;C;C;C;C;1787;ZEL;2026-06-03;EXW;BLANTOS;2026-06-05 00:00:00;2160422;1009986;2026-06-04;2026-06-05;497
180033781;20;ZELN;SAP_WFRT;22:45:05;2026-06-04;9050056203;6002;1787;178A;9432;EA;9432;DEO CREAM 2.2OZ STICK TANGERINE;4500015762;30;109;C;C;C;C;C;C;C;C;1787;ZEL;2026-06-03;EXW;BLANTOS;2026-06-05 00:00:00;2160422;1009986;2026-06-04;2026-06-05;497
180033782;10;ZELN;SAP_WFRT;04:05:05;2026-06-05;9200004701;1001;1722;171A;30600;EA;30600;H '25 BULK HNDLE W CART G3 BLACK RETAIL;4500016441;10;109;A;C;C;C;C;C;C;A;1722;ZEL;2026-07-24;EXW;;00:00:00;XIA1898400;1001040;2026-06-03;;2114047594
180033782;20;ZELN;SAP_WFRT;04:05:05;2026-06-05;9200004702;1001;1722;171A;55080;EA;55080;H '25 BULK HNDLE W CART G3 BLUE RETAIL;4500016442;10;109;A;C;C;C;C;C;C;A;1722;ZEL;2026-07-24;EXW;;00:00:00;XIA1898400;1001040;2026-06-03;;2114047594
180033782;30;ZELN;SAP_WFRT;04:05:05;2026-06-05;9200004704;1001;1722;171A;36720;EA;36720;H '25 BULK HNDLE W CART G3 RED RETAIL;4500016444;10;109;A;C;C;C;C;C;C;A;1722;ZEL;2026-07-24;EXW;;00:00:00;XIA1898400;1001040;2026-06-03;;2114047594
180033783;10;ZELN;SAP_WFRT;12:15:05;2026-06-05;9050092302;4001;1714;171A;18784;EA;18784;H '26 BODY WASH WILDLANDS 30OZ US;4500015524;30;109;C;C;C;C;C;C;C;C;1714;ZEL;2026-05-31;EXW;CHIUA;2026-06-10 00:00:00;555923651;1000776;2026-05-29;2026-06-08;4021
180033784;10;ZELN;SAP_WFRT;12:30:05;2026-06-05;9050092302;4001;1714;171A;18264;EA;18264;H '26 BODY WASH WILDLANDS 30OZ US;4500015524;30;109;C;C;C;C;C;C;C;C;1714;ZEL;2026-06-07;EXW;CHIUA;2026-06-10 00:00:00;555920706;1000776;2026-05-29;2026-06-08;4022
180033785;10;ZELN;SAP_WFRT;13:25:05;2026-06-05;9050056203;6002;1786;178A;4320;EA;4320;DEO CREAM 2.2OZ STICK TANGERINE;4500015762;20;109;C;C;C;C;C;C;C;C;1786;ZEL;2026-06-03;EXW;BLANTOS;2026-06-05 00:00:00;2160422;1009986;2026-06-04;2026-06-05;498
180033785;20;ZELN;SAP_WFRT;13:25:05;2026-06-05;9050056201;6002;1786;178A;4320;EA;4320;DEO CREAM 2.2OZ STICK UNSCENTED;4500015762;70;109;C;C;C;C;C;C;C;C;1786;ZEL;2026-06-03;EXW;BLANTOS;2026-06-05 00:00:00;2160422;1009986;2026-06-04;2026-06-05;498
180033798;10;ZELN;TEST_PEOUM;19:54:13;2026-06-05;9050131610;6002;7803;178A;6048;EA;6048;LUME DEO SPRAY 3.6 OZ POWDER R1;4500017198;20;109;C;C;C;C;C;C;C;C;7803;ZEL;2026-06-05;EXW;PUSHIEK;2026-06-10 00:00:00;;1010516;2026-06-05;2026-06-09;
180033798;20;ZELN;TEST_PEOUM;19:54:13;2026-06-05;9050131503;6002;7803;178A;2220;EA;2220;LUME DEO SPRAY 3.6 OZ TANGERINE R1;4500017198;30;109;A;C;C;C;C;C;C;A;7803;ZEL;2026-06-05;EXW;PUSHIEK;2026-06-10 00:00:00;;1010516;2026-06-05;2026-06-09;
180033798;30;ZELN;TEST_PEOUM;19:54:13;2026-06-05;9050131023;6002;7803;178A;11100;EA;11100;MANDO DEO SPRAY 3.6 OZ PRO SPORT R1;4500017198;40;109;C;C;C;C;C;C;C;C;7803;ZEL;2026-06-05;EXW;PUSHIEK;2026-06-10 00:00:00;;1010516;2026-06-05;2026-06-09;
180033799;10;ELN;SAP_WFRT;20:07:12;2026-06-05;9150240301;6002;7816;178A;1960;EA;1960;L '26 POWDERSS 2.6OZ 2PK+0.5OZ COSTCO V2;4500016708;20;101;C;C;C;C;C;C;C;C;7815;EL;2026-06-04;DAP;SAP_WFRT;2026-06-05 00:00:00;99999999;1003563;2026-06-05;2026-06-05;3133859
180033802;10;ELN;SIDDIQZ;21:00:10;2026-06-05;9150240301;6002;7816;178A;2240;EA;2240;L '26 POWDERSS 2.6OZ 2PK+0.5OZ COSTCO V2;4500016708;20;101;C;C;C;C;C;C;C;C;7815;EL;2026-06-05;DAP;SIDDIQZ;2026-06-05 00:00:00;99999999;1003563;2026-06-05;2026-06-05;3133859
180033803;10;ELN;SAP_WFRT;21:36:31;2026-06-05;9150197601;1001;1721;171A;3600;EA;3600;H' 26 WINSTON SET US RTL COSTCO;4500016213;10;101;C;C;C;C;C;C;C;C;1721;EL;2026-06-04;DAP;CHIUA;2026-06-10 00:00:00;99999999;1003563;2026-06-05;2026-06-05;3133900
180033804;10;ELN;SIDDIQZ;22:00:34;2026-06-05;9150197601;1001;1721;171A;360;EA;360;H' 26 WINSTON SET US RTL COSTCO;4500016213;10;101;C;C;C;C;C;C;C;C;1721;EL;2026-06-04;DAP;CHIUA;2026-06-10 00:00:00;99999999;1003563;2026-06-05;2026-06-05;3133900
180033805;10;ELN;SIDDIQZ;22:00:35;2026-06-05;9150197601;1001;1721;171A;5040;EA;5040;H' 26 WINSTON SET US RTL COSTCO;4500016213;10;101;C;C;C;C;C;C;C;C;1721;EL;2026-06-04;DAP;CHIUA;2026-06-10 00:00:00;99999999;1003563;2026-06-05;2026-06-05;3133900
180033810;10;ZELN;SAP_WFRT;04:05:05;2026-06-08;9200003702;1005;1714;171A;18000;EA;18000;F '25 SHOWER HOLDER BULK FIG US RTL;4500016781;10;109;A;C;C;C;C;C;C;A;1714;ZEL;2026-08-23;EXW;SAP_WFRT;2026-06-08 00:00:00;ZIMUXIA8564598;1001040;2026-06-05;;2114047601
180033810;20;ZELN;SAP_WFRT;04:05:05;2026-06-08;9200000307;1005;1714;171A;18000;EA;18000;F' SHOWER HOLDER - FLAMINGO PINK BULK;4500016783;10;109;A;C;C;C;C;C;C;A;1714;ZEL;2026-08-23;EXW;SAP_WFRT;2026-06-08 00:00:00;ZIMUXIA8564598;1001040;2026-06-05;;2114047601
180033810;30;ZELN;SAP_WFRT;04:05:05;2026-06-08;9200000305;1005;1714;171A;18000;EA;18000;F' SHOWER HOLDER - PREMIUM, DTC BULK;4500016782;10;109;A;C;C;C;C;C;C;A;1714;ZEL;2026-08-23;EXW;SAP_WFRT;2026-06-08 00:00:00;ZIMUXIA8564598;1001040;2026-06-05;;2114047601
180033810;40;ZELN;SAP_WFRT;04:05:05;2026-06-08;9200000309;1005;1714;171A;18000;EA;18000;F' SHOWER HOLDER - MATCHA, DIGITAL BULK;4500016784;10;109;A;C;C;C;C;C;C;A;1714;ZEL;2026-08-23;EXW;SAP_WFRT;2026-06-08 00:00:00;ZIMUXIA8564598;1001040;2026-06-05;;2114047601
180033811;10;ZELN;SAP_WFRT;04:05:11;2026-06-08;9050067911;1001;7101;171A;4680;EA;4680;F’ 26 HANDLE MATCHA US RTL;4500016770;10;109;A;C;C;C;C;C;C;A;7101;ZEL;2026-08-23;EXW;;00:00:00;ZIMUXIA8564598;1001040;2026-06-05;;2114047603
180033812;10;ZELN;SAP_WFRT;04:05:17;2026-06-08;9200003702;1005;1734;171A;54000;EA;54000;F '25 SHOWER HOLDER BULK FIG US RTL;4500016975;10;109;A;C;C;C;C;C;C;A;1734;ZEL;2026-07-26;EXW;SAP_WFRT;2026-06-08 00:00:00;160-12436270;1001040;2026-06-05;;2114047604
180033813;10;ZELN;SAP_WFRT;04:05:23;2026-06-08;9050038405;1001;1714;171A;16128;EA;16128;F '25 DOLPHIN RAZOR FLAMINGO PINK US DTC;4500016774;10;109;A;C;C;C;C;C;C;A;1714;ZEL;2026-08-23;EXW;;00:00:00;ZIMUXIA8564598;1001040;2026-06-05;;2114047602
180033813;20;ZELN;SAP_WFRT;04:05:23;2026-06-08;9050038407;1001;1714;171A;2688;EA;2688;F '26 FLAMINGO HANDLE ORCHID US DTC;4500016775;10;109;A;C;C;C;C;C;C;A;1714;ZEL;2026-08-23;EXW;;00:00:00;ZIMUXIA8564598;1001040;2026-06-05;;2114047602
180033813;30;ZELN;SAP_WFRT;04:05:23;2026-06-08;9050038408;1001;1714;171A;2688;EA;2688;F '26 FLAMINGO HANDLE MATCHA US DTC;4500016776;10;109;A;C;C;C;C;C;C;A;1714;ZEL;2026-08-23;EXW;;00:00:00;ZIMUXIA8564598;1001040;2026-06-05;;2114047602
180033815;10;ZELN;SAP_WFRT;14:05:05;2026-06-08;9050116404;1001;1722;171A;88200;EA;88200;H '25 G3 PLUS CARTRIDGE DISPENSER 4CT;4500016851;10;109;A;C;C;C;C;C;C;A;1722;ZEL;2026-06-07;EXW;SAP_WFRT;2026-06-08 00:00:00;NYC5399428;1000026;2026-06-08;;0049017202
180033816;10;ZELN;SAP_WFRT;14:05:05;2026-06-08;9050013404;1001;1722;171A;45000;EA;45000;4CT BLADE PACK - G2++;4500016837;10;109;A;C;C;C;C;C;C;A;1722;ZEL;2026-06-07;EXW;SAP_WFRT;2026-06-08 00:00:00;NYC5399428;1000026;2026-06-08;;0049017201
180033817;10;ZELN;SAP_WFRT;14:05:11;2026-06-08;9050013404;1001;1722;171A;360000;EA;360000;4CT BLADE PACK - G2++;4500016837;10;109;A;C;C;C;C;C;C;A;1722;ZEL;2026-06-07;EXW;SAP_WFRT;2026-06-08 00:00:00;NYC5399428;1000026;2026-06-08;;0049017200
180033818;10;ZELN;SAP_WFRT;14:05:17;2026-06-08;9050013404;1001;9999;171A;63000;EA;63000;4CT BLADE PACK - G2++;4500016874;10;109;C;C;C;C;C;C;C;C;9999;ZEL;2026-06-04;EXW;CHIUA;2026-06-18 00:00:00;UNKNOWN;1000026;2026-06-05;2026-06-16;0049017198
180033819;10;ZELN;SAP_WFRT;14:05:22;2026-06-08;9050013404;1001;9998;171A;27000;EA;27000;4CT BLADE PACK - G2++;4500016875;10;109;C;C;C;C;C;C;C;C;171E;ZEL;2026-06-04;EXW;CHIUA;2026-06-18 00:00:00;UNKNOWN;1000026;2026-06-05;2026-06-16;0049017199
180033820;10;ZELN;SAP_WFRT;14:05:28;2026-06-08;9050013401;1001;9998;171A;54000;EA;54000;G2++ SINGLE BLADES WITH COVER;4500016873;10;109;C;C;C;C;C;C;C;C;171E;ZEL;2026-06-04;EXW;CHIUA;2026-06-18 00:00:00;UNKNOWN;1000026;2026-06-05;2026-06-16;0049017197
180033821;10;ZELN;SAP_WFRT;14:05:34;2026-06-08;9200002301;1001;1722;171A;225000;EA;225000;H '24 G3 PLUS CARTRIDGE W/ PROT CAP;4500016849;10;109;A;C;C;C;C;C;C;A;1722;ZEL;2026-06-07;EXW;SAP_WFRT;2026-06-08 00:00:00;NYC5399428;1000026;2026-06-08;;0049017203
180033822;10;ZELN;SAP_WFRT;14:05:39;2026-06-08;9200002301;1001;9999;171A;150000;EA;150000;H '24 G3 PLUS CARTRIDGE W/ PROT CAP;4500016847;10;109;C;C;C;C;C;C;C;C;9999;ZEL;2026-06-04;EXW;CHIUA;2026-06-18 00:00:00;UNKNOWN;1000026;2026-06-05;2026-06-16;0049017195
180033823;10;ZELN;SAP_WFRT;14:05:45;2026-06-08;9050013401;1001;9999;171A;486000;EA;486000;G2++ SINGLE BLADES WITH COVER;4500016872;10;109;C;C;C;C;C;C;C;C;9999;ZEL;2026-06-04;EXW;CHIUA;2026-06-18 00:00:00;UNKNOWN;1000026;2026-06-05;2026-06-16;0049017196
180033824;10;ZELN;SAP_WFRT;14:05:51;2026-06-08;9050013401;1001;1722;171A;162000;EA;162000;G2++ SINGLE BLADES WITH COVER;4500016836;10;109;A;C;C;C;C;C;C;A;1722;ZEL;2026-06-07;EXW;SAP_WFRT;2026-06-08 00:00:00;NYC5399428;1000026;2026-06-08;;0049017204
180033826;10;ZELN;SAP_WFRT;15:00:05;2026-06-08;9050096802;5001;7101;171A;1200;EA;1200;H '26 EXFOLIATING FACE WASH 5.1OZ US;4500015463;30;109;A;C;C;C;C;C;C;A;7101;ZEL;2026-05-31;EXW;;00:00:00;555767392;1000776;2026-05-29;;4027
180033827;10;ZELN;SAP_WFRT;15:10:05;2026-06-08;9050092302;4001;7101;171A;632;EA;632;H '26 BODY WASH WILDLANDS 30OZ US;4500015524;10;109;A;C;C;C;C;C;C;A;7101;ZEL;2026-06-07;EXW;;00:00:00;555767392;1000776;2026-05-29;;4028
180033845;10;ZELN;CHIUA;20:31:32;2026-06-08;6350037526;1;9997;;53350;EA;53350;PCI PKG SOLID DEO 2.6 OZ MANDO CW R1;4500017262;10;109;A;C;C;C;C;C;C;A;9997;ZEL;2026-06-05;;;00:00:00;;1013082;2026-06-05;;
180033845;20;ZELN;CHIUA;20:31:32;2026-06-08;6350042827;1;9997;;53350;EA;53350;PCI PKG SOLID DEO 2.6 OZ MANDO CG R1;4500017262;20;109;A;C;C;C;C;C;C;A;9997;ZEL;2026-06-05;;;00:00:00;;1013082;2026-06-05;;
180033847;10;ELN;SAP_WFRT;21:23:05;2026-06-08;9150197601;1001;1721;171A;4320;EA;4320;H' 26 WINSTON SET US RTL COSTCO;4500016213;10;101;C;C;C;C;C;C;C;C;1721;EL;2026-06-07;DAP;CHIUA;2026-06-10 00:00:00;99999999;1003563;2026-06-08;2026-06-08;3136683
180033848;10;ELN;SIDDIQZ;22:00:37;2026-06-08;9150197601;1001;1721;171A;5400;EA;5400;H' 26 WINSTON SET US RTL COSTCO;4500016213;10;101;C;C;C;C;C;C;C;C;1721;EL;2026-06-07;DAP;CHIUA;2026-06-10 00:00:00;99999999;1003563;2026-06-08;2026-06-08;3136683
180033853;10;ZELN;SAP_WFRT;15:10:05;2026-06-09;9050104601;1003;1711;171A;26880;EA;26880;F '25 SHAVE GEL 2OZ US;4500017551;10;109;A;C;C;C;C;C;C;A;1711;ZEL;2026-06-11;EXW;SAP_WFRT;2026-06-09 00:00:00;0081666807;1010516;2026-06-10;;0081666807
180033856;10;ZELN;SAP_WFRT;18:20:06;2026-06-09;9050144930;6002;7818;178A;3840;EA;3840;MANDO SOLID DEO 2.6 OZ FRONTIER FRESH;4500016532;30;109;A;C;C;C;C;C;C;A;178E;ZEL;2026-06-07;EXW;;00:00:00;1634121;1002434;2026-06-01;;525
180033857;10;ZELN;SAP_WFRT;18:20:11;2026-06-09;9050144930;6002;1787;178A;11520;EA;11520;MANDO SOLID DEO 2.6 OZ FRONTIER FRESH;4500016532;20;109;C;C;C;C;C;C;C;C;1787;ZEL;2026-06-07;EXW;BLANTOS;2026-06-15 00:00:00;1634703;1002434;2026-06-02;2026-06-15;526
180033864;10;ELN;BATCH_USER;21:56:08;2026-06-09;9050110801;1005;7101;171A;5040;EA;5040;F '26 TRAVEL RAZOR PACK US;4500017474;10;101;A;C;C;C;C;C;C;A;7101;EL;2026-06-09;;;00:00:00;;1012389;2026-06-09;;0080198982
180033865;10;ELN;BATCH_USER;21:56:08;2026-06-09;9050110801;1005;7101;171A;5040;EA;5040;F '26 TRAVEL RAZOR PACK US;4500017476;10;101;C;C;C;C;C;C;C;C;7101;EL;2026-06-09;;SAP_WFRT;2026-06-19 00:00:00;;1012389;2026-06-09;2026-06-19;0080198984
180033867;10;ELN;SAP_WFRT;23:33:16;2026-06-09;9150197601;1001;1721;171A;4320;EA;4320;H' 26 WINSTON SET US RTL COSTCO;4500016213;10;101;C;C;C;C;C;C;C;C;1721;EL;2026-06-08;DAP;CHIUA;2026-06-10 00:00:00;99999999;1003563;2026-06-09;2026-06-09;3136688
180033868;10;ELN;SIDDIQZ;00:00:26;2026-06-10;9150197601;1001;1721;171A;5760;EA;5760;H' 26 WINSTON SET US RTL COSTCO;4500016213;10;101;C;C;C;C;C;C;C;C;1721;EL;2026-06-08;DAP;CHIUA;2026-06-10 00:00:00;99999999;1003563;2026-06-09;2026-06-09;3136688
180033881;10;ZELN;SAP_WFRT;19:25:05;2026-06-10;9050091702;4001;7101;171A;4512;EA;4512;H '26 BODY WASH WILDLANDS 18OZ US;4500015638;40;109;A;C;C;C;C;C;C;A;7101;ZEL;2026-06-10;EXW;SAP_WFRT;2026-06-10 00:00:00;83292556;1010525;2026-06-10;;775
180033887;10;ZELN;CHIUA;20:23:06;2026-06-10;9200005302;5003;9999;171A;152000;G;152000;MAYFAIR MAN ORIG. +TT E24044613 G;4500016749;10;109;C;C;C;C;C;C;C;C;9999;ZEL;2026-06-10;EXW;CHIUA;2026-06-10 00:00:00;;1005025;2026-06-10;2026-06-10;
180033887;20;ZELN;CHIUA;20:23:06;2026-06-10;9200005202;5003;9999;171A;77000;G;77000;NIGEL P. ORIG. + TT E24094059 G;4500016749;20;109;C;C;C;C;C;C;C;C;9999;ZEL;2026-06-10;EXW;CHIUA;2026-06-10 00:00:00;;1005025;2026-06-10;2026-06-10;
180033887;30;ZELN;CHIUA;20:23:06;2026-06-10;9200005102;5003;9999;171A;75000;G;75000;TEN P ORIG. + TT E24044616 G;4500016749;30;109;C;C;C;C;C;C;C;C;9999;ZEL;2026-06-10;EXW;CHIUA;2026-06-10 00:00:00;;1005025;2026-06-10;2026-06-10;
180033891;10;ELN;SAP_WFRT;21:27:22;2026-06-10;9150240301;6002;7816;178A;6720;EA;6720;L '26 POWDERSS 2.6OZ 2PK+0.5OZ COSTCO V2;4500016708;20;101;C;C;C;C;C;C;C;C;7815;EL;2026-06-09;DAP;SAP_WFRT;2026-06-10 00:00:00;99999999;1003563;2026-06-10;2026-06-10;3139729
180033895;10;ZELN;SAP_WFRT;07:25:05;2026-06-11;9200002701;1001;1722;171A;129600;EA;129600;F '23 MOISTURE+ CARTRIDGE;4500016623;10;109;A;C;C;C;C;C;C;A;1722;ZEL;2026-07-26;EXW;;00:00:00;VNNYC5424078;1009011;2026-05-28;;93
180033896;10;ZELN;SAP_WFRT;07:35:05;2026-06-11;9200000103;1002;9999;171A;100000;EA;100000;DISPOSABLE 3B RAZOR, ROYAL BLUE;4500016474;10;109;A;C;C;C;C;C;C;A;9999;ZEL;2026-06-04;EXW;;00:00:00;HBL117130900528;1009011;2026-05-30;;94
180033897;10;ZELN;SAP_WFRT;07:45:05;2026-06-11;9200000104;1002;9999;171A;100000;EA;100000;DISPOSABLE 3B RAZOR, RED;4500016475;10;109;A;C;C;C;C;C;C;A;9999;ZEL;2026-06-04;EXW;;00:00:00;HBL117130900528;1009011;2026-05-30;;95
180033898;10;ZELN;SAP_WFRT;07:45:05;2026-06-11;9200000105;1002;9999;171A;100000;EA;100000;DISPOSABLE 3B RAZOR, GREEN;4500016476;10;109;A;C;C;C;C;C;C;A;9999;ZEL;2026-06-04;EXW;;00:00:00;HBL117130900528;1009011;2026-05-30;;96
180033900;10;ELN;SAP_WFRT;08:25:48;2026-06-11;9150240301;6002;7816;178A;8120;EA;8120;L '26 POWDERSS 2.6OZ 2PK+0.5OZ COSTCO V2;4500016708;20;101;C;C;C;C;C;C;C;C;7815;EL;2026-06-10;DAP;SAP_WFRT;2026-06-11 00:00:00;99999999;1003563;2026-06-11;2026-06-11;3140718
180033915;10;ELN;SAP_WFRT;21:26:12;2026-06-11;9150240301;6002;7816;178A;840;EA;840;L '26 POWDERSS 2.6OZ 2PK+0.5OZ COSTCO V2;4500016708;20;101;C;C;C;C;C;C;C;C;7815;EL;2026-06-10;DAP;SAP_WFRT;2026-06-11 00:00:00;99999999;1003563;2026-06-11;2026-06-11;3140713
180033917;10;ELN;SAP_WFRT;21:37:44;2026-06-11;9150197601;1001;1721;171A;3960;EA;3960;H' 26 WINSTON SET US RTL COSTCO;4500016213;10;101;C;C;C;C;C;C;C;C;1721;EL;2026-06-10;DAP;SAP_WFRT;2026-06-11 00:00:00;99999999;1003563;2026-06-11;2026-06-11;3141572
180033918;10;ELN;SAP_WFRT;21:41:26;2026-06-11;9150240301;6002;7816;178A;1680;EA;1680;L '26 POWDERSS 2.6OZ 2PK+0.5OZ COSTCO V2;4500016708;20;101;C;C;C;C;C;C;C;C;7815;EL;2026-06-10;DAP;SAP_WFRT;2026-06-11 00:00:00;99999999;1003563;2026-06-11;2026-06-11;3140714
180033919;10;ELN;SIDDIQZ;22:00:41;2026-06-11;9150240301;6002;7816;178A;2520;EA;2520;L '26 POWDERSS 2.6OZ 2PK+0.5OZ COSTCO V2;4500016708;20;101;C;C;C;C;C;C;C;C;7815;EL;2026-06-11;DAP;SIDDIQZ;2026-06-11 00:00:00;99999999;1003563;2026-06-11;2026-06-11;3140713
180033920;10;ELN;SIDDIQZ;22:00:41;2026-06-11;9150197601;1001;1721;171A;4320;EA;4320;H' 26 WINSTON SET US RTL COSTCO;4500016213;10;101;C;C;C;C;C;C;C;C;1721;EL;2026-06-10;DAP;SIDDIQZ;2026-06-11 00:00:00;99999999;1003563;2026-06-11;2026-06-11;3141572
180033921;10;ELN;SIDDIQZ;23:00:52;2026-06-11;9150240301;6002;7816;178A;1960;EA;1960;L '26 POWDERSS 2.6OZ 2PK+0.5OZ COSTCO V2;4500016708;20;101;C;C;C;C;C;C;C;C;7815;EL;2026-06-11;DAP;SIDDIQZ;2026-06-11 00:00:00;99999999;1003563;2026-06-11;2026-06-11;3140714
180033922;10;ELN;SIDDIQZ;23:00:52;2026-06-11;9150240301;6002;7816;178A;1680;EA;1680;L '26 POWDERSS 2.6OZ 2PK+0.5OZ COSTCO V2;4500016708;20;101;C;C;C;C;C;C;C;C;7815;EL;2026-06-11;DAP;SIDDIQZ;2026-06-11 00:00:00;99999999;1003563;2026-06-11;2026-06-11;3140714
180033923;10;ELN;SIDDIQZ;23:00:52;2026-06-11;9150240301;6002;7816;178A;1960;EA;1960;L '26 POWDERSS 2.6OZ 2PK+0.5OZ COSTCO V2;4500016708;20;101;C;C;C;C;C;C;C;C;7815;EL;2026-06-11;DAP;SIDDIQZ;2026-06-11 00:00:00;99999999;1003563;2026-06-11;2026-06-11;3140714
180033925;10;ZELN;TEST_PEOUM;04:02:00;2026-06-12;6350074701;1;9997;178A;64800;EA;64800;LUME DEO SPRAY ACTUATOR + CAP 220C;4500016271;20;109;A;C;C;C;C;C;C;A;9997;ZEL;2026-06-12;EXW;TEST_PEOUM;2026-06-12 00:00:00;;1013036;2026-06-12;;
180033925;20;ZELN;TEST_PEOUM;04:02:00;2026-06-12;6350074601;1;9997;178A;64800;EA;64800;LUME DEO SPRAY ACTUATOR + CAP 2356C;4500016271;30;109;A;C;C;C;C;C;C;A;9997;ZEL;2026-06-12;EXW;TEST_PEOUM;2026-06-12 00:00:00;;1013036;2026-06-12;;
180033925;30;ZELN;TEST_PEOUM;04:02:00;2026-06-12;6350074501;1;9997;178A;30600;EA;30600;LUME DEO SPRAY ACTUATOR + CAP 7609C;4500016271;40;109;A;C;C;C;C;C;C;A;9997;ZEL;2026-06-12;EXW;TEST_PEOUM;2026-06-12 00:00:00;;1013036;2026-06-12;;
180033926;10;ZELN;SAP_WFRT;04:05:05;2026-06-12;9050041101;1001;1722;171A;11880;EA;11880;F' HANDLE LILAC, DOLPHIN - NO MATCHBOX;4500016777;10;109;A;C;C;C;C;C;C;A;1722;ZEL;2026-08-23;EXW;;00:00:00;XIA1897937;1001040;2026-06-11;;2114047636
180033927;10;ZELN;SAP_WFRT;04:05:05;2026-06-12;9200004703;1001;1722;171A;12240;EA;12240;H '25 BULK HNDLE W CART G3 GREEN RETAIL;4500016443;10;109;A;C;C;C;C;C;C;A;1722;ZEL;2026-08-08;EXW;;00:00:00;XIA1897937;1001040;2026-06-11;;2114047637
180033927;20;ZELN;SAP_WFRT;04:05:05;2026-06-12;9050109501;1005;1722;171A;64512;EA;64512;H '25 TRAVEL BLADE COVER;4500016936;10;109;A;C;C;C;C;C;C;A;1722;ZEL;2026-08-08;EXW;;00:00:00;XIA1897937;1001040;2026-06-11;;2114047637
180033927;30;ZELN;SAP_WFRT;04:05:05;2026-06-12;9050067301;1001;1722;171A;79560;EA;79560;H WINSTON CHROME HANDLE BULK G2++ CART;4500016914;10;109;A;C;C;C;C;C;C;A;1722;ZEL;2026-08-08;EXW;;00:00:00;XIA1897937;1001040;2026-06-11;;2114047637
180033927;40;ZELN;SAP_WFRT;04:05:05;2026-06-12;9200004703;1001;1722;171A;48960;EA;48960;H '25 BULK HNDLE W CART G3 GREEN RETAIL;4500016927;10;109;A;C;C;C;C;C;C;A;1722;ZEL;2026-08-08;EXW;;00:00:00;XIA1897937;1001040;2026-06-11;;2114047637
180033928;10;ZELN;SAP_WFRT;04:05:11;2026-06-12;9050109101;1001;1114;111A;4320;EA;4320;H '25 TRUMAN G2++ BLUE DTC;4500016433;10;109;A;C;C;C;C;C;C;A;111E;ZEL;2026-08-09;EXW;SAP_WFRT;2026-06-12 00:00:00;ONEYXMNG68351500;1001040;2026-06-11;;2114047632
180033928;20;ZELN;SAP_WFRT;04:05:11;2026-06-12;9050115001;1001;1114;111A;2700;EA;2700;H '25 STARTER SET G2++ ORANGE UK RTL;4500016436;10;109;A;C;C;C;C;C;C;A;111E;ZEL;2026-08-09;EXW;SAP_WFRT;2026-06-12 00:00:00;ONEYXMNG68351500;1001040;2026-06-11;;2114047632
180033928;30;ZELN;SAP_WFRT;04:05:11;2026-06-12;9050109001;1001;1114;111A;4320;EA;4320;H '25 TRUMAN G2++ GREEN DTC;4500016432;10;109;A;C;C;C;C;C;C;A;111E;ZEL;2026-08-09;EXW;SAP_WFRT;2026-06-12 00:00:00;ONEYXMNG68351500;1001040;2026-06-11;;2114047632
180033928;40;ZELN;SAP_WFRT;04:05:11;2026-06-12;9050117001;1001;1114;111A;10368;EA;10368;H '25 TRUMAN COMBI G2++ INDIGO UK RTL;4500016434;10;109;A;C;C;C;C;C;C;A;111E;ZEL;2026-08-09;EXW;SAP_WFRT;2026-06-12 00:00:00;ONEYXMNG68351500;1001040;2026-06-11;;2114047632
180033928;50;ZELN;SAP_WFRT;04:05:11;2026-06-12;9050109501;1005;1114;111A;21504;EA;21504;H '25 TRAVEL BLADE COVER;4500016937;10;109;A;C;C;C;C;C;C;A;111E;ZEL;2026-08-09;EXW;SAP_WFRT;2026-06-12 00:00:00;ONEYXMNG68351500;1001040;2026-06-11;;2114047632
180033929;10;ZELN;SAP_WFRT;04:05:17;2026-06-12;9050099306;1001;7101;171A;3744;EA;3744;H '25 TRUMAN VALUE PK G2++ EMBER US RTL;4500016105;10;109;A;C;C;C;C;C;C;A;7101;ZEL;2026-07-29;EXW;;00:00:00;1811X0261667427B5;1001040;2026-06-11;;2114047633
180033929;20;ZELN;SAP_WFRT;04:05:17;2026-06-12;9050099301;1001;7101;171A;6480;EA;6480;H '25 TRUMAN PACK G2++ CHARCOAL NA RTL;4500016448;10;109;A;C;C;C;C;C;C;A;7101;ZEL;2026-07-29;EXW;;00:00:00;1811X0261667427B5;1001040;2026-06-11;;2114047633
180033929;30;ZELN;SAP_WFRT;04:05:17;2026-06-12;9050099306;1001;7101;171A;28080;EA;28080;H '25 TRUMAN VALUE PK G2++ EMBER US RTL;4500016453;10;109;A;C;C;C;C;C;C;A;7101;ZEL;2026-07-29;EXW;;00:00:00;1811X0261667427B5;1001040;2026-06-11;;2114047633
180033930;10;ZELN;SAP_WFRT;04:05:27;2026-06-12;9050033019;1001;7101;171A;3744;EA;3744;F' HANDLE LILAC CAN - RRD;4500016771;10;109;A;C;C;C;C;C;C;A;7101;ZEL;2026-08-23;EXW;;00:00:00;1811X0261667427B5;1001040;2026-06-11;;2114047635
180033931;10;ZELN;SAP_WFRT;04:05:33;2026-06-12;9050099305;1001;7101;171A;38880;EA;38880;H '25 TRUMAN PACK G2++ GLACIER NA RTL;4500016452;10;109;A;C;C;C;C;C;C;A;7101;ZEL;2026-07-29;EXW;;00:00:00;1811X0261667427B5;1001040;2026-06-11;;2114047634
180033933;10;ELN;SAP_WFRT;08:12:56;2026-06-12;9150197601;1001;1721;171A;6480;EA;6480;H' 26 WINSTON SET US RTL COSTCO;4500016213;10;101;C;C;C;C;C;C;C;C;1721;EL;2026-06-11;DAP;CHIUA;2026-06-18 00:00:00;99999999;1003563;2026-06-12;2026-06-12;3142273
180033934;10;ELN;SAP_WFRT;08:23:56;2026-06-12;9150197601;1001;1721;171A;1800;EA;1800;H' 26 WINSTON SET US RTL COSTCO;4500016213;10;101;C;C;C;C;C;C;C;C;1721;EL;2026-06-11;DAP;SAP_WFRT;2026-06-12 00:00:00;99999999;1003563;2026-06-12;2026-06-12;3142276
180033935;10;ELN;SIDDIQZ;09:00:04;2026-06-12;9150197601;1001;1721;171A;360;EA;360;H' 26 WINSTON SET US RTL COSTCO;4500016213;10;101;C;C;C;C;C;C;C;C;1721;EL;2026-06-11;DAP;SIDDIQZ;2026-06-12 00:00:00;99999999;1003563;2026-06-12;2026-06-12;3142276
180033936;10;ZELN;SAP_WFRT;10:45:05;2026-06-12;9050093102;6001;7101;171A;111096;EA;111096;H '26 EXTRA AP WL 2.5OZ US;4500015686;10;109;A;C;C;C;C;C;C;A;7101;ZEL;2026-06-25;EXW;SAP_WFRT;2026-06-12 00:00:00;556677243;1004863;2026-06-11;;483
180033937;20;ZELN;SAP_WFRT;10:50:05;2026-06-12;9050093102;6001;7101;171A;35280;EA;35280;H '26 EXTRA AP WL 2.5OZ US;4500015686;10;109;C;C;C;C;C;C;C;C;7101;ZEL;2026-06-25;EXW;PUSHIEK;2026-06-15 00:00:00;556574914;1004863;2026-06-11;2026-06-13;484
180033939;10;ELN;SAP_WFRT;13:25:18;2026-06-12;9150240301;6002;7816;178A;2240;EA;2240;L '26 POWDERSS 2.6OZ 2PK+0.5OZ COSTCO V2;4500016708;20;101;C;C;C;C;C;C;C;C;7815;EL;2026-06-11;DAP;SAP_WFRT;2026-06-12 00:00:00;99999999;1003563;2026-06-12;2026-06-12;3140717
180033940;10;ZELN;SAP_WFRT;14:05:05;2026-06-12;9050099902;1001;1114;111A;1296;EA;1296;H '26 PLUS TIDE UK RTL;4500016860;10;109;A;C;C;C;C;C;C;A;111E;ZEL;2026-06-12;EXW;SAP_WFRT;2026-06-12 00:00:00;UNKNOWN;1000026;2026-06-12;;0049017206
180033941;10;ZELN;SAP_WFRT;14:05:06;2026-06-12;9050129801;1001;1114;111A;2700;EA;2700;H '25 PLUS ONYX DTC UK;4500016857;10;109;A;C;C;C;C;C;C;A;111E;ZEL;2026-06-12;EXW;SAP_WFRT;2026-06-12 00:00:00;UNKNOWN;1000026;2026-06-12;;0049017207
180033942;10;ZELN;SAP_WFRT;14:05:11;2026-06-12;9050100104;1001;1114;111A;20952;EA;20952;H '26 PLUS REFILL 4CT UK RTL;4500016861;10;109;A;C;C;C;C;C;C;A;111E;ZEL;2026-06-12;EXW;SAP_WFRT;2026-06-12 00:00:00;UNKNOWN;1000026;2026-06-12;;0049017205
180033943;10;ZELN;PUSHIEK;14:32:34;2026-06-12;6360044401;1;1714;171A;64800;EA;64800;PADDED MAILER, #0, 6 IN X 8 IN, BR25;4500016762;10;109;C;C;C;C;C;C;C;C;1714;ZEL;2026-06-11;EXW;SAP_WFRT;2026-06-12 00:00:00;1524933;1010023;2026-06-12;2026-06-12;
180033945;10;ZELN;PUSHIEK;14:45:59;2026-06-12;6360044401;1;1714;171A;185200;EA;185200;PADDED MAILER, #0, 6 IN X 8 IN, BR25;4500016762;10;109;C;C;C;C;C;C;C;C;1714;ZEL;2026-06-11;EXW;CHIUA;2026-06-18 00:00:00;1524934;1010023;2026-06-12;2026-06-15;
180033947;10;ZELN;SAP_WFRT;17:15:05;2026-06-12;9050091702;4001;1711;171A;1920;EA;1920;H '26 BODY WASH WILDLANDS 18OZ US;4500015638;10;109;A;C;C;C;C;C;C;A;1711;ZEL;2026-06-14;EXW;SAP_WFRT;2026-06-12 00:00:00;83292546;1010525;2026-06-12;;781
180033948;10;ZELN;SAP_WFRT;17:40:06;2026-06-12;9050091702;4001;1712;171A;960;EA;960;H '26 BODY WASH WILDLANDS 18OZ US;4500015638;20;109;A;C;C;C;C;C;C;A;1712;ZEL;2026-06-14;EXW;SAP_WFRT;2026-06-12 00:00:00;83292504;1010525;2026-06-12;;782
180033950;10;ZELN;SAP_WFRT;17:45:11;2026-06-12;9050091702;4001;1714;171A;2880;EA;2880;H '26 BODY WASH WILDLANDS 18OZ US;4500015638;30;109;C;C;C;C;C;C;C;C;1714;ZEL;2026-06-14;EXW;SAP_WFRT;2026-06-19 00:00:00;83292548;1010525;2026-06-12;2026-06-19;783
180033951;10;ZELN;COLEYC;17:48:50;2026-06-12;6360044401;1;1712;171A;61200;EA;61200;PADDED MAILER, #0, 6 IN X 8 IN, BR25;4500016762;30;109;A;C;C;C;C;C;C;A;1712;ZEL;2026-06-12;EXW;COLEYC;2026-06-12 00:00:00;1524935-0001;1010023;2026-06-12;;
180033952;10;ELN;CHIUA;18:10:14;2026-06-12;9150197601;1001;1721;171A;9360;EA;9360;H' 26 WINSTON SET US RTL COSTCO;4500016213;10;101;C;C;C;C;C;C;C;C;1721;EL;2026-06-10;DAP;CHIUA;2026-06-22 00:00:00;;1003563;2026-06-10;2026-06-10;3136694
180033959;10;ELN;BATCH_USER;19:15:11;2026-06-12;9050038401;1001;1711;171A;2400;EA;2400;F' DTC MATCHBOX - LILAC, DOLPHIN;4500017570;10;101;C;C;C;C;C;C;C;C;1711;EL;2026-06-12;EXW;SAP_WFRT;2026-06-17 00:00:00;04000000000902692;1714;2026-06-12;2026-06-17;0080200448
180033959;20;ELN;BATCH_USER;19:15:11;2026-06-12;9050099801;1001;1711;171A;5760;EA;5760;H '25 PLUS ONYX DTC (ENGRAVABLE);4500017570;20;101;C;C;C;C;C;C;C;C;1711;EL;2026-06-12;EXW;SAP_WFRT;2026-06-17 00:00:00;04000000000902692;1714;2026-06-12;2026-06-17;0080200448
180033965;10;ELN;BATCH_USER;19:45:14;2026-06-12;9200001401;1001;1711;171A;5400;EA;5400;F '23 PUBIC CARTRIDGES G2++ 4CT US;4500017585;10;101;C;C;C;C;C;C;C;C;1711;EL;2026-06-12;EXW;SAP_WFRT;2026-06-17 00:00:00;04000000000902708;1714;2026-06-12;2026-06-17;0080200756
180033969;10;ELN;BATCH_USER;20:28:41;2026-06-12;9050013404;1001;1712;171A;54000;EA;54000;4CT BLADE PACK - G2++;4500017583;10;101;C;C;C;C;C;C;C;C;1712;EL;2026-06-12;EXW;SAP_WFRT;2026-06-16 00:00:00;556960122;1711;2026-06-12;2026-06-16;0080200641
180033969;20;ELN;BATCH_USER;20:28:41;2026-06-12;9050093401;3003;1712;171A;408;EA;408;H '25 HAIR CREAM 5.1OZ US;4500017583;20;101;C;C;C;C;C;C;C;C;1712;EL;2026-06-12;EXW;SAP_WFRT;2026-06-16 00:00:00;556960122;1711;2026-06-12;2026-06-16;0080200641
180033969;30;ELN;BATCH_USER;20:28:41;2026-06-12;9050092502;3001;1712;171A;2640;EA;2640;H '26 2-IN-1 SHAMPOO ASPEN 14OZ US;4500017583;30;101;A;C;C;C;C;C;C;A;1712;EL;2026-06-12;EXW;SAP_WFRT;2026-06-16 00:00:00;556960122;1711;2026-06-12;2026-06-16;0080200641
180033969;40;ELN;BATCH_USER;20:28:41;2026-06-12;9050080201;1001;1712;171A;360;EA;360;H' CRAFT PACK G2++ GUNMETAL US RETAIL;4500017583;40;101;C;C;C;C;C;C;C;C;1712;EL;2026-06-12;EXW;SAP_WFRT;2026-06-16 00:00:00;556960122;1711;2026-06-12;2026-06-16;0080200641
180033969;50;ELN;BATCH_USER;20:28:41;2026-06-12;9050082401;1001;1712;171A;144;EA;144;H' TRUMAN VALUE G2++ ORANGE US RETAIL;4500017583;50;101;C;C;C;C;C;C;C;C;1712;EL;2026-06-12;EXW;SAP_WFRT;2026-06-16 00:00:00;556960122;1711;2026-06-12;2026-06-16;0080200641
180033969;60;ELN;BATCH_USER;20:28:41;2026-06-12;9050107301;4001;1712;171A;3024;EA;3024;H '25 BAR SOAP REDWOOD 4OZ SNGL US/CAN;4500017583;60;101;C;C;C;C;C;C;C;C;1712;EL;2026-06-12;EXW;SAP_WFRT;2026-06-16 00:00:00;556960122;1711;2026-06-12;2026-06-16;0080200641
180033969;70;ELN;BATCH_USER;20:28:41;2026-06-12;9050107201;4001;1712;171A;1512;EA;1512;H '25 BAR SOAP STONE 4OZ SNGL US/CAN;4500017583;70;101;C;C;C;C;C;C;C;C;1712;EL;2026-06-12;EXW;SAP_WFRT;2026-06-16 00:00:00;556960122;1711;2026-06-12;2026-06-16;0080200641
180033969;80;ELN;BATCH_USER;20:28:41;2026-06-12;9050123001;4004;1712;171A;1488;EA;1488;H '25 COLOGNE TIN 3 SCENT US DTC;4500017583;80;101;C;C;C;C;C;C;C;C;1712;EL;2026-06-12;EXW;SAP_WFRT;2026-06-16 00:00:00;556960122;1711;2026-06-12;2026-06-16;0080200641
180033969;90;ELN;BATCH_USER;20:28:41;2026-06-12;9050074101;2002;1712;171A;4212;EA;4212;F' FACE DEPILATORY 40ML;4500017583;90;101;A;C;C;C;C;C;C;A;1712;EL;2026-06-12;EXW;SAP_WFRT;2026-06-16 00:00:00;556960122;1711;2026-06-12;2026-06-16;0080200641
180033969;100;ELN;BATCH_USER;20:28:41;2026-06-12;9050099803;1001;1712;171A;2880;EA;2880;H '25 PLUS MOSS DTC (ENGRAVABLE);4500017583;100;101;C;C;C;C;C;C;C;C;1712;EL;2026-06-12;EXW;SAP_WFRT;2026-06-16 00:00:00;556960122;1711;2026-06-12;2026-06-16;0080200641
180033969;110;ELN;BATCH_USER;20:28:41;2026-06-12;9050099804;1001;1712;171A;2880;EA;2880;H '25 PLUS CLAY DTC (ENGRAVABLE);4500017583;110;101;A;C;C;C;C;C;C;A;1712;EL;2026-06-12;EXW;SAP_WFRT;2026-06-16 00:00:00;556960122;1711;2026-06-12;2026-06-16;0080200641
180033969;120;ELN;BATCH_USER;20:28:41;2026-06-12;9050116404;1001;1712;171A;25200;EA;25200;H '25 G3 PLUS CARTRIDGE DISPENSER 4CT;4500017583;120;101;C;C;C;C;C;C;C;C;1712;EL;2026-06-12;EXW;SAP_WFRT;2026-06-16 00:00:00;556960122;1711;2026-06-12;2026-06-16;0080200641
180033970;10;ELN;SAP_WFRT;21:06:29;2026-06-12;9150197601;1001;1721;171A;4320;EA;4320;H' 26 WINSTON SET US RTL COSTCO;4500016213;10;101;A;C;C;C;C;C;C;A;1721;EL;2026-06-11;DAP;;00:00:00;99999999;1003563;2026-06-12;;3142278
180033971;10;ELN;SAP_WFRT;21:06:29;2026-06-12;9150197601;1001;1721;171A;2880;EA;2880;H' 26 WINSTON SET US RTL COSTCO;4500016213;10;101;C;C;C;C;C;C;C;C;1721;EL;2026-06-11;DAP;SAP_WFRT;2026-06-12 00:00:00;99999999;1003563;2026-06-12;2026-06-12;3142278
180033972;10;ELN;BATCH_USER;21:14:31;2026-06-12;9200003802;1001;1734;171A;2000;EA;2000;F '25 FIG KITTED HANDLE US AMZ (NO CART);4500017622;10;101;C;C;C;C;C;C;C;C;1734;EL;2026-06-12;EXW;CHIUA;2026-06-18 00:00:00;;1714;2026-06-12;2026-06-15;0080201149
180033973;10;ELN;SAP_WFRT;21:30:24;2026-06-12;9150197601;1001;1721;171A;5040;EA;5040;H' 26 WINSTON SET US RTL COSTCO;4500016213;10;101;C;C;C;C;C;C;C;C;1721;EL;2026-06-11;DAP;CHIUA;2026-06-22 00:00:00;99999999;1003563;2026-06-12;2026-06-12;3140719
180033974;10;ELN;SIDDIQZ;22:00:46;2026-06-12;9150197601;1001;1721;171A;2160;EA;2160;H' 26 WINSTON SET US RTL COSTCO;4500016213;10;101;A;C;C;C;C;C;C;A;1721;EL;2026-06-11;DAP;;00:00:00;99999999;1003563;2026-06-12;;3142278
180033975;10;ELN;SIDDIQZ;22:00:48;2026-06-12;9150197601;1001;1721;171A;4320;EA;4320;H' 26 WINSTON SET US RTL COSTCO;4500016213;10;101;A;C;C;C;C;C;C;A;1721;EL;2026-06-11;DAP;;00:00:00;99999999;1003563;2026-06-12;;3140719
180033976;10;ELN;SAP_WFRT;22:37:56;2026-06-12;9150197601;1001;1721;171A;1440;EA;1440;H' 26 WINSTON SET US RTL COSTCO;4500016213;10;101;C;C;C;C;C;C;C;C;1721;EL;2026-06-11;DAP;CHIUA;2026-06-18 00:00:00;99999999;1003563;2026-06-12;2026-06-12;3136694
180033977;10;ELN;SIDDIQZ;23:00:43;2026-06-12;9150197601;1001;1721;171A;3600;EA;3600;H' 26 WINSTON SET US RTL COSTCO;4500016213;10;101;C;C;C;C;C;C;C;C;1721;EL;2026-06-11;DAP;CHIUA;2026-06-18 00:00:00;99999999;1003563;2026-06-12;2026-06-12;3136694
180033978;10;ELN;SIDDIQZ;23:00:44;2026-06-12;9150197601;1001;1721;171A;4320;EA;4320;H' 26 WINSTON SET US RTL COSTCO;4500016213;10;101;A;C;C;C;C;C;C;A;1721;EL;2026-06-11;DAP;;00:00:00;99999999;1003563;2026-06-12;;3136694
180033981;10;ELN;SAP_WFRT;15:58:24;2026-06-13;9150197601;1001;1721;171A;2160;EA;2160;H' 26 WINSTON SET US RTL COSTCO;4500016213;10;101;A;C;C;C;C;C;C;A;1721;EL;2026-06-12;DAP;;00:00:00;99999999;1003563;2026-06-13;;3142277
180033982;10;ELN;SAP_WFRT;15:58:31;2026-06-13;9150197601;1001;1721;171A;2160;EA;2160;H' 26 WINSTON SET US RTL COSTCO;4500016213;10;101;A;C;C;C;C;C;C;A;1721;EL;2026-06-12;DAP;;00:00:00;99999999;1003563;2026-06-13;;3142277
180033984;10;ZELN;SAP_WFRT;13:20:05;2026-06-15;9050091702;4001;7101;171A;28428;EA;28428;H '26 BODY WASH WILDLANDS 18OZ US;4500015638;40;109;A;C;C;C;C;C;C;A;7101;ZEL;2026-06-15;EXW;SAP_WFRT;2026-06-15 00:00:00;83292550;1010525;2026-06-15;;785
180033985;10;ZELN;SAP_WFRT;14:05:06;2026-06-15;9050116404;1001;1711;171A;63000;EA;63000;H '25 G3 PLUS CARTRIDGE DISPENSER 4CT;4500016854;10;109;A;C;C;C;C;C;C;A;1711;ZEL;2026-06-14;EXW;SAP_WFRT;2026-06-15 00:00:00;NYC5399429;1000026;2026-06-15;;0049017210
180033986;10;ZELN;SAP_WFRT;14:05:13;2026-06-15;9050013404;1001;9999;171A;360000;EA;360000;4CT BLADE PACK - G2++;4500016839;10;109;A;C;C;C;C;C;C;A;9999;ZEL;2026-06-14;EXW;SAP_WFRT;2026-06-15 00:00:00;NYC5399429;1000026;2026-06-15;;0049017208
180033987;10;ZELN;SAP_WFRT;14:05:18;2026-06-15;9050013404;1001;9999;171A;270000;EA;270000;4CT BLADE PACK - G2++;4500016839;10;109;A;C;C;C;C;C;C;A;9999;ZEL;2026-06-14;EXW;SAP_WFRT;2026-06-15 00:00:00;NYC5399429;1000026;2026-06-15;;0049017209
180033989;10;ELN;BATCH_USER;15:43:24;2026-06-15;9050068002;1001;7101;171A;10368;EA;10368;F '25 VALUE PACK DOLPHIN LILAC US RETAIL;4500017588;20;101;A;C;C;C;C;C;C;A;7101;EL;2026-06-13;DAP;;00:00:00;8128567536;1722;2026-06-15;;0080200758
180033989;20;ELN;BATCH_USER;15:43:24;2026-06-15;9050099304;1001;7101;171A;6480;EA;6480;H '25 TRUMAN PACK G2++ SAGE NA RTL;4500017588;30;101;A;C;C;C;C;C;C;A;7101;EL;2026-06-13;DAP;;00:00:00;8128567536;1722;2026-06-15;;0080200758
180033989;30;ELN;BATCH_USER;15:43:24;2026-06-15;9050089901;1001;7101;171A;24228;EA;24228;H '26 PLUS PACK TIDE US RTL;4500017588;40;101;A;C;C;C;C;C;C;A;7101;EL;2026-06-13;DAP;;00:00:00;8128567536;1722;2026-06-15;;0080200758
180033992;10;ZELN;SAP_WFRT;16:35:05;2026-06-15;6350016010;1;9997;178A;32616;EA;32616;PKG DEO CREAM 2.2OZ TUBE POWDER R3;4500016504;40;109;A;C;C;C;C;C;C;A;9997;ZEL;2026-06-14;EXW;SAP_WFRT;2026-06-15 00:00:00;DL1976;1011162;2026-06-15;;08
180033996;10;ELN;BATCH_USER;17:27:58;2026-06-15;9050110801;1005;7101;171A;5040;EA;5040;F '26 TRAVEL RAZOR PACK US;4500017478;10;101;A;C;C;C;C;C;C;A;7101;EL;2026-06-15;;;00:00:00;;1012389;2026-06-15;;0080198986
180033997;10;ZELN;SAP_WFRT;17:50:06;2026-06-15;9050091702;4001;7101;171A;27648;EA;27648;H '26 BODY WASH WILDLANDS 18OZ US;4500015638;40;109;A;C;C;C;C;C;C;A;7101;ZEL;2026-06-15;EXW;SAP_WFRT;2026-06-15 00:00:00;83292554;1010525;2026-06-15;;788
180033998;10;ZELN;SAP_WFRT;18:05:06;2026-06-15;9050059001;6002;7803;178A;18504;EA;18504;SOLID DEO 2.6OZ STICK UNSCENTED;4500016370;30;109;A;C;C;C;C;C;C;A;7803;ZEL;2026-07-02;EXW;;00:00:00;2165097;1002434;2026-06-11;;529
180033999;10;ZELN;SAP_WFRT;18:10:05;2026-06-15;9050059001;6002;1786;178A;11520;EA;11520;SOLID DEO 2.6OZ STICK UNSCENTED;4500016370;10;109;A;C;C;C;C;C;C;A;1786;ZEL;2026-07-02;EXW;;00:00:00;1638734;1002434;2026-06-12;;530
180034000;10;ELN;BATCH_USER;18:42:52;2026-06-15;9050089602;3001;1711;171A;660;EA;660;H '26 2-IN-1 SHAMPOO WILDLANDS 14OZ US;4500017569;10;101;A;C;C;C;C;C;C;A;1711;EL;2026-06-15;EXW;;00:00:00;1039725;7101;2026-06-15;;0080200447
180034003;10;ELN;SAP_WFRT;20:32:27;2026-06-15;9150197601;1001;1721;171A;1440;EA;1440;H' 26 WINSTON SET US RTL COSTCO;4500016213;10;101;A;C;C;C;C;C;C;A;1721;EL;2026-06-14;DAP;;00:00:00;99999999;1003563;2026-06-15;;3143636
180034004;10;ELN;SAP_WFRT;20:32:28;2026-06-15;9150197601;1001;1721;171A;720;EA;720;H' 26 WINSTON SET US RTL COSTCO;4500016213;10;101;C;C;C;C;C;C;C;C;1721;EL;2026-06-14;DAP;SAP_WFRT;2026-06-15 00:00:00;99999999;1003563;2026-06-15;2026-06-15;3143636
180034005;10;ELN;SAP_WFRT;20:44:18;2026-06-15;9150197601;1001;1721;171A;2160;EA;2160;H' 26 WINSTON SET US RTL COSTCO;4500016213;10;101;A;C;C;C;C;C;C;A;1721;EL;2026-06-14;DAP;;00:00:00;99999999;1003563;2026-06-15;;3143634
180034006;10;ELN;SAP_WFRT;20:44:18;2026-06-15;9150197601;1001;1721;171A;3960;EA;3960;H' 26 WINSTON SET US RTL COSTCO;4500016213;10;101;A;C;C;C;C;C;C;A;1721;EL;2026-06-14;DAP;;00:00:00;99999999;1003563;2026-06-15;;3143634
180034007;10;ELN;SAP_WFRT;20:44:19;2026-06-15;9150197601;1001;1721;171A;360;EA;360;H' 26 WINSTON SET US RTL COSTCO;4500016213;10;101;A;C;C;C;C;C;C;A;1721;EL;2026-06-14;DAP;;00:00:00;99999999;1003563;2026-06-15;;3143634
180034008;30;ZELN;SAP_WFRT;20:45:05;2026-06-15;9050056202;6002;7803;178A;1440;EA;1440;DEO CREAM 2.2OZ STICK LAVENDER;4500016013;30;109;A;C;C;C;C;C;C;A;7803;ZEL;2026-06-14;EXW;;00:00:00;2165773;1009986;2026-06-15;;499
180034009;10;ELN;SIDDIQZ;21:00:41;2026-06-15;9150197601;1001;1721;171A;4320;EA;4320;H' 26 WINSTON SET US RTL COSTCO;4500016213;10;101;A;C;C;C;C;C;C;A;1721;EL;2026-06-14;DAP;;00:00:00;99999999;1003563;2026-06-15;;3143636
180034010;10;ELN;SIDDIQZ;21:00:41;2026-06-15;9150197601;1001;1721;171A;2520;EA;2520;H' 26 WINSTON SET US RTL COSTCO;4500016213;10;101;A;C;C;C;C;C;C;A;1721;EL;2026-06-14;DAP;;00:00:00;99999999;1003563;2026-06-15;;3143634
180034013;10;ELN;BROWNS;10:36:34;2026-06-16;9050131301;6002;7803;178A;4440;EA;4440;LUME DEO SPRAY 3.6 OZ UNSCENTED R1;4500017618;10;101;A;C;C;C;C;C;C;A;7803;EL;2026-06-11;DAP;;00:00:00;260616063600;1786;2026-06-16;;0080201598
180034013;20;ELN;BROWNS;10:36:34;2026-06-16;9050131402;6002;7803;178A;3264;EA;3264;LUME DEO SPRAY 3.6 OZ LAVENDER R1;4500017618;20;101;A;C;C;C;C;C;C;A;7803;EL;2026-06-11;DAP;;00:00:00;260616063600;1786;2026-06-16;;0080201598
180034013;30;ELN;BROWNS;10:36:34;2026-06-16;9050059303;6002;7803;178A;7008;EA;7008;SOLID DEO 0.5OZ MINI STICK TANGERINE;4500017618;30;101;A;C;C;C;C;C;C;A;7803;EL;2026-06-11;DAP;;00:00:00;260616063600;1786;2026-06-16;;0080201598
180034014;10;ELN;BROWNS;10:37:31;2026-06-16;9050131402;6002;7803;178A;5616;EA;5616;LUME DEO SPRAY 3.6 OZ LAVENDER R1;4500017619;10;101;A;C;C;C;C;C;C;A;7803;EL;2026-06-11;DAP;;00:00:00;260616063710;1787;2026-06-16;;0080201599
180034014;20;ELN;BROWNS;10:37:31;2026-06-16;9050124104;6002;7803;178A;6660;EA;6660;LUME DEO SPRAY 3.6 OZ COCONUT;4500017619;20;101;A;C;C;C;C;C;C;A;7803;EL;2026-06-11;DAP;;00:00:00;260616063710;1787;2026-06-16;;0080201599
180034014;30;ELN;BROWNS;10:37:31;2026-06-16;9050124508;6002;7803;178A;4440;EA;4440;LUME DEO SPRAY 3.6 OZ CUCUMBER;4500017619;30;101;A;C;C;C;C;C;C;A;7803;EL;2026-06-11;DAP;;00:00:00;260616063710;1787;2026-06-16;;0080201599
180034014;40;ELN;BROWNS;10:37:31;2026-06-16;9050084923;6002;7803;178A;15552;EA;15552;MANDO SOLID DEO 0.5OZ MINI STICK SPORT;4500017619;40;101;A;C;C;C;C;C;C;A;7803;EL;2026-06-11;DAP;;00:00:00;260616063710;1787;2026-06-16;;0080201599
180034015;10;ZELN;SAP_WFRT;13:05:06;2026-06-16;9050125301;1001;7101;171A;140400;EA;140400;H '25 REFILL 4CT G2++ US/CAN RTL;4500016732;10;109;A;C;C;C;C;C;C;A;7101;ZEL;2026-06-29;EXW;;00:00:00;557166468;1005970;2026-06-15;;179180
180034016;10;ZELN;SAP_WFRT;14:05:05;2026-06-16;9200001401;1001;9999;171A;9000;EA;9000;F '23 PUBIC CARTRIDGES G2++ 4CT US;4500016853;10;109;A;C;C;C;C;C;C;A;9999;ZEL;2026-06-14;EXW;SAP_WFRT;2026-06-16 00:00:00;NYC5399429;1000026;2026-06-15;;0049017212
180034017;10;ZELN;SAP_WFRT;14:05:11;2026-06-16;9050116404;1001;9999;171A;113400;EA;113400;H '25 G3 PLUS CARTRIDGE DISPENSER 4CT;4500016856;10;109;A;C;C;C;C;C;C;A;9999;ZEL;2026-06-14;EXW;SAP_WFRT;2026-06-16 00:00:00;NYC5399429;1000026;2026-06-15;;0049017211
180034018;10;ZELN;SAP_WFRT;14:05:17;2026-06-16;9050013404;1001;1734;171A;162000;EA;162000;4CT BLADE PACK - G2++;4500016834;10;109;A;C;C;C;C;C;C;A;1734;ZEL;2026-06-15;EXW;SAP_WFRT;2026-06-16 00:00:00;CHI5399434;1000026;2026-06-16;;0049017213
180034022;10;ZELN;PUSHIEK;14:39:44;2026-06-16;9050096802;5001;7101;171A;56376;EA;56376;H '26 EXFOLIATING FACE WASH 5.1OZ US;4500015463;30;109;C;C;C;C;C;C;C;C;7101;ZEL;2026-06-09;EXW;PUSHIEK;2026-06-16 00:00:00;555767392;1000776;2026-06-16;2026-06-09;
180034024;10;ZELN;SAP_WFRT;16:35:06;2026-06-16;9050064723;6002;7818;178A;3840;EA;3840;MANDO SOLID DEO 2.6 OZ STICK PRO SPORT;4500015969;90;109;A;C;C;C;C;C;C;A;7818;ZEL;2026-06-15;EXW;;00:00:00;1639825;1002434;2026-06-16;;531
180034024;20;ZELN;SAP_WFRT;16:35:06;2026-06-16;9050064725;6002;7818;178A;3840;EA;3840;MANDO SOLID DEO 2.6 OZ STICK MT FUJI;4500015969;150;109;A;C;C;C;C;C;C;A;7818;ZEL;2026-06-15;EXW;;00:00:00;1639825;1002434;2026-06-16;;531
180034025;10;ZELN;SAP_WFRT;17:00:09;2026-06-16;9050064723;6002;7803;178A;73536;EA;73536;MANDO SOLID DEO 2.6 OZ STICK PRO SPORT;4500015969;40;109;A;C;C;C;C;C;C;A;7803;ZEL;2026-06-15;EXW;;00:00:00;2166806;1002434;2026-06-16;;533
180034026;10;ZELN;SAP_WFRT;17:05:05;2026-06-16;9050136427;6002;7803;178A;48720;EA;48720;MANDO SOLID DEO 2.6OZ CEDAR WIDE STICK;4500016313;10;109;A;C;C;C;C;C;C;A;7803;ZEL;2026-06-11;EXW;SAP_WFRT;2026-06-16 00:00:00;2165097;1002434;2026-06-12;;534
180034030;10;ZELN;SAP_WFRT;18:55:05;2026-06-16;6350002710;1;9997;;66240;EA;66240;PKG SOLID DEO 2.6 OZ STICK POWDER R3;4500017261;130;109;A;C;C;C;C;C;C;A;9997;ZEL;2026-07-12;EXW;SAP_WFRT;2026-06-16 00:00:00;DL1988;1011162;2026-06-17;;10
180034033;10;ELN;BATCH_USER;19:57:27;2026-06-16;9050092202;4001;1734;171A;16800;EA;16800;H '26 BODY WASH STONE 30OZ US;4500017577;10;101;A;C;C;C;C;C;C;A;1734;EL;2026-06-16;EXW;;00:00:00;1042316;7101;2026-06-16;;0080200632
180034034;10;ELN;SAP_WFRT;19:59:09;2026-06-16;9150197601;1001;1721;171A;3960;EA;3960;H' 26 WINSTON SET US RTL COSTCO;4500016213;10;101;A;C;C;C;C;C;C;A;1721;EL;2026-06-15;DAP;;00:00:00;99999999;1003563;2026-06-16;;3143635
180034035;10;ELN;SAP_WFRT;19:59:10;2026-06-16;9150197601;1001;1721;171A;2160;EA;2160;H' 26 WINSTON SET US RTL COSTCO;4500016213;10;101;A;C;C;C;C;C;C;A;1721;EL;2026-06-15;DAP;;00:00:00;99999999;1003563;2026-06-16;;3143635
180034036;10;ELN;SIDDIQZ;20:00:49;2026-06-16;9150197601;1001;1721;171A;2160;EA;2160;H' 26 WINSTON SET US RTL COSTCO;4500016213;10;101;C;C;C;C;C;C;C;C;1721;EL;2026-06-15;DAP;CHIUA;2026-06-22 00:00:00;99999999;1003563;2026-06-16;2026-06-16;3143635
180034037;10;ELN;SAP_WFRT;20:07:06;2026-06-16;9150197601;1001;1721;171A;3960;EA;3960;H' 26 WINSTON SET US RTL COSTCO;4500016213;10;101;C;C;C;C;C;C;C;C;1721;EL;2026-06-15;DAP;CHIUA;2026-06-22 00:00:00;99999999;1003563;2026-06-16;2026-06-16;3143637
180034038;10;ELN;SAP_WFRT;20:07:07;2026-06-16;9150197601;1001;1721;171A;3600;EA;3600;H' 26 WINSTON SET US RTL COSTCO;4500016213;10;101;C;C;C;C;C;C;C;C;1721;EL;2026-06-15;DAP;CHIUA;2026-06-22 00:00:00;99999999;1003563;2026-06-16;2026-06-16;3143637
180034039;10;ELN;SAP_WFRT;20:14:58;2026-06-16;9150197601;1001;1721;171A;1080;EA;1080;H' 26 WINSTON SET US RTL COSTCO;4500016213;10;101;C;C;C;C;C;C;C;C;1721;EL;2026-06-15;DAP;CHIUA;2026-06-22 00:00:00;99999999;1003563;2026-06-16;2026-06-16;3143840
180034047;10;ELN;THIENEA;20:55:56;2026-06-16;9050058308;6002;1784;178A;10356;EA;10356;DEO WIPES 45 COUNT POUCH CUCUMBER;4500017714;10;101;C;C;C;C;C;C;C;C;1784;EL;2026-06-16;;THIENEA;2026-06-17 00:00:00;260616165535;1787;2026-06-16;2026-06-17;0080201859
180034047;20;ELN;THIENEA;20:55:56;2026-06-16;9050066723;6002;1784;178A;1200;EA;1200;MANDO WIPES 15 CT POUCH PRO SPORT;4500017714;20;101;C;C;C;C;C;C;C;C;1784;EL;2026-06-16;;THIENEA;2026-06-17 00:00:00;260616165535;1787;2026-06-16;2026-06-17;0080201859
180034047;30;ELN;THIENEA;20:55:56;2026-06-16;9050126101;6002;1784;178A;1602;EA;1602;LUME DEO WIPES 45COUNT POUCH SOFT POWDER;4500017714;30;101;C;C;C;C;C;C;C;C;1784;EL;2026-06-16;;THIENEA;2026-06-17 00:00:00;260616165535;1787;2026-06-16;2026-06-17;0080201859
180034047;40;ELN;THIENEA;20:55:56;2026-06-16;9050126201;6002;1784;178A;9936;EA;9936;LUME DEO WIPES 15COUNT POUCH SOFT POWDER;4500017714;40;101;C;C;C;C;C;C;C;C;1784;EL;2026-06-16;;THIENEA;2026-06-17 00:00:00;260616165535;1787;2026-06-16;2026-06-17;0080201859
180034047;50;ELN;THIENEA;20:55:56;2026-06-16;9050058208;6002;1784;178A;24000;EA;24000;DEO WIPES 15 COUNT POUCH CUCUMBER;4500017714;50;101;C;C;C;C;C;C;C;C;1784;EL;2026-06-16;;THIENEA;2026-06-17 00:00:00;260616165535;1787;2026-06-16;2026-06-17;0080201859
180034048;10;ELN;THIENEA;20:57:12;2026-06-16;9050062405;4001;1784;178A;1008;EA;1008;BODY WASH 8.5OZ TUBE PEONY;4500017713;20;101;C;C;C;C;C;C;C;C;1784;EL;2026-06-16;;THIENEA;2026-06-17 00:00:00;260616165657;1787;2026-06-16;2026-06-17;0080201861
180034048;20;ELN;THIENEA;20:57:12;2026-06-16;9050063713;4001;1784;178A;864;EA;864;5.0 OZ BAR SOAP TANGERINE;4500017713;30;101;C;C;C;C;C;C;C;C;1784;EL;2026-06-16;;THIENEA;2026-06-17 00:00:00;260616165657;1787;2026-06-16;2026-06-17;0080201861
180034048;30;ELN;THIENEA;20:57:12;2026-06-16;9050064925;4001;1784;178A;408;EA;408;MANDO BODY WASH 8.5 OZ MT FUJI;4500017713;40;101;C;C;C;C;C;C;C;C;1784;EL;2026-06-16;;THIENEA;2026-06-17 00:00:00;260616165657;1787;2026-06-16;2026-06-17;0080201861
180034048;40;ELN;THIENEA;20:57:12;2026-06-16;9050064923;4001;1784;178A;600;EA;600;MANDO BODY WASH 8.5 OZ PRO SPORT;4500017713;50;101;C;C;C;C;C;C;C;C;1784;EL;2026-06-16;;THIENEA;2026-06-17 00:00:00;260616165657;1787;2026-06-16;2026-06-17;0080201861
180034048;50;ELN;THIENEA;20:57:12;2026-06-16;9050061704;4001;1784;178A;3204;EA;3204;BODY WASH 8.5OZ TUBE COCONUT;4500017713;60;101;C;C;C;C;C;C;C;C;1784;EL;2026-06-16;;THIENEA;2026-06-17 00:00:00;260616165657;1787;2026-06-16;2026-06-17;0080201861
180034048;60;ELN;THIENEA;20:57:12;2026-06-16;9050057006;6002;1784;178A;700;EA;700;DEO CREAM 3OZ TUBE ALPINE;4500017713;70;101;C;C;C;C;C;C;C;C;1784;EL;2026-06-16;;THIENEA;2026-06-17 00:00:00;260616165657;1787;2026-06-16;2026-06-17;0080201861
180034048;70;ELN;THIENEA;20:57:12;2026-06-16;9050064115;4001;1784;178A;432;EA;432;5.0 OZ BAR SOAP PEONY;4500017713;80;101;C;C;C;C;C;C;C;C;1784;EL;2026-06-16;;THIENEA;2026-06-17 00:00:00;260616165657;1787;2026-06-16;2026-06-17;0080201861
180034048;80;ELN;THIENEA;20:57:12;2026-06-16;9050054102;4001;1784;178A;300;EA;300;BODY WASH 8.5 OZ TUBE LAVENDER;4500017713;90;101;C;C;C;C;C;C;C;C;1784;EL;2026-06-16;;THIENEA;2026-06-17 00:00:00;260616165657;1787;2026-06-16;2026-06-17;0080201861
180034049;10;ELN;SIDDIQZ;21:00:47;2026-06-16;9150197601;1001;1721;171A;360;EA;360;H' 26 WINSTON SET US RTL COSTCO;4500016213;10;101;C;C;C;C;C;C;C;C;1721;EL;2026-06-15;DAP;BATCH_USER;2026-06-18 00:00:00;99999999;1003563;2026-06-16;2026-06-16;3143637
180034050;10;ELN;SIDDIQZ;21:00:48;2026-06-16;9150197601;1001;1721;171A;4320;EA;4320;H' 26 WINSTON SET US RTL COSTCO;4500016213;10;101;C;C;C;C;C;C;C;C;1721;EL;2026-06-15;DAP;CHIUA;2026-06-22 00:00:00;99999999;1003563;2026-06-16;2026-06-16;3143840
180034051;10;ELN;THIENEA;21:02:58;2026-06-16;9050058103;6002;1784;178A;1410;EA;1410;DEO CREAM 0.5OZ MINI TUBE TANGERINE;4500017712;10;101;C;C;C;C;C;C;C;C;1784;EL;2026-06-16;;THIENEA;2026-06-17 00:00:00;260616170217;1787;2026-06-16;2026-06-17;0080201864
180034051;20;ELN;THIENEA;21:02:58;2026-06-16;9050058102;6002;1784;178A;1410;EA;1410;DEO CREAM 0.5OZ MINI TUBE LAVENDER;4500017712;20;101;C;C;C;C;C;C;C;C;1784;EL;2026-06-16;;THIENEA;2026-06-17 00:00:00;260616170217;1787;2026-06-16;2026-06-17;0080201864
180034051;30;ELN;THIENEA;21:02:58;2026-06-16;9050058105;6002;1784;178A;1410;EA;1410;DEO CREAM 0.5OZ MINI TUBE PEONY;4500017712;30;101;C;C;C;C;C;C;C;C;1784;EL;2026-06-16;;THIENEA;2026-06-17 00:00:00;260616170217;1787;2026-06-16;2026-06-17;0080201864
180034051;40;ELN;THIENEA;21:02:58;2026-06-16;9050058104;6002;1784;178A;1410;EA;1410;DEO CREAM 0.5OZ MINI TUBE COCONUT;4500017712;40;101;C;C;C;C;C;C;C;C;1784;EL;2026-06-16;;THIENEA;2026-06-17 00:00:00;260616170217;1787;2026-06-16;2026-06-17;0080201864
180034051;50;ELN;THIENEA;21:02:58;2026-06-16;9050058101;6002;1784;178A;1410;EA;1410;DEO CREAM 0.5OZ MINI TUBE UNSCENTED;4500017712;50;101;C;C;C;C;C;C;C;C;1784;EL;2026-06-16;;THIENEA;2026-06-17 00:00:00;260616170217;1787;2026-06-16;2026-06-17;0080201864
180034051;60;ELN;THIENEA;21:02:58;2026-06-16;9050059002;6002;1784;178A;504;EA;504;SOLID DEO 2.6OZ STICK LAVENDER;4500017712;60;101;C;C;C;C;C;C;C;C;1784;EL;2026-06-16;;THIENEA;2026-06-17 00:00:00;260616170217;1787;2026-06-16;2026-06-17;0080201864
180034051;70;ELN;THIENEA;21:02:58;2026-06-16;9050058102;6002;1784;178A;504;EA;504;DEO CREAM 0.5OZ MINI TUBE LAVENDER;4500017712;70;101;C;C;C;C;C;C;C;C;1784;EL;2026-06-16;;THIENEA;2026-06-17 00:00:00;260616170217;1787;2026-06-16;2026-06-17;0080201864
180034051;80;ELN;THIENEA;21:02:58;2026-06-16;9050059010;6002;1784;178A;300;EA;300;SOLID DEO 2.6 OZ STICK POWDER;4500017712;80;101;C;C;C;C;C;C;C;C;1784;EL;2026-06-16;;THIENEA;2026-06-17 00:00:00;260616170217;1787;2026-06-16;2026-06-17;0080201864
180034051;90;ELN;THIENEA;21:02:58;2026-06-16;9050058110;6002;1784;178A;300;EA;300;DEO CREAM 0.5 OZ MINI TUBE POWDER;4500017712;90;101;C;C;C;C;C;C;C;C;1784;EL;2026-06-16;;THIENEA;2026-06-17 00:00:00;260616170217;1787;2026-06-16;2026-06-17;0080201864
180034051;100;ELN;THIENEA;21:02:58;2026-06-16;9050058104;6002;1784;178A;600;EA;600;DEO CREAM 0.5OZ MINI TUBE COCONUT;4500017712;110;101;C;C;C;C;C;C;C;C;1784;EL;2026-06-16;;THIENEA;2026-06-17 00:00:00;260616170217;1787;2026-06-16;2026-06-17;0080201864
180034051;110;ELN;THIENEA;21:02:58;2026-06-16;9050059003;6002;1784;178A;1008;EA;1008;SOLID DEO 2.6OZ STICK TANGERINE;4500017712;120;101;C;C;C;C;C;C;C;C;1784;EL;2026-06-16;;THIENEA;2026-06-17 00:00:00;260616170217;1787;2026-06-16;2026-06-17;0080201864
180034051;120;ELN;THIENEA;21:02:58;2026-06-16;9050058103;6002;1784;178A;1008;EA;1008;DEO CREAM 0.5OZ MINI TUBE TANGERINE;4500017712;130;101;C;C;C;C;C;C;C;C;1784;EL;2026-06-16;;THIENEA;2026-06-17 00:00:00;260616170217;1787;2026-06-16;2026-06-17;0080201864
180034051;130;ELN;THIENEA;21:02:58;2026-06-16;9050074824;4001;1784;178A;108;EA;108;MANDO BODY WASH 1.5 OZ BOURBON;4500017712;140;101;C;C;C;C;C;C;C;C;1784;EL;2026-06-16;;THIENEA;2026-06-17 00:00:00;260616170217;1787;2026-06-16;2026-06-17;0080201864
180034051;140;ELN;THIENEA;21:02:58;2026-06-16;9050074825;4001;1784;178A;108;EA;108;MANDO BODY WASH 1.5 OZ MT FUJI;4500017712;150;101;C;C;C;C;C;C;C;C;1784;EL;2026-06-16;;THIENEA;2026-06-17 00:00:00;260616170217;1787;2026-06-16;2026-06-17;0080201864
180034051;150;ELN;THIENEA;21:02:58;2026-06-16;9050074823;4001;1784;178A;108;EA;108;MANDO BODY WASH 1.5 OZ PRO SPORT;4500017712;160;101;C;C;C;C;C;C;C;C;1784;EL;2026-06-16;;THIENEA;2026-06-17 00:00:00;260616170217;1787;2026-06-16;2026-06-17;0080201864
180034051;160;ELN;THIENEA;21:02:58;2026-06-16;9050074821;4001;1784;178A;108;EA;108;MANDO BODY WASH 1.5 OZ UNSCENTED;4500017712;170;101;C;C;C;C;C;C;C;C;1784;EL;2026-06-16;;THIENEA;2026-06-17 00:00:00;260616170217;1787;2026-06-16;2026-06-17;0080201864
180034051;170;ELN;THIENEA;21:02:58;2026-06-16;9050059003;6002;1784;178A;600;EA;600;SOLID DEO 2.6OZ STICK TANGERINE;4500017712;180;101;C;C;C;C;C;C;C;C;1784;EL;2026-06-16;;THIENEA;2026-06-17 00:00:00;260616170217;1787;2026-06-16;2026-06-17;0080201864
180034051;180;ELN;THIENEA;21:02:58;2026-06-16;9050063713;4001;1784;178A;600;EA;600;5.0 OZ BAR SOAP TANGERINE;4500017712;190;101;C;C;C;C;C;C;C;C;1784;EL;2026-06-16;;THIENEA;2026-06-17 00:00:00;260616170217;1787;2026-06-16;2026-06-17;0080201864
180034051;190;ELN;THIENEA;21:02:58;2026-06-16;9050063814;4001;1784;178A;108;EA;108;5.0 OZ BAR SOAP COCONUT;4500017712;210;101;C;C;C;C;C;C;C;C;1784;EL;2026-06-16;;THIENEA;2026-06-17 00:00:00;260616170217;1787;2026-06-16;2026-06-17;0080201864
180034051;200;ELN;THIENEA;21:02:58;2026-06-16;9050064723;6002;1784;178A;108;EA;108;MANDO SOLID DEO 2.6 OZ STICK PRO SPORT;4500017712;220;101;C;C;C;C;C;C;C;C;1784;EL;2026-06-16;;THIENEA;2026-06-17 00:00:00;260616170217;1787;2026-06-16;2026-06-17;0080201864
180034051;210;ELN;THIENEA;21:02:58;2026-06-16;9050074823;4001;1784;178A;108;EA;108;MANDO BODY WASH 1.5 OZ PRO SPORT;4500017712;230;101;C;C;C;C;C;C;C;C;1784;EL;2026-06-16;;THIENEA;2026-06-17 00:00:00;260616170217;1787;2026-06-16;2026-06-17;0080201864
180034051;220;ELN;THIENEA;21:02:58;2026-06-16;9050058102;6002;1784;178A;2208;EA;2208;DEO CREAM 0.5OZ MINI TUBE LAVENDER;4500017712;240;101;C;C;C;C;C;C;C;C;1784;EL;2026-06-16;;THIENEA;2026-06-17 00:00:00;260616170217;1787;2026-06-16;2026-06-17;0080201864
180034051;230;ELN;THIENEA;21:02:58;2026-06-16;9050059302;6002;1784;178A;2208;EA;2208;SOLID DEO 0.5OZ MINI STICK LAVENDER;4500017712;250;101;C;C;C;C;C;C;C;C;1784;EL;2026-06-16;;THIENEA;2026-06-17 00:00:00;260616170217;1787;2026-06-16;2026-06-17;0080201864
180034051;240;ELN;THIENEA;21:02:58;2026-06-16;9050058103;6002;1784;178A;2904;EA;2904;DEO CREAM 0.5OZ MINI TUBE TANGERINE;4500017712;260;101;C;C;C;C;C;C;C;C;1784;EL;2026-06-16;;THIENEA;2026-06-17 00:00:00;260616170217;1787;2026-06-16;2026-06-17;0080201864
180034051;250;ELN;THIENEA;21:02:58;2026-06-16;9050059303;6002;1784;178A;2904;EA;2904;SOLID DEO 0.5OZ MINI STICK TANGERINE;4500017712;270;101;C;C;C;C;C;C;C;C;1784;EL;2026-06-16;;THIENEA;2026-06-17 00:00:00;260616170217;1787;2026-06-16;2026-06-17;0080201864
180034051;260;ELN;THIENEA;21:02:58;2026-06-16;9050085024;6002;1784;178A;108;EA;108;MANDO DEO CREAM 0.5OZ MINI TUBE BOURBON;4500017712;280;101;C;C;C;C;C;C;C;C;1784;EL;2026-06-16;;THIENEA;2026-06-17 00:00:00;260616170217;1787;2026-06-16;2026-06-17;0080201864
180034051;270;ELN;THIENEA;21:02:58;2026-06-16;9050084924;6002;1784;178A;108;EA;108;MANDO SOLID DEO 0.5OZ MINI STICK BOURBON;4500017712;290;101;C;C;C;C;C;C;C;C;1784;EL;2026-06-16;;THIENEA;2026-06-17 00:00:00;260616170217;1787;2026-06-16;2026-06-17;0080201864
180034051;280;ELN;THIENEA;21:02:58;2026-06-16;9050107527;6002;1784;178A;96;EA;96;MANDO DEO CREAM 3.0 OZ TUBE CEDAR GROVE;4500017712;300;101;C;C;C;C;C;C;C;C;1784;EL;2026-06-16;;THIENEA;2026-06-17 00:00:00;260616170217;1787;2026-06-16;2026-06-17;0080201864
180034051;290;ELN;THIENEA;21:02:58;2026-06-16;9050064727;6002;1784;178A;96;EA;96;MANDO SOLID DEO 2.6 OZ STICK CEDAR;4500017712;310;101;C;C;C;C;C;C;C;C;1784;EL;2026-06-16;;THIENEA;2026-06-17 00:00:00;260616170217;1787;2026-06-16;2026-06-17;0080201864
180034051;300;ELN;THIENEA;21:02:58;2026-06-16;9050064725;6002;1784;178A;1104;EA;1104;MANDO SOLID DEO 2.6 OZ STICK MT FUJI;4500017712;330;101;C;C;C;C;C;C;C;C;1784;EL;2026-06-16;;THIENEA;2026-06-17 00:00:00;260616170217;1787;2026-06-16;2026-06-17;0080201864
180034051;310;ELN;THIENEA;21:02:58;2026-06-16;9050064723;6002;1784;178A;1104;EA;1104;MANDO SOLID DEO 2.6 OZ STICK PRO SPORT;4500017712;340;101;C;C;C;C;C;C;C;C;1784;EL;2026-06-16;;THIENEA;2026-06-17 00:00:00;260616170217;1787;2026-06-16;2026-06-17;0080201864
180034051;320;ELN;THIENEA;21:02:58;2026-06-16;9050058208;6002;1784;178A;720;EA;720;DEO WIPES 15 COUNT POUCH CUCUMBER;4500017712;350;101;C;C;C;C;C;C;C;C;1784;EL;2026-06-16;;THIENEA;2026-06-17 00:00:00;260616170217;1787;2026-06-16;2026-06-17;0080201864
180034051;330;ELN;THIENEA;21:02:58;2026-06-16;9050059010;6002;1784;178A;720;EA;720;SOLID DEO 2.6 OZ STICK POWDER;4500017712;360;101;C;C;C;C;C;C;C;C;1784;EL;2026-06-16;;THIENEA;2026-06-17 00:00:00;260616170217;1787;2026-06-16;2026-06-17;0080201864
180034051;340;ELN;THIENEA;21:02:58;2026-06-16;9050058208;6002;1784;178A;1100;EA;1100;DEO WIPES 15 COUNT POUCH CUCUMBER;4500017712;370;101;C;C;C;C;C;C;C;C;1784;EL;2026-06-16;;THIENEA;2026-06-17 00:00:00;260616170217;1787;2026-06-16;2026-06-17;0080201864
180034051;350;ELN;THIENEA;21:02:58;2026-06-16;9050061501;4001;1784;178A;1100;EA;1100;BODY WASH 8.5OZ TUBE UNSCENTED;4500017712;380;101;C;C;C;C;C;C;C;C;1784;EL;2026-06-16;;THIENEA;2026-06-17 00:00:00;260616170217;1787;2026-06-16;2026-06-17;0080201864
180034051;360;ELN;THIENEA;21:02:58;2026-06-16;9050133810;6001;1784;178A;2100;EA;2100;LUME AP SOLID 2.6OZ POWDER R2;4500017712;390;101;C;C;C;C;C;C;C;C;1784;EL;2026-06-16;;THIENEA;2026-06-17 00:00:00;260616170217;1787;2026-06-16;2026-06-17;0080201864
180034051;370;ELN;THIENEA;21:02:58;2026-06-16;9050134410;6002;1784;178A;2100;EA;2100;LUME AP SOLID STICK 0.5OZ POWDER R2;4500017712;400;101;C;C;C;C;C;C;C;C;1784;EL;2026-06-16;;THIENEA;2026-06-17 00:00:00;260616170217;1787;2026-06-16;2026-06-17;0080201864
180034052;10;ELN;THIENEA;21:05:44;2026-06-16;9050057006;6002;1784;178A;630;EA;630;DEO CREAM 3OZ TUBE ALPINE;4500017711;10;101;C;C;C;C;C;C;C;C;1784;EL;2026-06-16;;THIENEA;2026-06-17 00:00:00;260616170532;1787;2026-06-16;2026-06-17;0080201867
180034052;20;ELN;THIENEA;21:05:44;2026-06-16;9050061704;4001;1784;178A;1200;EA;1200;BODY WASH 8.5OZ TUBE COCONUT;4500017711;20;101;C;C;C;C;C;C;C;C;1784;EL;2026-06-16;;THIENEA;2026-06-17 00:00:00;260616170532;1787;2026-06-16;2026-06-17;0080201867
180034052;30;ELN;THIENEA;21:05:44;2026-06-16;9050057009;6002;1784;178A;300;EA;300;DEO CREAM 3.0 OZ TUBE MINTED;4500017711;30;101;C;C;C;C;C;C;C;C;1784;EL;2026-06-16;;THIENEA;2026-06-17 00:00:00;260616170532;1787;2026-06-16;2026-06-17;0080201867
180034052;40;ELN;THIENEA;21:05:44;2026-06-16;9050064824;6002;1784;178A;840;EA;840;MANDO DEO CREAM 3.0 OZ TUBE BOURBON;4500017711;40;101;C;C;C;C;C;C;C;C;1784;EL;2026-06-16;;THIENEA;2026-06-17 00:00:00;260616170532;1787;2026-06-16;2026-06-17;0080201867
180034052;50;ELN;THIENEA;21:05:44;2026-06-16;9050064823;6002;1784;178A;1260;EA;1260;MANDO DEO CREAM 3.0 OZ TUBE PRO SPORT;4500017711;50;101;C;C;C;C;C;C;C;C;1784;EL;2026-06-16;;THIENEA;2026-06-17 00:00:00;260616170532;1787;2026-06-16;2026-06-17;0080201867
180034052;60;ELN;THIENEA;21:05:44;2026-06-16;9050062405;4001;1784;178A;2000;EA;2000;BODY WASH 8.5OZ TUBE PEONY;4500017711;60;101;C;C;C;C;C;C;C;C;1784;EL;2026-06-16;;THIENEA;2026-06-17 00:00:00;260616170532;1787;2026-06-16;2026-06-17;0080201867
180034052;70;ELN;THIENEA;21:05:44;2026-06-16;9050064826;6002;1784;178A;630;EA;630;MANDO DEO CREAM 3.0 OZ TUBE CLOVER;4500017711;70;101;C;C;C;C;C;C;C;C;1784;EL;2026-06-16;;THIENEA;2026-06-17 00:00:00;260616170532;1787;2026-06-16;2026-06-17;0080201867
180034052;80;ELN;THIENEA;21:05:44;2026-06-16;9050110011;6002;1784;178A;1400;EA;1400;DEO CREAM 3.0 OZ TUBE VANILLA BLISS;4500017711;80;101;C;C;C;C;C;C;C;C;1784;EL;2026-06-16;;THIENEA;2026-06-17 00:00:00;260616170532;1787;2026-06-16;2026-06-17;0080201867
180034052;90;ELN;THIENEA;21:05:44;2026-06-16;9050107527;6002;1784;178A;350;EA;350;MANDO DEO CREAM 3.0 OZ TUBE CEDAR GROVE;4500017711;90;101;C;C;C;C;C;C;C;C;1784;EL;2026-06-16;;THIENEA;2026-06-17 00:00:00;260616170532;1787;2026-06-16;2026-06-17;0080201867
180034052;100;ELN;THIENEA;21:05:44;2026-06-16;9050074024;4001;1784;178A;180;EA;180;MANDO SYNDET BAR 5 OZ BOURBON;4500017711;100;101;C;C;C;C;C;C;C;C;1784;EL;2026-06-16;;THIENEA;2026-06-17 00:00:00;260616170532;1787;2026-06-16;2026-06-17;0080201867
180034052;110;ELN;THIENEA;21:05:44;2026-06-16;9050074025;4001;1784;178A;180;EA;180;MANDO SYNDET BAR 5 OZ MT FUJI;4500017711;110;101;C;C;C;C;C;C;C;C;1784;EL;2026-06-16;;THIENEA;2026-06-17 00:00:00;260616170532;1787;2026-06-16;2026-06-17;0080201867
180034052;120;ELN;THIENEA;21:05:44;2026-06-16;9050061510;4001;1784;178A;1200;EA;1200;BODY WASH 8.5 OZ TUBE POWDER;4500017711;120;101;C;C;C;C;C;C;C;C;1784;EL;2026-06-16;;THIENEA;2026-06-17 00:00:00;260616170532;1787;2026-06-16;2026-06-17;0080201867
180034053;10;ELN;THIENEA;21:07:05;2026-06-16;9050061501;4001;1784;178A;10000;EA;10000;BODY WASH 8.5OZ TUBE UNSCENTED;4500017710;10;101;C;C;C;C;C;C;C;C;1784;EL;2026-06-16;;THIENEA;2026-06-17 00:00:00;260616170649;1787;2026-06-16;2026-06-17;0080201869
180034053;20;ELN;THIENEA;21:07:05;2026-06-16;9050061501;4001;1784;178A;16000;EA;16000;BODY WASH 8.5OZ TUBE UNSCENTED;4500017710;20;101;C;C;C;C;C;C;C;C;1784;EL;2026-06-16;;THIENEA;2026-06-17 00:00:00;260616170649;1787;2026-06-16;2026-06-17;0080201869
180034054;10;ELN;BATCH_USER;23:42:28;2026-06-16;9050092202;4001;1734;171A;16800;EA;16800;H '26 BODY WASH STONE 30OZ US;4500017581;10;101;C;C;C;C;C;C;C;C;1734;EL;2026-06-16;EXW;CHIUA;2026-06-18 00:00:00;1043103;7101;2026-06-16;2026-06-16;0080200636
180034056;10;ELN;SAP_WFRT;04:02:54;2026-06-17;9150206110;6002;7815;178A;1820;EA;1820;L '26 POWDER 2.6OZ SS 2PK+1OZ SPRAY SAMS;4500017050;10;101;C;C;C;C;C;C;C;C;7815;EL;2026-06-28;DAP;SAP_WFRT;2026-06-17 00:00:00;99999999;1003563;2026-06-17;2026-06-17;3145957
180034057;10;ZELN;SAP_WFRT;04:05:05;2026-06-17;9050067909;1001;7101;171A;20592;EA;20592;F '26 HANDLE PINK US RTL;4500016767;10;109;A;C;C;C;C;C;C;A;7101;ZEL;2026-08-23;EXW;;00:00:00;ZIMUXIA8566798;1001040;2026-06-16;;2114047666
180034058;10;ZELN;SAP_WFRT;04:05:11;2026-06-17;9050136704;1001;7101;171A;16848;EA;16848;F' 26 LTO HANDLE GOLD LEAF US RTL 2CT;4500016687;10;109;A;C;C;C;C;C;C;A;7101;ZEL;2026-07-19;EXW;;00:00:00;ZIMUXIA8566798;1001040;2026-06-16;;2114047665
180034060;10;ELN;SAP_WFRT;06:52:05;2026-06-17;9150197601;1001;1721;171A;3600;EA;3600;H' 26 WINSTON SET US RTL COSTCO;4500016213;10;101;C;C;C;C;C;C;C;C;1721;EL;2026-06-16;DAP;CHIUA;2026-06-22 00:00:00;99999999;1003563;2026-06-17;2026-06-17;3143841
180034061;10;ELN;SIDDIQZ;07:00:17;2026-06-17;9150197601;1001;1721;171A;2160;EA;2160;H' 26 WINSTON SET US RTL COSTCO;4500016213;10;101;A;C;C;C;C;C;C;A;1721;EL;2026-06-16;DAP;;00:00:00;99999999;1003563;2026-06-17;;3143841
180034062;10;ZELN;SAP_WFRT;12:00:05;2026-06-17;9050125301;1001;7101;171A;63180;EA;63180;H '25 REFILL 4CT G2++ US/CAN RTL;4500016732;10;109;C;C;C;C;C;C;C;C;7101;ZEL;2026-06-29;EXW;SAP_WFRT;2026-06-18 00:00:00;557166319;1005970;2026-06-15;2026-06-17;179183
180034062;20;ZELN;SAP_WFRT;12:00:05;2026-06-17;9050110304;1001;7101;171A;7020;EA;7020;H '26 REFILL PLUS 4CT CAN RTL;4500016735;10;109;B;C;C;C;C;C;C;B;7101;ZEL;2026-06-29;EXW;SAP_WFRT;2026-06-18 00:00:00;557166319;1005970;2026-06-15;2026-06-17;179183
180034063;10;ZELN;SAP_WFRT;12:05:05;2026-06-17;9050068701;1001;7101;171A;7776;EA;7776;F' 4CT REFILL - DOLPHIN REFRESH 2023;4500016347;10;109;C;C;C;C;C;C;C;C;7101;ZEL;2026-07-01;EXW;SAP_WFRT;2026-06-18 00:00:00;557166319;1005970;2026-06-15;2026-06-17;179184
180034063;20;ZELN;SAP_WFRT;12:05:05;2026-06-17;9050068701;1001;7101;171A;54432;EA;54432;F' 4CT REFILL - DOLPHIN REFRESH 2023;4500016765;10;109;C;C;C;C;C;C;C;C;7101;ZEL;2026-07-01;EXW;SAP_WFRT;2026-06-18 00:00:00;557166319;1005970;2026-06-15;2026-06-17;179184
180034065;10;ELN;SAP_WFRT;18:41:08;2026-06-17;9150197601;1001;1722;171A;7560;EA;7560;H' 26 WINSTON SET US RTL COSTCO;4500016214;10;101;C;C;C;C;C;C;C;C;1722;EL;2026-06-16;DAP;SAP_WFRT;2026-06-17 00:00:00;99999999;1003563;2026-06-17;2026-06-17;3146629
180034066;10;ELN;SAP_WFRT;18:45:30;2026-06-17;9150197601;1001;1722;171A;5760;EA;5760;H' 26 WINSTON SET US RTL COSTCO;4500016214;10;101;C;C;C;C;C;C;C;C;1722;EL;2026-06-16;DAP;CHIUA;2026-06-18 00:00:00;99999999;1003563;2026-06-17;2026-06-17;3143167
180034067;10;ZELN;SAP_WFRT;19:55:05;2026-06-17;9050064723;6002;1787;178A;11520;EA;11520;MANDO SOLID DEO 2.6 OZ STICK PRO SPORT;4500015969;70;109;C;C;C;C;C;C;C;C;1787;ZEL;2026-06-15;EXW;BLANTOS;2026-06-18 00:00:00;2166799;1002434;2026-06-16;2026-06-18;536
180034067;20;ZELN;SAP_WFRT;19:55:05;2026-06-17;9050064727;6002;1787;178A;3840;EA;3840;MANDO SOLID DEO 2.6 OZ STICK CEDAR;4500015969;130;109;C;C;C;C;C;C;C;C;1787;ZEL;2026-06-15;EXW;BLANTOS;2026-06-18 00:00:00;2166799;1002434;2026-06-16;2026-06-18;536
180034067;30;ZELN;SAP_WFRT;19:55:05;2026-06-17;9050064725;6002;1787;178A;11520;EA;11520;MANDO SOLID DEO 2.6 OZ STICK MT FUJI;4500015969;170;109;C;C;C;C;C;C;C;C;1787;ZEL;2026-06-15;EXW;BLANTOS;2026-06-18 00:00:00;2166799;1002434;2026-06-16;2026-06-18;536
180034068;10;ZELN;SAP_WFRT;19:55:11;2026-06-17;9050059002;6002;1787;178A;26880;EA;26880;SOLID DEO 2.6OZ STICK LAVENDER;4500016371;30;109;C;C;C;C;C;C;C;C;1787;ZEL;2026-07-02;EXW;BLANTOS;2026-06-18 00:00:00;2166799;1002434;2026-06-16;2026-06-18;535
180034069;10;ELN;SAP_WFRT;19:55:14;2026-06-17;9150197601;1001;1721;171A;2160;EA;2160;H' 26 WINSTON SET US RTL COSTCO;4500016213;10;101;A;C;C;C;C;C;C;A;1721;EL;2026-06-16;DAP;;00:00:00;99999999;1003563;2026-06-17;;3145273
180034070;10;ELN;SAP_WFRT;19:55:15;2026-06-17;9150197601;1001;1721;171A;3960;EA;3960;H' 26 WINSTON SET US RTL COSTCO;4500016213;10;101;C;C;C;C;C;C;C;C;1721;EL;2026-06-16;DAP;CHIUA;2026-06-22 00:00:00;99999999;1003563;2026-06-17;2026-06-17;3145273
180034071;10;ELN;SIDDIQZ;20:00:51;2026-06-17;9150197601;1001;1721;171A;2520;EA;2520;H' 26 WINSTON SET US RTL COSTCO;4500016213;10;101;C;C;C;C;C;C;C;C;1721;EL;2026-06-16;DAP;CHIUA;2026-06-22 00:00:00;99999999;1003563;2026-06-17;2026-06-17;3145273
180034072;10;ELN;SAP_WFRT;20:07:28;2026-06-17;9150197601;1001;1721;171A;1080;EA;1080;H' 26 WINSTON SET US RTL COSTCO;4500016213;10;101;C;C;C;C;C;C;C;C;1721;EL;2026-06-16;DAP;BATCH_USER;2026-06-18 00:00:00;99999999;1003563;2026-06-17;2026-06-17;3145275
180034073;10;ZELN;SAP_WFRT;20:10:05;2026-06-17;9050059002;6002;7803;178A;59112;EA;59112;SOLID DEO 2.6OZ STICK LAVENDER;4500016371;10;109;A;C;C;C;C;C;C;A;7803;ZEL;2026-07-02;EXW;;00:00:00;2166815;1002434;2026-06-17;;537
180034074;10;ZELN;SAP_WFRT;20:15:06;2026-06-17;9050064727;6002;7803;178A;21768;EA;21768;MANDO SOLID DEO 2.6 OZ STICK CEDAR;4500015969;60;109;A;C;C;C;C;C;C;A;7803;ZEL;2026-06-16;EXW;;00:00:00;2166815;1002434;2026-06-17;;538
180034074;20;ZELN;SAP_WFRT;20:15:06;2026-06-17;9050064725;6002;7803;178A;9336;EA;9336;MANDO SOLID DEO 2.6 OZ STICK MT FUJI;4500015969;50;109;A;C;C;C;C;C;C;A;7803;ZEL;2026-06-16;EXW;;00:00:00;2166815;1002434;2026-06-17;;538
180034075;10;ELN;SAP_WFRT;20:19:43;2026-06-17;9150197601;1001;1721;171A;4320;EA;4320;H' 26 WINSTON SET US RTL COSTCO;4500016213;10;101;C;C;C;C;C;C;C;C;1721;EL;2026-06-16;DAP;CHIUA;2026-06-22 00:00:00;99999999;1003563;2026-06-17;2026-06-17;3146477
180034077;10;ELN;SIDDIQZ;21:00:48;2026-06-17;9150197601;1001;1721;171A;6120;EA;6120;H' 26 WINSTON SET US RTL COSTCO;4500016213;10;101;A;C;C;C;C;C;C;A;1721;EL;2026-06-16;DAP;;00:00:00;99999999;1003563;2026-06-17;;3145275
180034078;10;ELN;SIDDIQZ;21:00:49;2026-06-17;9150197601;1001;1721;171A;4320;EA;4320;H' 26 WINSTON SET US RTL COSTCO;4500016213;10;101;C;C;C;C;C;C;C;C;1721;EL;2026-06-16;DAP;CHIUA;2026-06-22 00:00:00;99999999;1003563;2026-06-17;2026-06-17;3146477
180034083;10;ELN;SAP_WFRT;04:26:41;2026-06-18;9150197601;1001;1722;171A;3960;EA;3960;H' 26 WINSTON SET US RTL COSTCO;4500016214;10;101;C;C;C;C;C;C;C;C;1722;EL;2026-06-17;DAP;CHIUA;2026-06-18 00:00:00;99999999;1003563;2026-06-18;2026-06-18;3146628
180034084;10;ELN;SIDDIQZ;05:00:13;2026-06-18;9150197601;1001;1722;171A;1440;EA;1440;H' 26 WINSTON SET US RTL COSTCO;4500016214;10;101;C;C;C;C;C;C;C;C;1722;EL;2026-06-18;DAP;CHIUA;2026-06-18 00:00:00;99999999;1003563;2026-06-18;2026-06-18;3146628
180034085;10;ELN;SAP_WFRT;05:12:24;2026-06-18;9150197601;1001;1722;171A;2880;EA;2880;H' 26 WINSTON SET US RTL COSTCO;4500016214;10;101;C;C;C;C;C;C;C;C;1722;EL;2026-06-17;DAP;CHIUA;2026-06-18 00:00:00;99999999;1003563;2026-06-18;2026-06-18;3146577
180034086;10;ELN;SIDDIQZ;06:00:49;2026-06-18;9150197601;1001;1722;171A;2520;EA;2520;H' 26 WINSTON SET US RTL COSTCO;4500016214;10;101;C;C;C;C;C;C;C;C;1722;EL;2026-06-18;DAP;CHIUA;2026-06-18 00:00:00;99999999;1003563;2026-06-18;2026-06-18;3146577
180034087;10;ZELN;SAP_WFRT;06:05:05;2026-06-18;9050076102;1001;7101;171A;3744;EA;3744;F' PUBIC RETAIL HANDLE XLMB;4500016773;10;109;A;C;C;C;C;C;C;A;7101;ZEL;2026-08-23;EXW;;00:00:00;XIA1906823;1001040;2026-06-17;;2114047671
180034088;10;ZELN;SAP_WFRT;06:05:11;2026-06-18;9050067909;1001;7101;171A;35568;EA;35568;F '26 HANDLE PINK US RTL;4500016767;10;109;A;C;C;C;C;C;C;A;7101;ZEL;2026-08-30;EXW;;00:00:00;XIA1906823;1001040;2026-06-17;;2114047672
180034088;20;ZELN;SAP_WFRT;06:05:11;2026-06-18;9050033018;1001;7101;171A;1872;EA;1872;F' HANDLE SAGE CAN;4500016772;10;109;A;C;C;C;C;C;C;A;7101;ZEL;2026-08-30;EXW;;00:00:00;XIA1906823;1001040;2026-06-17;;2114047672
180034089;10;ZELN;SAP_WFRT;06:05:17;2026-06-18;9050116501;1005;1714;171A;51000;EA;51000;H '25 PLUS TRAVEL BLADE COVER;4500016938;10;109;A;C;C;C;C;C;C;A;1714;ZEL;2026-08-08;EXW;SAP_WFRT;2026-06-18 00:00:00;XIA1906823;1001040;2026-06-17;;2114047667
180034090;10;ZELN;SAP_WFRT;06:05:22;2026-06-18;9050103601;1001;7101;171A;7488;EA;7488;H '25 TRUMAN VALUE PK G2++ EMBER CAN RTL;4500016944;10;109;A;C;C;C;C;C;C;A;7101;ZEL;2026-08-29;EXW;;00:00:00;XIA1906823;1001040;2026-06-17;;2114047669
180034090;20;ZELN;SAP_WFRT;06:05:22;2026-06-18;9050067905;1001;7101;171A;6552;EA;6552;F'RETAIL HNDL PREMIUM US DOLPHIN REFRESH;4500016766;10;109;A;C;C;C;C;C;C;A;7101;ZEL;2026-08-29;EXW;;00:00:00;XIA1906823;1001040;2026-06-17;;2114047669
180034090;30;ZELN;SAP_WFRT;06:05:22;2026-06-18;9050099306;1001;7101;171A;17784;EA;17784;H '25 TRUMAN VALUE PK G2++ EMBER US RTL;4500016933;10;109;A;C;C;C;C;C;C;A;7101;ZEL;2026-08-29;EXW;;00:00:00;XIA1906823;1001040;2026-06-17;;2114047669
180034091;10;ZELN;SAP_WFRT;06:05:28;2026-06-18;9050109501;1005;1734;171A;107520;EA;107520;H '25 TRAVEL BLADE COVER;4500016935;10;109;A;C;C;C;C;C;C;A;1734;ZEL;2026-08-08;EXW;SAP_WFRT;2026-06-18 00:00:00;XIA1906823;1001040;2026-06-17;;2114047668
180034092;10;ZELN;SAP_WFRT;06:05:34;2026-06-18;9050099306;1001;7101;171A;33696;EA;33696;H '25 TRUMAN VALUE PK G2++ EMBER US RTL;4500016933;10;109;A;C;C;C;C;C;C;A;7101;ZEL;2026-08-29;EXW;;00:00:00;XIA1906823;1001040;2026-06-17;;2114047670
180034093;10;ELN;SAP_WFRT;06:36:43;2026-06-18;9150197601;1001;1721;171A;2880;EA;2880;H' 26 WINSTON SET US RTL COSTCO;4500016213;10;101;C;C;C;C;C;C;C;C;1721;EL;2026-06-17;DAP;CHIUA;2026-06-22 00:00:00;99999999;1003563;2026-06-18;2026-06-18;3145274
180034094;10;ELN;SIDDIQZ;07:00:18;2026-06-18;9150197601;1001;1721;171A;3600;EA;3600;H' 26 WINSTON SET US RTL COSTCO;4500016213;10;101;C;C;C;C;C;C;C;C;1721;EL;2026-06-17;DAP;CHIUA;2026-06-22 00:00:00;99999999;1003563;2026-06-18;2026-06-18;3145274
180034095;10;ZELN;TAITB;09:28:36;2026-06-18;MSPK2036;1;1114;111A;9400;EA;9400;Over-shipper - Wholesale & Gift Box;4500017263;10;109;C;C;C;C;C;C;C;C;111E;ZEL;2026-06-11;EXW;TAITB;2026-06-18 00:00:00;;1012778;2026-06-01;2026-06-11;
180034101;10;ZELN;CHIUA;15:59:57;2026-06-18;6360040701;1;1714;171A;57200;EA;57200;PAPER MAILER #2, F' 11 IN X 9 IN;4500017565;20;109;C;C;C;C;C;C;C;C;1714;ZEL;2026-06-11;EXW;SAP_WFRT;2026-06-19 00:00:00;557108807;1010023;2026-06-11;2026-06-19;
180034103;10;ZELN;CHIUA;16:12:43;2026-06-18;9050137601;5002;7101;171A;51390;EA;51390;H '26 FACE LOTION 1.7OZ US;4500015853;10;109;C;C;C;C;C;C;C;C;7101;ZEL;2026-06-01;EXW;FINERB;2026-06-18 00:00:00;;1000937;2026-06-01;2026-06-01;
180034104;10;ELN;SAP_WFRT;18:46:06;2026-06-18;9150197601;1001;1722;171A;2250;EA;2250;H' 26 WINSTON SET US RTL COSTCO;4500016214;10;101;C;C;C;C;C;C;C;C;1722;EL;2026-06-17;DAP;SAP_WFRT;2026-06-18 00:00:00;99999999;1003563;2026-06-18;2026-06-18;3146579
180034105;10;ELN;SAP_WFRT;18:50:43;2026-06-18;9150197601;1001;1722;171A;2466;EA;2466;H' 26 WINSTON SET US RTL COSTCO;4500016214;10;101;C;C;C;C;C;C;C;C;1722;EL;2026-06-17;DAP;SAP_WFRT;2026-06-18 00:00:00;99999999;1003563;2026-06-18;2026-06-18;3146627
180034106;10;ELN;SAP_WFRT;18:53:14;2026-06-18;9150240301;6002;7815;178A;3080;EA;3080;L '26 POWDERSS 2.6OZ 2PK+0.5OZ COSTCO V2;4500016747;10;101;C;C;C;C;C;C;C;C;7815;EL;2026-06-17;DAP;SAP_WFRT;2026-06-18 00:00:00;99999999;1003563;2026-06-18;2026-06-18;3139398
180034107;10;ELN;SIDDIQZ;19:00:37;2026-06-18;9150197601;1001;1722;171A;6390;EA;6390;H' 26 WINSTON SET US RTL COSTCO;4500016214;10;101;C;C;C;C;C;C;C;C;1722;EL;2026-06-18;DAP;CHIUA;2026-06-22 00:00:00;99999999;1003563;2026-06-18;2026-06-18;3146579
180034108;10;ELN;SIDDIQZ;19:00:38;2026-06-18;9150197601;1001;1722;171A;7254;EA;7254;H' 26 WINSTON SET US RTL COSTCO;4500016214;10;101;C;C;C;C;C;C;C;C;1722;EL;2026-06-18;DAP;CHIUA;2026-06-22 00:00:00;99999999;1003563;2026-06-18;2026-06-18;3146627
180034109;10;ZELN;SAP_WFRT;19:25:05;2026-06-18;9050141501;5002;1712;171A;3624;EA;3624;H '26 NIGHT LOTION 1.7OZ US;4500015808;30;109;A;C;C;C;C;C;C;A;1712;ZEL;2026-06-29;EXW;SAP_WFRT;2026-06-18 00:00:00;556378795;1005413;2026-06-09;;1476
180034110;10;ELN;SAP_WFRT;20:00:03;2026-06-18;9150197601;1001;1721;171A;1800;EA;1800;H' 26 WINSTON SET US RTL COSTCO;4500016213;10;101;C;C;C;C;C;C;C;C;1721;EL;2026-06-17;DAP;CHIUA;2026-06-22 00:00:00;99999999;1003563;2026-06-18;2026-06-18;3146478
180034111;10;ELN;SAP_WFRT;20:00:03;2026-06-18;9150197601;1001;1721;171A;3240;EA;3240;H' 26 WINSTON SET US RTL COSTCO;4500016213;10;101;C;C;C;C;C;C;C;C;1721;EL;2026-06-17;DAP;CHIUA;2026-06-22 00:00:00;99999999;1003563;2026-06-18;2026-06-18;3146478
180034112;10;ELN;SIDDIQZ;20:00:49;2026-06-18;9150197601;1001;1721;171A;3600;EA;3600;H' 26 WINSTON SET US RTL COSTCO;4500016213;10;101;C;C;C;C;C;C;C;C;1721;EL;2026-06-17;DAP;CHIUA;2026-06-22 00:00:00;99999999;1003563;2026-06-18;2026-06-18;3146478
180034115;10;ELN;SAP_WFRT;03:56:57;2026-06-19;9150240301;6002;7815;178A;4480;EA;4480;L '26 POWDERSS 2.6OZ 2PK+0.5OZ COSTCO V2;4500016747;10;101;C;C;C;C;C;C;C;C;7815;EL;2026-06-17;DAP;SAP_WFRT;2026-06-19 00:00:00;99999999;1003563;2026-06-18;2026-06-18;3148106
180034116;10;ELN;SAP_WFRT;04:06:43;2026-06-19;9150197601;1001;1722;171A;5760;EA;5760;H' 26 WINSTON SET US RTL COSTCO;4500016214;10;101;C;C;C;C;C;C;C;C;1722;EL;2026-06-18;DAP;CHIUA;2026-06-22 00:00:00;99999999;1003563;2026-06-19;2026-06-19;3146626
180034117;10;ELN;SAP_WFRT;04:06:44;2026-06-19;9150197601;1001;1722;171A;360;EA;360;H' 26 WINSTON SET US RTL COSTCO;4500016214;10;101;C;C;C;C;C;C;C;C;1722;EL;2026-06-18;DAP;SAP_WFRT;2026-06-19 00:00:00;99999999;1003563;2026-06-19;2026-06-19;3146626
180034118;10;ELN;SAP_WFRT;04:24:01;2026-06-19;9150197601;1001;1722;171A;6480;EA;6480;H' 26 WINSTON SET US RTL COSTCO;4500016214;10;101;C;C;C;C;C;C;C;C;1722;EL;2026-06-18;DAP;CHIUA;2026-06-22 00:00:00;99999999;1003563;2026-06-19;2026-06-19;3146621
180034119;10;ELN;SIDDIQZ;05:00:11;2026-06-19;9150197601;1001;1722;171A;2160;EA;2160;H' 26 WINSTON SET US RTL COSTCO;4500016214;10;101;C;C;C;C;C;C;C;C;1722;EL;2026-06-19;DAP;SIDDIQZ;2026-06-19 00:00:00;99999999;1003563;2026-06-19;2026-06-19;3146626
180034121;10;ELN;SAP_WFRT;12:39:03;2026-06-19;9150240301;6002;7815;178A;840;EA;840;L '26 POWDERSS 2.6OZ 2PK+0.5OZ COSTCO V2;4500016747;10;101;C;C;C;C;C;C;C;C;7815;EL;2026-06-18;DAP;SAP_WFRT;2026-06-19 00:00:00;99999999;1003563;2026-06-19;2026-06-19;3148107
180034123;10;ELN;SAP_WFRT;18:47:17;2026-06-19;9150197601;1001;1722;171A;363;EA;363;H' 26 WINSTON SET US RTL COSTCO;4500016214;10;101;C;C;C;C;C;C;C;C;1722;EL;2026-06-18;DAP;SAP_WFRT;2026-06-19 00:00:00;99999999;1003563;2026-06-19;2026-06-19;3146625
180034124;10;ELN;SAP_WFRT;18:58:42;2026-06-19;9150197601;1001;1722;171A;1119;EA;1119;H' 26 WINSTON SET US RTL COSTCO;4500016214;10;101;C;C;C;C;C;C;C;C;1722;EL;2026-06-18;DAP;CHIUA;2026-06-22 00:00:00;99999999;1003563;2026-06-19;2026-06-19;3146622
180034125;10;ELN;SAP_WFRT;18:58:43;2026-06-19;9150197601;1001;1722;171A;1761;EA;1761;H' 26 WINSTON SET US RTL COSTCO;4500016214;10;101;C;C;C;C;C;C;C;C;1722;EL;2026-06-18;DAP;CHIUA;2026-06-22 00:00:00;99999999;1003563;2026-06-19;2026-06-19;3146622
180034126;10;ELN;SAP_WFRT;18:58:44;2026-06-19;9150197601;1001;1722;171A;3150;EA;3150;H' 26 WINSTON SET US RTL COSTCO;4500016214;10;101;C;C;C;C;C;C;C;C;1722;EL;2026-06-18;DAP;CHIUA;2026-06-22 00:00:00;99999999;1003563;2026-06-19;2026-06-19;3146622
180034127;10;ELN;SIDDIQZ;19:00:44;2026-06-19;9150197601;1001;1722;171A;3687;EA;3687;H' 26 WINSTON SET US RTL COSTCO;4500016214;10;101;C;C;C;C;C;C;C;C;1722;EL;2026-06-19;DAP;CHIUA;2026-06-22 00:00:00;99999999;1003563;2026-06-19;2026-06-19;3146625
180034128;10;ELN;SIDDIQZ;19:00:44;2026-06-19;9150197601;1001;1722;171A;3870;EA;3870;H' 26 WINSTON SET US RTL COSTCO;4500016214;10;101;C;C;C;C;C;C;C;C;1722;EL;2026-06-19;DAP;CHIUA;2026-06-22 00:00:00;99999999;1003563;2026-06-19;2026-06-19;3146625
180034129;10;ELN;SIDDIQZ;19:00:44;2026-06-19;9150197601;1001;1722;171A;3690;EA;3690;H' 26 WINSTON SET US RTL COSTCO;4500016214;10;101;C;C;C;C;C;C;C;C;1722;EL;2026-06-19;DAP;CHIUA;2026-06-22 00:00:00;99999999;1003563;2026-06-19;2026-06-19;3146622
180034130;10;ELN;SAP_WFRT;19:53:37;2026-06-19;9150197601;1001;1721;171A;2160;EA;2160;H' 26 WINSTON SET US RTL COSTCO;4500016213;10;101;C;C;C;C;C;C;C;C;1721;EL;2026-06-18;DAP;CHIUA;2026-06-22 00:00:00;99999999;1003563;2026-06-19;2026-06-19;3125796
180034131;10;ELN;SAP_WFRT;19:53:38;2026-06-19;9150197601;1001;1721;171A;3240;EA;3240;H' 26 WINSTON SET US RTL COSTCO;4500016213;10;101;C;C;C;C;C;C;C;C;1721;EL;2026-06-18;DAP;CHIUA;2026-06-22 00:00:00;99999999;1003563;2026-06-19;2026-06-19;3125796
180034132;10;ELN;SIDDIQZ;20:00:16;2026-06-19;9150197601;1001;1721;171A;2160;EA;2160;H' 26 WINSTON SET US RTL COSTCO;4500016213;10;101;C;C;C;C;C;C;C;C;1721;EL;2026-06-18;DAP;CHIUA;2026-06-22 00:00:00;99999999;1003563;2026-06-19;2026-06-19;3125796
180034134;10;ELN;BATCH_USER;21:42:22;2026-06-19;9050110801;1005;7101;171A;5040;EA;5040;F '26 TRAVEL RAZOR PACK US;4500017603;10;101;A;C;C;C;C;C;C;A;7101;EL;2026-06-19;;;00:00:00;;1012389;2026-06-19;;0080200884
180034135;10;ELN;SAP_WFRT;04:23:17;2026-06-20;9150197601;1001;1722;171A;720;EA;720;H' 26 WINSTON SET US RTL COSTCO;4500016214;10;101;C;C;C;C;C;C;C;C;1722;EL;2026-06-19;DAP;SAP_WFRT;2026-06-20 00:00:00;99999999;1003563;2026-06-20;2026-06-20;3146630
180034136;10;ELN;SAP_WFRT;04:37:40;2026-06-20;9150197601;1001;1722;171A;2250;EA;2250;H' 26 WINSTON SET US RTL COSTCO;4500016214;10;101;C;C;C;C;C;C;C;C;1722;EL;2026-06-19;DAP;CHIUA;2026-06-22 00:00:00;99999999;1003563;2026-06-20;2026-06-20;3146624
180034137;10;ELN;SAP_WFRT;04:37:41;2026-06-20;9150197601;1001;1722;171A;1887;EA;1887;H' 26 WINSTON SET US RTL COSTCO;4500016214;10;101;C;C;C;C;C;C;C;C;1722;EL;2026-06-19;DAP;CHIUA;2026-06-22 00:00:00;99999999;1003563;2026-06-20;2026-06-19;3146624
180034138;10;ELN;SIDDIQZ;05:00:12;2026-06-20;9150197601;1001;1722;171A;720;EA;720;H' 26 WINSTON SET US RTL COSTCO;4500016214;10;101;C;C;C;C;C;C;C;C;1722;EL;2026-06-20;DAP;CHIUA;2026-06-22 00:00:00;99999999;1003563;2026-06-20;2026-06-19;3146630
180034139;10;ELN;SIDDIQZ;05:00:12;2026-06-20;9150197601;1001;1722;171A;4680;EA;4680;H' 26 WINSTON SET US RTL COSTCO;4500016214;10;101;C;C;C;C;C;C;C;C;1722;EL;2026-06-20;DAP;CHIUA;2026-06-22 00:00:00;99999999;1003563;2026-06-20;2026-06-19;3146630
180034140;10;ELN;SIDDIQZ;05:00:12;2026-06-20;9150197601;1001;1722;171A;903;EA;903;H' 26 WINSTON SET US RTL COSTCO;4500016214;10;101;C;C;C;C;C;C;C;C;1722;EL;2026-06-20;DAP;CHIUA;2026-06-22 00:00:00;99999999;1003563;2026-06-20;2026-06-19;3146624
180034141;10;ZELN;SAP_WFRT;02:05:05;2026-06-22;9050076702;1007;7101;171A;17280;EA;17280;F' ND DERMAPLANE RETAIL HANDLE, US;4500016788;10;109;A;C;C;C;C;C;C;A;7101;ZEL;2026-08-16;EXW;SAP_WFRT;2026-06-22 00:00:00;SZCHI5436699;1010267;2026-06-18;;79
180034142;10;ZELN;THIENEA;12:52:05;2026-06-22;6360050001;1;1787;178A;1566000;EA;1566000;PACK_FG;4500017399;10;109;C;C;C;C;C;C;C;C;1787;ZEL;2026-06-22;;THIENEA;2026-06-22 00:00:00;;1010320;2026-06-22;2026-06-22;
180034143;10;ZELN;CHIUA;13:23:19;2026-06-22;6350075501;1;7815;178A;45000;EA;45000;STICKER, LUME SOFT POWDER, SCRATCH+SNIFF;4500017398;10;109;C;C;C;C;C;C;C;C;7815;ZEL;2026-06-18;EXW;CHIUA;2026-06-22 00:00:00;;1013496;2026-06-18;2026-06-18;
180034144;10;ZELN;SAP_WFRT;14:05:05;2026-06-22;9050013404;1001;1714;171A;288000;EA;288000;4CT BLADE PACK - G2++;4500016832;10;109;A;C;C;C;C;C;C;A;1714;ZEL;2026-06-21;EXW;SAP_WFRT;2026-06-22 00:00:00;CHI5399440;1000026;2026-06-22;;0049017222
180034145;10;ZELN;SAP_WFRT;14:05:11;2026-06-22;9200001301;1001;1714;171A;50000;EA;50000;F '23 PUBIC SINGLE BLADES W/ COVER G2++;4500017572;10;109;A;C;C;C;C;C;C;A;1714;ZEL;2026-06-21;EXW;SAP_WFRT;2026-06-22 00:00:00;CHI5399440;1000026;2026-06-22;;0049017217
180034146;10;ZELN;SAP_WFRT;14:05:17;2026-06-22;9050013402;1001;1714;171A;120000;EA;120000;2CT BLADE PACK - G2++;4500016833;10;109;A;C;C;C;C;C;C;A;1714;ZEL;2026-06-21;EXW;SAP_WFRT;2026-06-22 00:00:00;CHI5399440;1000026;2026-06-22;;0049017219
180034147;10;ZELN;SAP_WFRT;14:05:23;2026-06-22;9050013404;1001;1711;171A;270000;EA;270000;4CT BLADE PACK - G2++;4500016876;10;109;A;C;C;C;C;C;C;A;1711;ZEL;2026-06-21;EXW;SAP_WFRT;2026-06-22 00:00:00;NYC5399433;1000026;2026-06-22;;0049017215
180034148;10;ZELN;SAP_WFRT;14:05:28;2026-06-22;9200001401;1001;1714;171A;9000;EA;9000;F '23 PUBIC CARTRIDGES G2++ 4CT US;4500016842;10;109;A;C;C;C;C;C;C;A;1714;ZEL;2026-06-21;EXW;SAP_WFRT;2026-06-22 00:00:00;CHI5399440;1000026;2026-06-22;;0049017218
180034149;10;ZELN;SAP_WFRT;14:05:34;2026-06-22;9200002301;1001;1714;171A;75000;EA;75000;H '24 G3 PLUS CARTRIDGE W/ PROT CAP;4500016850;10;109;A;C;C;C;C;C;C;A;1714;ZEL;2026-06-21;EXW;SAP_WFRT;2026-06-22 00:00:00;CHI5399440;1000026;2026-06-22;;0049017221
180034150;10;ZELN;SAP_WFRT;14:05:39;2026-06-22;9050116404;1001;1711;171A;37800;EA;37800;H '25 G3 PLUS CARTRIDGE DISPENSER 4CT;4500016855;10;109;A;C;C;C;C;C;C;A;1711;ZEL;2026-06-21;EXW;SAP_WFRT;2026-06-22 00:00:00;NYC5399433;1000026;2026-06-22;;0049017216
180034151;10;ZELN;SAP_WFRT;14:05:45;2026-06-22;9050116404;1001;1714;171A;176400;EA;176400;H '25 G3 PLUS CARTRIDGE DISPENSER 4CT;4500016852;10;109;A;C;C;C;C;C;C;A;1714;ZEL;2026-06-21;EXW;SAP_WFRT;2026-06-22 00:00:00;CHI5399440;1000026;2026-06-22;;0049017223
180034153;10;ZELN;PUSHIEK;14:54:57;2026-06-22;9050141501;5002;1711;171A;8844;EA;8844;H '26 NIGHT LOTION 1.7OZ US;4500015808;20;109;A;C;C;C;C;C;C;A;1711;ZEL;2026-06-11;EXW;PUSHIEK;2026-06-22 00:00:00;556702864;1005413;2026-06-22;;
